"Labelfine","nnd_pc1","nnd_pc2","nnd_pc3","nnd_pc4","vrn_pc1","vrn_pc2","vrn_pc3","vrn_pc4","r3d_pc1","r3d_pc2","r3d_pc3","r3d_pc4","skel_avbr_pc1","skel_avbr_pc2","skel_avbr_pc3","skel_avbr_pc4","skel_br_pc1","skel_br_pc2","skel_br_pc3","skel_br_pc4","skel_mxbr_pc1","skel_mxbr_pc2","skel_mxbr_pc3","skel_mxbr_pc4","Ni.Vol.Corrected","Temp","hrs","condAve"
"WH01A/1100-5-20Ni-A0008.tiff",-16.143758738432,-33.781423407289,43.1860178357043,3.70873275490104,-0.122588571471418,-2.29933540224991,3.28342819296967,2.06211953371484,0.602800178841266,13.1796091802022,-2.07352884508357,-5.1253324643842,19.595192608601,7.00253847458027,-5.90799380091654,-4.52224494920334,1.63605713988614,1.47666424221928,-0.885103121250563,0.707148664883596,19.3948515116539,2.04963921455342,5.55197715790926,-2.54966242449751,0.28,1100,5,0.849702901242218
"WH01A/1100-5-20Ni-A0010.tiff",-21.0996314790109,-19.6506843502854,24.3164338400496,2.37347708138841,6.20819319875981,1.48526659960947,2.57304544192586,1.85298950181026,3.13827898779792,12.9642305108371,-1.88614822944258,-6.46390524863443,17.8722499853045,0.476974819997598,-4.71120922444011,-1.70956742561045,5.25043692175934,-0.0207747267163982,-2.51741888767767,-0.950810739721192,16.7475317508155,-2.11798242742967,2.78539370828714,-0.236326043286448,0.28,1100,5,0.849702901242218
"WH01A/1100-5-20Ni-A0012.tiff",-19.5293909779905,-23.9093299124447,26.9459435030118,1.07837742960606,8.07317712516571,1.20069277721938,-1.19321607359184,0.0221581961002844,1.28673748235775,13.6316746584099,-2.11016339163433,-6.1262721161159,19.8520094440299,8.65402627700442,-2.26695522884996,-1.23825223285495,2.52746134531191,0.625500007763935,-0.33810504532576,-0.0245313549095205,19.8579352935409,3.90695188434367,2.59977845747867,0.703757308681764,0.28,1100,5,0.849702901242218
"WH02B/1000-5-28B0002.tiff",9.33263637714709,-15.9162166318389,6.80568334031228,-3.65666984728477,-37.8887754123576,1.52990566298238,9.81674389304236,-1.25351454917778,-14.8001169104702,-0.204508533451762,-3.83029135190717,-5.35551890234655,-0.809009950196882,5.66841376542309,8.77591403532768,5.91765080638343,-16.939495349892,4.86947733422926,2.05813909452976,5.41210287259026,-1.26853035546177,8.25380954531328,-6.9179228920201,7.62953947745808,0.24,1100,5,1.27116144937479
"WH02B/1000-5-28B0004.tiff",9.27114790266655,-15.7754959986566,11.9615858890309,-4.07938336044154,-85.3120052118246,47.4351560362642,-7.12936424723681,-19.4488415030851,-17.5858942199847,3.23622867411813,-4.52635404077686,-2.83471605241009,2.43779488300468,1.55697658511254,8.40777950924354,8.89811012150706,-9.43745516349409,6.21542235605238,0.680781503133544,5.46277292192473,-1.73730853832772,12.8260805254571,8.20244664353757,10.0224406116303,0.24,1100,5,1.27116144937479
"WH02B/1000-5-28B0006.tiff",12.1678342731335,-4.64209863646243,-4.29473874781,-3.76297671055411,-18.8408041372966,-9.05099461715889,7.48875749829985,0.780004869875615,-11.5878897365329,0.105395206858956,-3.21273859476486,-6.38987492675731,3.85212702103496,-2.15864854259189,3.25682848757881,3.47993070476324,-23.7045473244845,4.59256892495482,0.127000501273372,8.00406860397664,-1.85929175639951,6.59090421411142,1.91712652464977,5.01217773263029,0.24,1100,5,1.27116144937479
"WH02C/1100-5-28C0004.tiff",16.9975586019621,-1.67419651062302,-2.45185395463521,-9.68800463304073,-15.9602588451439,-13.4741646274602,5.37566656439271,4.38179252373441,-16.8412263989812,-4.65361352369579,-3.72583278366551,-5.52391625498737,-2.79572087291456,1.57926852352909,11.388001823075,6.74105556514278,-25.6861439701339,0.796226274656405,0.247484500692623,9.21672222762947,-8.30605173767741,13.1654844721039,-0.770943985488891,8.73997079345587,0.24,1100,5,0.630650816532714
"WH03A/1100-5-35Ni-A0010.tiff",-17.8657259105458,-18.6200406419349,13.8050295824643,-2.40093221532902,4.27418451281117,-0.820222779370553,1.15702556992754,1.64254799760641,0.401974653323731,19.4681899962096,-2.71967459260454,-9.41034912523791,21.3578286906806,10.4401134862789,-5.9663674758093,-2.7778255809622,2.55433049138779,-0.617806228947378,3.26539201167013,-0.0605268496892288,25.3130320637692,3.97910825399442,4.41014671948691,-3.37016158019492,0.35,1100,5,4.60387974082176
"WH03A/1100-5-35Ni-A0012.tiff",-29.6383620721563,-46.2158142576891,47.7056472579612,3.47248341745707,11.481994079198,6.64785178644962,3.93387499936695,1.65685065818843,2.53927324034222,19.0079144410829,-1.32125998596846,1.10733372033456,23.5372280113559,3.99517396682441,-4.02946517098579,0.205498537546735,4.83463647006522,-0.90542874083398,3.24852571714205,-5.90666320889151,22.3161588786601,1.9623028807485,2.251301176369,3.31475525588171,0.35,1100,5,4.60387974082176
"WH03B/1100-5-35B0002.tiff",0.997309306538427,-17.3959615966566,10.4266108287919,-2.80360650164092,-6.62551797515599,-3.33009153663958,4.57750275690222,0.831498127114319,-16.3631069684736,18.8313948986208,-3.63060668492652,10.295095762731,11.4352957306199,6.80377423365555,-5.27343440649593,6.67416653617897,-27.547717417829,-3.77012456425192,23.3009748012253,3.65525847789258,13.8133445193688,7.26461686022163,13.3871278128386,3.8318213705609,0.35,1100,5,2.99542304124661
"WH03B/1100-5-35B0004.tiff",-0.33765727401191,-18.126324943906,6.95494723992734,-2.02282915212311,-9.36369981737311,-2.9720732621386,4.53858291533504,-1.08514422639012,-13.2154213021896,15.5373389868037,-3.70590027734766,-0.147299005847719,14.717650942521,11.8277097825121,13.3016420151047,11.7384542618227,-10.2347308905163,0.976028785970029,11.6738539587587,4.2737859719744,13.9831064062941,16.2677030269045,1.41870194768157,14.5107493337754,0.35,1100,5,2.99542304124661
"WH03C/1100-5-35C0002.tiff",-4.66927226351587,-10.6203619564296,6.3960979786076,-2.35977469946731,-52.3249374837927,39.8347102752523,-11.3445943081957,-6.15930024657506,-6.34486985091532,13.2186159023457,-3.11877170782037,-2.86934713167968,8.18042905413446,-3.87888206919752,0.718918086433387,1.83084468268192,-20.7074036459862,0.129501243933533,14.1957681739261,7.97745294909507,5.55841013059922,1.30011856627657,8.72351456811322,2.91211251279009,0.35,1100,5,2.12349376199864
"WH04B/1000-5-20Ni-B0008.tiff",-7.60492578975962,-11.6470830537445,7.01457556518814,-3.05505823444353,5.63488028352891,-2.43024019801429,-4.37863949501688,-0.858488232787363,-4.16508048862103,5.23047155101675,-2.50659023265807,-5.80024690371861,8.91335927428828,2.33830737492912,2.46202431137463,3.02929680526055,-0.801167392489441,1.7898585843284,0.752449364108022,1.899789844504,7.63545276604096,7.13980032999563,2.3399951453839,4.88066270792414,0.28,1000,5,-1.53318447344118
"WH04B/1000-5-20Ni-B0010.tiff",-10.5875724011728,-6.51235264950828,7.13963259619806,-1.78403161190584,8.0714340191934,-0.0903138824646308,-3.52460440239814,-0.670106164139716,-0.709780620418487,11.9936152274139,-2.41013569508077,-10.5720402218993,18.0371885289529,4.71844857536194,0.568627590849837,1.87695618833763,0.398311467440247,1.66109365087054,0.897102629823534,1.81736092521524,19.0137241760974,3.09679996520557,-0.300251143163691,3.73541920176624,0.28,1000,5,-1.53318447344118
"WH04B/1000-5-20Ni-B0012.tiff",-4.85534051163547,-4.09671321061074,7.58374612840735,-2.08429520792628,6.52114833389947,-0.757531540261075,-2.36613492609416,-0.0935604924793063,-10.6821215048072,6.14160652977723,-3.65966338998246,-8.93778962846795,7.89002149423538,8.70291706702028,5.63661327313454,7.07901928995535,-4.073578835672,3.55001555011845,0.73879139967343,3.06612266816985,7.98354673539768,11.3421230246896,-2.81479918394509,8.0383608712506,0.28,1000,5,-1.53318447344118
"WH05B/1000-5-28Ni-B0008.tiff",-12.7344848731768,-6.79838029438369,8.11802202141023,-0.457014546760752,6.52422573382808,-0.494252237121954,-1.57976751389096,0.414766511291515,3.58674584333632,10.6881760819013,-1.5378126062747,-5.05362149255877,8.57497226399341,3.13044128585074,-9.43968911477553,12.8599401015666,0.995791041827866,1.61200786678792,-0.562312136526723,0.131131197756272,11.816635309555,-3.11065761752822,4.75760043046967,7.2425903536249,0.24,1000,5,-1.57842633588328
"WH05B/1000-5-28Ni-B0010.tiff",-11.9979124390949,-10.3331259515714,14.5309136633597,0.0292112058086906,6.37489834184755,-0.948095445112737,-3.21066433236914,-1.07978982388753,-0.998267943371634,9.99097692700536,-2.45206419217311,-9.2330219351828,12.8167546919285,-1.49447822276841,-2.29652105111156,0.922493165727245,2.2498573270079,0.637021476200215,-0.18745469614474,0.788578801984702,13.2780843423221,-1.28167771450609,2.66800547971363,1.77177275069252,0.24,1000,5,-1.57842633588328
"WH05B/1000-5-28Ni-B0012.tiff",-9.03849647153264,-9.26157332350731,11.5457336044742,0.32267327871761,5.49155180039559,-2.68961714788664,-3.91925936364359,-0.0409391824467464,-8.00491784182637,7.4320465243911,-3.40218193959649,-10.6569858510632,13.27833753225,8.99074030943117,5.58553964725665,3.45009865924573,-2.06325950042466,2.94350785496881,0.611421049769206,2.84224673326416,12.6752141026469,9.72600151558373,-6.33117573662663,6.57172585346932,0.24,1000,5,-1.57842633588328
"WH06A/1000-5-35A0002.tiff",-5.88651968413342,-19.6151191365038,15.2500522035408,-2.09149821191043,3.07871894978034,-4.15825595187603,-3.61529580753649,-0.139830891130097,-11.8423890356874,13.1266638160889,-4.34228926078228,-5.42121223767027,17.2320020105802,6.89904959584075,3.10672123143136,3.55364025457998,-10.0854533473546,2.15351000686779,8.65956423084922,5.06419549701776,16.9356035167804,7.76646463559673,1.8788504464239,4.91289827074528,0.35,1000,5,0.194056869526263
"WH06A/1000-5-35A0004.tiff",-1.14939931226609,-6.40389506562772,8.21834300571796,-0.0357657539597889,5.34795153812331,-3.84355674995765,-6.06474498199566,-0.909746238321648,-12.8331309160715,8.36179863939329,-4.17576945263133,-6.0735845295635,12.6069318261641,7.70451660893204,2.92482884647294,1.85082008269854,-4.83790785702913,2.89600982150424,4.06954138412457,3.70314099648199,12.5059581186971,10.0847156636723,0.155568826884682,2.55469453758393,0.35,1000,5,0.194056869526263
"WH06B/1000-5-35Ni-B0008.tiff",-1.82163597848347,-5.02784795068768,0.367238907769292,-5.43264197666918,7.58525160458314,-1.49261313775108,-6.22598735676615,-2.34736100900426,-14.8416353795315,9.7606199642554,-4.54789414340672,-6.60407619885134,12.1817400479835,5.10500578176234,1.94028488024062,1.1501866703763,-4.69539095571288,3.66319213964401,1.35508303023067,3.21338448925499,10.2128023090971,11.7605473977147,8.05114729703031,2.22963558143707,0.35,1000,5,0.261977132618549
"WH06B/1000-5-35Ni-B0010.tiff",-8.33517301466699,-5.9674312543834,4.7243219620908,-2.63072439950754,6.21937200908198,-1.91290595984104,-3.88918081058594,-0.392865689107456,-6.15990702426575,12.7017258006231,-3.24072904275605,-10.0097898888592,1.43904214644453,25.251212465456,-33.2606190121264,42.8509474076147,-2.88408767942513,2.12982641008494,3.26885157752398,3.73113050418733,12.3660371588688,13.0623138106068,2.74895273458078,8.10939255456489,0.35,1000,5,0.261977132618549
"WH06C/1000-5-35C0002.tiff",5.82679600180409,-3.13503778542681,-5.17575822808985,-6.27732287270472,-2.60688620931297,-8.49813454625991,-1.11235541850877,3.09370745183063,-26.6089300028807,4.23999601500978,-5.88268122036842,-0.220535931745606,-0.470590439357105,-2.85070617168415,2.40207529040974,2.26195412840735,-29.1316049421871,-0.0555058429615398,3.89733769795768,7.68092102604011,-6.02603930060198,11.6915101038638,6.31808204896893,3.01095984121003,0.35,1000,5,-0.357573407436209
"WH06C/1000-5-35C0006.tiff",6.97047994396637,-5.8937349475594,-7.88938727991362,-6.13851027980076,-0.000798507452872244,-5.68253598601401,-1.49055335742113,1.22637511851319,-20.0982708425534,7.2088531713253,-4.68377755534264,0.476666094044707,-2.63062921223163,-0.431720619475068,4.24426126518389,4.14583430989066,-17.1325484694109,6.20833536885031,8.39109923258032,4.12005309147215,-5.76686719122386,7.91328254591632,7.48276243603299,4.93201167033764,0.35,1000,5,-0.357573407436209
"WH08A/900-5-5A0004.tiff",2.8230869849787,12.5972263607735,0.982723312888307,3.08985733446506,-21.5865954383865,-16.165760814667,6.89895945823191,4.36431154760891,18.9363251925514,-0.143266759968683,1.87178481016595,10.1337411537957,7.9531020851579,-12.3930756697629,-6.70955497221995,-1.12417000049152,14.0657616925284,-5.82384842300207,-2.29710276278691,-2.86278784038545,7.04217101998013,-21.2766969918002,9.01611207620989,-0.430924547862421,0.05,900,5,-1.88120392666788
"WH08B/900-5-5B0002.tiff",7.35859356551469,11.9369289394003,2.53836463481303,0.0874553868647573,-31.4946173774864,0.448991473482582,-10.7586635755897,24.6901147026081,18.3347577818599,-2.86639741397971,1.90549320185705,10.1768228015656,1.97515051081026,-10.1960242442617,-6.25802581577952,-4.80929347381534,14.2011655081596,-5.65209011670323,-3.25074041859179,-3.52782996791085,1.8666050659446,-17.4987419654716,4.89385273436245,-3.74885668063709,0.05,900,5,-2.2562485746483
"WH08B/900-5-5B0004.tiff",9.96255200770707,9.18906438420995,5.06419886532193,-0.796791028756956,-41.1049770038988,-10.271806100129,15.0987893370852,-2.471702344036,18.0252838635637,-2.13320518511694,1.92474534036445,10.3871829155014,4.97396056008036,-9.93951702573982,-5.90201183202333,-2.46489681820561,13.0834830450573,-5.66294370071144,-1.96109255299129,-2.57435925747726,5.15513240923093,-18.5334362718637,6.99427059549627,-1.91031034899562,0.05,900,5,-2.2562485746483
"WH09A/900-5-10A0002.tiff",6.4118663438962,12.277476209063,5.67036185039702,2.29546546234278,-1.39362272774829,-10.2520961209465,-6.71994600148441,0.54237254834392,14.5765043808174,-12.4342817726119,1.74888668919339,7.74852130647788,-4.05450746087567,-7.43467557845491,-2.37742131942032,-1.23316496803216,12.4415187685958,-4.78131090382216,-1.86844321741349,-1.91380158124577,-2.09323787680301,-15.4893234280877,1.68384541742958,-0.399432007216978,0.1,900,5,-2.33282965341399
"WH09A/900-5-10A0006.tiff",1.21073713771889,10.2914719607778,4.25106126558117,3.47202393878779,-3.95437181719511,-11.191602856582,-4.19794016235637,2.09916258867404,16.4745026510962,-9.32840708238233,1.95182025221286,9.4521782373761,-4.77931097200761,-5.88624452144564,-1.66032239723547,0.596139549153958,12.0201978629192,-4.17065933744275,-3.30275607110811,-2.5713557667865,-2.60626198168175,-14.5298494178537,0.0916680393802372,2.82140509581831,0.1,900,5,-2.33282965341399
"WH09B/900-5-10B0002.tiff",0.56376734763526,12.7478135904812,2.58362023615351,4.04455069819544,-3.18261546574805,-10.9625778129752,-4.87174839383285,1.78710809286379,14.3167190915169,-7.92117892923753,1.33739979800844,6.1187630752708,0.0439484724478314,-11.8903475806988,0.398808191505204,0.395761714556452,8.34533717602721,-0.575759076676048,-5.65807339422561,-2.9553688785451,-2.90587043039205,-15.3699950043847,-2.69636951030119,2.39096755548223,0.1,900,5,-2.5270689045559
"WH09B/900-5-10B0004.tiff",-6.21940878428407,5.80568008604422,5.37925548411588,4.05244644195356,-0.827101536044317,-8.4839422273738,-4.79129192416032,0.730342048988073,15.3702087958505,-4.16985815012911,1.3827738454746,7.56385819772196,4.95313667857341,-13.4406729835871,-5.69191676358412,-1.67852531901401,11.9013404457374,-4.22547665432481,-4.16438233317266,-2.83512069129958,3.37423575954456,-18.4260330935281,5.2821431627304,-1.05619850240614,0.1,900,5,-2.5270689045559
"WH09B/900-5-10B0006.tiff",-1.93268132755263,11.4884639041279,2.23920883907248,4.23948742767129,-9.67267775200579,-0.0996472763497165,-8.30152501461508,-9.05578979826925,14.8622417937719,-8.33372309212177,1.43407234533896,6.33664939162183,-1.0457444082108,-9.56381417105157,-0.709072587088319,-0.98545543771375,11.7800030294102,-3.34340355501565,-5.33962191992932,-3.42085705845435,-2.06814344287378,-14.2689773978563,-1.87385681977326,1.47510514777394,0.1,900,5,-2.5270689045559
"WH09C/900-5-10C0004.tiff",2.73893469725192,13.608461345533,7.74704058382399,7.15988253390705,-5.29044551804536,-10.6020932857881,-4.28444532833258,0.152675896977097,17.9447676187413,-9.6828161122934,2.30733058733882,11.7990319622989,2.2905869783311,-14.7179163857303,-5.23762455360367,-2.04528334918385,11.8434769989215,-3.3249678023372,-4.62414443209141,-3.16692543367278,0.509039026288455,-20.3734824868206,5.28598717931702,-1.35139903352086,0.1,900,5,-2.50284625454888
"WH09D/900-5-10D0004.tiff",-1.17137288406742,5.98041838910436,16.3221299582846,7.521701301838,-4.85398168906242,-10.347829537959,-4.5268445442176,0.683369914477538,18.4539322080915,-4.10051004888997,2.03871944563281,10.8895787444293,5.76801890644835,-12.0337094218658,-5.34554146501426,-1.75434133584545,14.3601818591325,-6.0456655375832,-1.04640912828814,-1.44017528019107,5.06344732069771,-17.9924351865147,5.87025988187346,-1.57125697841387,0.1,900,5,-2.65588303115515
"WH09D/900-5-10D0006.tiff",-0.0665151232203014,10.8804454284768,3.16551700359681,3.37779015674233,-2.98621319517115,-11.6923232016567,-6.37342540424743,1.44233235134609,16.3460541631317,-5.22780580166357,1.67659122368433,8.40643917576329,3.93684320651848,-10.7052808127615,-3.8009855899073,-2.13058639879131,11.7442602045164,-4.26232177071538,-1.69743134826071,-1.95866688497042,3.7166450089459,-17.7374669054736,4.23327585738418,-1.62170575000642,0.1,900,5,-2.65588303115515
"WH10A/900-5-20A0004.tiff",-5.55407841908215,9.84049415436554,2.20675557075365,4.9235195769695,13.3982701169116,6.94979032983568,0.100472961431286,-1.52224021338253,6.34553785307476,-4.52430825312753,-0.016904260612264,-0.198815222684257,2.05140400291545,-8.61930923628569,-0.86613588602737,-1.08578539907454,0.274270723098101,2.54956360343528,-2.23638565953598,0.296854891057563,0.357735099729258,-8.60029558400706,-1.21505330990071,-0.0847981520563303,0.28,900,5,-2.82868770124376
"WH10A/900-5-20A0008.tiff",-5.98830724165927,9.1537655879239,1.95574768281442,4.61883111757682,13.0719282709065,6.78770224537117,0.554375052343327,-1.04418769959564,7.7994867713252,-9.85578893776384,0.431983276312359,0.430949005260336,-2.4473487118015,-9.67766720139849,2.02761955836058,-0.154074946053566,3.33438846194483,2.46700373327557,-7.6341135872284,-2.11739677122097,-6.58707810203269,-10.2317688400341,-6.81231838367068,2.59131621213302,0.28,900,5,-2.82868770124376
"WH10B/900-5-20B0004.tiff",-1.5171612374641,12.7286943364104,2.55282718681755,5.41436831677988,13.2906338389982,6.61634698544955,-0.439440093436607,-1.75433843053782,8.171660747443,-10.1718679579637,0.488999081320179,0.231999207344376,0.48026582649244,-10.8800853979978,-0.623103472073602,-0.31234312353464,2.57726573551942,2.29482073023203,-6.46259172096851,-0.918147708512015,-3.83565163039119,-10.1259778664864,-4.01019886971291,1.65437890857673,0.28,900,5,-2.93384689388566
"WH10B/900-5-20B0006.tiff",-1.66086837722012,13.3860143276393,2.01848354140056,5.54191562494017,13.9457977935633,6.89960847662445,-1.40100415670887,-2.68083557128992,7.77952715905832,-9.21578090176764,0.467870679029011,0.893223852652835,-0.355957361600414,-14.2056486268509,-0.355552822806299,0.655178412978602,2.44751006775858,3.23300123568788,-7.94896889637513,-1.80602475525993,-4.46323216391043,-14.5622040336221,-0.0956862954599353,2.53101949241827,0.28,900,5,-2.93384689388566
"WH11A/900-5-24A0004.tiff",1.59039318376994,11.5222255244381,1.78371415598846,2.23550373674746,6.00011858310411,-4.06811028283142,-8.1283936816132,-2.32973193684052,9.84549133397989,-8.52457969201773,0.785454148199585,3.80509370211191,3.80541640805874,-11.9424176778744,-1.02198551335007,1.72043598980566,4.09295033775925,1.76549635382617,-7.58057200722765,-2.95742029719986,-0.69535469637804,-12.7770871182061,-1.07004525193933,3.83881555523651,0.2,900,5,-3.58924141664696
"WH11B/900-5-24A0008.tiff",-3.23156401924353,7.19273443375502,6.3686756094415,3.73403381500649,4.35982786508531,-3.97026635324567,-6.20586055680475,-1.82729171389237,8.02211156625104,-3.64073469398605,0.149964283192916,1.23657878618802,5.10518819340288,-3.85794781664015,0.587081620693439,0.455123028831013,11.3430816423855,-5.4061649046607,-0.860873373752153,1.28876792498237,4.69663177017379,-5.76203247131773,1.30601976147403,1.81694272334702,0.2,900,5,-3.41363623441909
"WH11B/900-5-24A0010.tiff",-3.47726530051692,7.66268532034456,6.32105060676129,5.49144454884479,5.30400912389796,-3.76210436232339,-6.25332558766523,-1.39784315712345,9.41606265144406,-6.40626492187462,0.51265293151033,2.1923545564081,0.682607227103805,-6.35290195813886,-1.70823507036821,-0.468006021112484,3.81196052608074,0.910013276902505,-4.02452946456543,-1.40139902655086,0.0951992880432642,-9.87250614916614,0.167277347449557,0.899125867112946,0.2,900,5,-3.41363623441909
"WH11B/900-5-24A0012.tiff",-1.75003659761178,9.65495925554544,3.69879601181596,4.01595914945958,3.78284441094772,-4.9089536153768,-5.80136415957951,-0.74376088436155,7.52451326549383,-4.74635782439503,0.0858391176280543,0.812471747071067,5.69509878301685,-1.92959326526455,2.36457414434982,1.84881289072521,4.35549052280646,0.86282598803556,-3.34643827348672,-1.12767517209227,5.16433136356209,-5.09015567478541,-2.16348635158726,4.25637314393381,0.2,900,5,-3.41363623441909
"WH12A/900-5-28A0008.tiff",-5.33582090747229,7.41400931612673,4.3045900843878,4.18418902417282,11.6598468795543,3.77148455095891,-3.25216905603527,-2.50317374316942,9.22486099813342,-8.02236133724205,0.551702574164967,0.891370273364412,1.77342648497711,-8.90923840669888,-0.836817927606564,-0.861866196649078,5.02563888252985,1.56297040826337,-6.80271787928635,-2.39197107260743,-1.2830883312355,-11.4780193514692,-0.68498234759813,1.11451317323974,0.24,900,5,-3.0485439833088
"WH12A/900-5-28A0010.tiff",-5.95426291519031,9.3954027190105,7.06103959564215,7.4437569410041,13.4688152421869,6.28882182331231,-1.64788422526753,-2.53127942574141,8.70335943478653,-6.04789691119557,0.30112304900298,-0.194374789204499,3.35958751443074,-8.96234996210789,-2.20183345775104,-1.40659721938844,4.98140971609929,1.82679466888459,-7.26338600867679,-2.43730046168368,0.0791019864053357,-9.56721348109815,-1.36852255498904,0.117667410520481,0.24,900,5,-3.0485439833088
"WH12B/900-5-28B0002.tiff",-3.50386395414632,8.78382461831393,5.08555692633206,4.8805962831879,12.8315992674323,5.2583887063635,-2.61656490391271,-2.79448056793787,7.97101010596051,-8.15189265313194,0.383126437788481,0.339953993065746,-1.42550914668874,-7.93851228280345,2.27398141121625,0.571266614148878,3.58850860705421,2.0857039097262,-6.61273310245032,-1.72908996072085,-3.37240241728893,-9.96074898823897,-5.21490777841154,3.22642289889536,0.24,900,5,-2.84646740129856
"WH12B/900-5-28B0004.tiff",-4.65729739394446,14.1189237117929,-0.939518497660943,6.12629348079014,12.7783323473049,5.82050977213455,-1.48495981434018,-2.40755020133083,10.1659319840937,-5.4276074647138,0.58961728341261,1.38102631475994,4.69116738509626,-12.4504342282217,-4.38191557927837,-1.56033371409122,3.79894087677608,2.56248109013698,-7.71775434804742,-2.27718051568489,0.490705773377875,-12.3782216759999,1.02237814448068,-0.699562061008797,0.24,900,5,-2.84646740129856
"WH12B/900-5-28B0006.tiff",-6.10525149460134,8.43307185144053,3.57230487872777,4.71786578025374,13.0179793208179,5.6423066365999,-2.0836720908831,-2.53329535812073,10.1301888205323,-7.94384085682189,0.699734815476059,1.2446113707804,-1.58592427369453,-5.33832012068798,-4.47996909256969,2.11268042685531,6.82523232709836,0.771643899524905,-7.28395789172006,-2.83446659258155,-1.8312994417141,-10.6099346919515,-1.79730455400811,0.622133060327948,0.24,900,5,-2.84646740129856
"WH13B/900-5-35B0002.tiff",-5.76628049111455,-0.652170182014218,5.19046483690719,0.441505737842344,12.1741243015889,5.44397645597974,-0.422744802845347,-1.10099274397583,0.365569452180997,-2.85421754390927,-1.10057669345232,-4.54067064620593,0.335734041466352,-2.69788757645948,1.76420286594089,-0.543303885275868,-3.95428401280383,4.82362780056153,-2.51310114633649,2.31375700849849,-1.78029213907059,1.4262784688923,-4.17857351461956,1.14163517368227,0.35,900,5,1.80547470162654
"WH13B/900-5-35B0004.tiff",1.048939108735,5.78380476384063,8.96476437157536,2.11742303328152,13.0057334512214,6.81012067608849,0.756502174958407,-0.899397679959786,-4.78959611524963,-1.91701225919423,-2.13503317146062,-6.20530334872046,-2.4169249562726,-4.38451627370236,-1.76796087336671,-2.70849421639815,-3.77228394958783,4.18900793281942,-2.14999649519484,1.32988556393686,-3.30113341735926,-1.8160821850755,0.438694546232771,-1.99450911818007,0.35,900,5,1.80547470162654
"WH13B/900-5-35B0006.tiff",-2.86046968714389,1.43587350364572,3.76120693930328,-0.172932729677056,10.5827547124713,2.74671360942336,-2.92445507163336,-1.63007946252363,0.358169455170538,-1.00181952343478,-1.29627082182308,-4.10739025650584,-0.599254940506838,-5.0961363860087,0.180828684306272,1.43117712577255,-3.73012180871132,4.05673752341441,-0.519429212633368,0.321308995081672,-1.43038105189431,-2.66188346506223,-1.72789830282382,2.59969285486882,0.35,900,5,1.80547470162654
"WH13C/900-5-35C0002.tiff",8.05398646798863,5.81032738936297,3.59703078760258,-2.43535401393286,9.62972008295759,1.11883135449126,-4.57438971278071,-2.12041558769881,-8.41861469763716,-7.1298498060321,-2.46733342057955,-10.4604364542768,-4.5046780598004,-3.2109834969424,8.10680213776352,2.99144475699057,-10.3183785189763,7.54504079776618,-4.36988410045042,3.00260052640176,-8.37360725765276,5.25127874879305,-8.45902980276601,4.84467838166009,0.35,900,5,1.57033075860871
"WH13C/900-5-35C0004.tiff",3.90238807086245,9.51275437140716,2.24303365584199,1.24444055799577,10.8020767108003,1.99703630011306,-5.24622789158225,-2.96968930051456,-4.56844266286676,-9.48527622175612,-1.58862596603348,-5.20477449293654,-4.73354589076308,-9.80237859929387,2.98362238302052,-0.377774880072404,-11.6461541233167,7.67545668017747,-3.50977851915275,2.52573408917315,-10.0554568883437,-4.70807102335669,-4.50748590255323,0.461045266733526,0.35,900,5,1.57033075860871
"WH13D/900-5-35D0002.tiff",1.19091248772522,3.23796101105963,4.57734947519735,-0.992083562772805,10.8236688054259,3.099215705389,-2.92652706321093,-1.96529974622631,-8.28501762944456,-7.02646620760317,-2.36410085786738,-6.36703533889598,-11.890322561378,1.29232575786856,5.94108558809235,0.329979892101396,-5.35856555470516,6.35088918063017,-5.66156478235204,1.28741347919391,-13.2041355836307,5.08109102294906,-8.18193859121611,2.40615152410995,0.35,900,5,2.20558491368468
"WH14B/900-5-40B0002.tiff",2.60576398066026,-9.82527938908605,0.642587362642232,2.31577699731555,12.5904960308964,6.13976993511677,0.175251638846005,-0.982197944474928,-17.2520141820627,4.52212966752612,-3.79512850789367,-0.0190968082772738,2.63997874065333,0.746140075954741,2.86432447614162,-0.391075010348882,-19.2963146681085,5.6129443885953,11.2229479173254,2.28687336063702,-0.903431072929016,7.13466217048031,0.705997736012477,1.08159117252143,0.4,900,5,7.53065610581012
"WH14B/900-5-40B0004.tiff",-4.02123015414398,-8.1316984312631,2.66986471984186,-2.31938490195658,12.7254415711506,5.54221765834471,-1.55725444234506,-2.0112822301617,-10.1579526240224,9.94813618269859,-3.72799919657936,-4.49488562698257,10.0440348720101,0.190744415270791,5.99330402214978,7.39661498996462,-6.17243177356872,2.7330691797405,6.15593474936155,4.52410032081668,7.2181567013588,5.62682490687933,3.43616868155712,9.36793993381525,0.4,900,5,7.53065610581012
"WH14C/900-5-40C0002.tiff",0.12404541092345,-3.7959848168468,1.31948661045498,-3.2412877937488,11.2432605515668,4.18562547824669,-1.33433747658094,-1.25172764376597,-10.8539801055826,2.7477636699592,-3.27365082833761,-2.90980682399612,4.06338006974794,8.35098236887299,8.12166710730299,7.44984928160038,-6.8236488495976,4.23178351716413,2.56758373886634,3.41910332751376,2.63379498710693,14.2621453898805,-1.68106931664816,9.23031992141547,0.4,900,5,7.4544508234538
"WH14C/900-5-40C0004.tiff",3.93874002923777,-2.31001767002422,0.253557370785116,-5.73906270372301,13.3056085181996,7.6283623794847,1.99347918185654,-0.303490955424428,-14.6403610216146,-2.3591038159277,-3.58167401404003,-4.90281119803766,2.63619392308352,1.91970575013319,10.0446066840407,7.23311141303095,-17.7834271940418,6.31157196627425,1.37304402623531,6.21706471647987,-3.57723993655001,11.7231110248222,-0.847690171480767,9.87076132010004,0.4,900,5,7.4544508234538
"WH14C/900-5-40C0006.tiff",8.70114493801724,-19.7229756907558,7.6705927523814,4.03844631208785,12.4632539003164,5.21420129647917,-1.69052586398138,-1.93732612562871,-13.8015125441081,4.94853645899869,-3.54186160442616,1.35816363212814,3.2712984642186,2.25079309443839,4.47583901500838,1.46768695046746,-10.1756985156932,3.49668034985325,9.16422183551177,4.8456596806716,1.84925775055944,6.71003530158742,4.26987615265323,2.42518167957778,0.4,900,5,7.4544508234538
"WH14D/900-5-40D0004.tiff",4.0812015096712,0.351948435943626,0.439194762590254,-4.54818966176617,11.8686519653363,3.6782167844404,-3.89148079502134,-2.87412837196061,-9.27913621201146,-3.05304055169235,-2.39949360836472,-1.17531543666877,-0.114998417782514,-6.58132474200466,4.82824014875026,3.36470568545278,-13.1123134880218,7.03444234732587,1.39244849662241,5.0716265004733,-9.06485933417127,7.96521070597696,6.54217365817878,5.19704822435308,0.4,900,5,7.03418292299994
"WH14D/900-5-40D0006.tiff",10.4169120122535,3.93344886506462,1.65429211250739,-4.0199428752898,12.7733887224293,5.19085231139901,-2.59946294465185,-2.76498109413064,-6.61400436837113,-10.7874465914308,-1.71738714954399,-4.87763990999235,-10.2735127224338,-1.60275698176827,6.55731442847695,-2.0768567938555,-11.4718265314536,4.88500478064604,-0.984496651423801,4.69148626950075,-13.601357817172,3.57750107590779,-5.45423854351988,-0.697624800980491,0.4,900,5,7.03418292299994
"WH15A/900-5-50A0006.tiff",5.85217708103726,-1.84089732561662,8.3709842781109,-3.01145193752654,11.9231992862063,4.07089990235956,-3.17331930463115,-2.57151673974349,-11.5102340714092,1.68065398938012,-2.72693737773985,0.60857991201273,-7.11407282833009,-0.673312283953219,-4.59693772996082,2.08260198284579,-8.17103386578633,5.18307324482701,2.03404869885032,2.250478478706,-6.55974465425634,3.45738515023507,9.94952571549559,-1.87672128268682,0.5,900,5,8.93977476558561
"WH15A/900-5-50A0008.tiff",13.1622270296341,-8.17692873797214,-0.566979860855146,-3.20489382789656,12.8514137283494,5.10969086273587,-2.94986291507366,-2.98355409273015,-35.0415750720441,4.34793958240127,-4.34609740967123,11.7714788525833,-10.0330174327088,3.78991665735889,14.2673669048538,10.0251385448438,-41.5425587287002,-19.775156043279,0.857598088569087,7.83279006758794,-15.6392391849843,22.1962506212183,11.984654981944,11.4046132225904,0.5,900,5,8.93977476558561
"WH22B/900-10H_10NiB0007.tiff",10.3665538079753,12.8866206549423,4.27618804400656,0.292413986925002,-15.7294977258241,-15.7172276248314,1.8298376217861,4.24966763937086,13.7602251826867,-12.3290830628213,1.54513821271788,6.6575506952069,-7.48085068176679,-9.27429001296022,-2.82663954286913,-3.97761606443788,11.2332931450083,-3.05735553799076,-3.29623779800444,-2.90323918140793,-5.40842034267096,-17.6173814212222,-0.529313952275872,-2.67749240239992,0.1,900,10,0.384163241834663
"WH22B/900-10H_10NiB0008.tiff",8.6105570884537,12.6325047500079,4.26600027182674,0.767734450636634,-19.3954388491353,-12.4698034796578,5.96202840142913,1.83839424787302,12.0016453416782,-12.9167893803916,1.24881657626738,4.5339634872966,-3.32786747915867,-16.3318244005575,-1.53836475494175,-0.134225404405993,7.5889638869482,-0.0704856462397903,-8.28943389185443,-4.2971703210687,-5.61316535811214,-20.8266153789436,1.53824489982142,1.65796191009519,0.1,900,10,0.384163241834663
"WH22C/900-10-10C0002.tiff",0.617522959289272,8.66605015609294,-1.25629900327678,-1.13498823067541,-20.3088733135342,-13.4642333224098,9.93343628976385,4.606580932043,13.9822397029402,-8.96646178540684,1.39502547022499,6.54413085396883,0.396614142884556,-11.1355362992873,0.0338534091434399,0.953594303810316,8.42546343866992,-0.592952671034551,-7.61188526952395,-4.19171013753685,-3.53341191573175,-13.2971874445628,-2.3784000793598,3.401148662804,0.1,900,10,-0.227542602969377
"WH22C/900-10-10C0006.tiff",6.25179793238386,2.22816927880187,8.19397960681749,-1.91354139548816,-15.9507175040274,-14.8966477532844,2.0467744816901,3.79152166800769,14.0811695964332,-13.1899429903484,1.76370839833278,7.41483331552264,-6.90125890773711,-16.1235718320664,-1.28436460253637,1.54808477789412,6.67139993186795,1.05840705665006,-7.79562631964228,-3.73143313031458,-8.68582497987991,-20.221848769979,0.214549056148637,3.50087306188721,0.1,900,10,-0.227542602969377
"WH23A/900-10H_24(20)NiA0006.tiff",4.1594219388826,8.0375206231524,2.54573844813352,-0.517971896893762,1.79117207784704,-6.89358556320688,-5.86609772513628,0.0337072218231407,3.7283062460351,-7.4983904891849,-0.444827134883925,-1.38596710521658,-1.84778736911606,-11.9044747703021,-1.65808865787724,-1.815953180741,0.726806172258248,3.22638263185631,-5.81279521162713,-0.774873469676854,-5.87566388268151,-14.8416320430696,-2.16223053402191,-0.131862419095659,0.2,900,10,-0.35071959372016
"WH23A/900-10H_24(20)NiA0008.tiff",4.51088597770741,10.1925807832506,1.71956018131646,0.262091893937911,1.53146860073248,-7.34181137859303,-6.30205915742588,-0.12385476062801,3.66217221789688,-7.20747693551393,-0.42641219799445,-2.27396032600082,0.677435358239998,-9.98812709742623,-2.12324570914267,-1.38059794218856,1.34453568505555,4.31423572948415,-9.85515459450464,-2.78277188700555,-4.42033147340214,-9.48043287429357,-0.365775188611616,0.364725184546842,0.2,900,10,-0.35071959372016
"WH23B/900-10-24B0002.tiff",-2.37206197047264,5.81138242844035,3.45655476889187,1.76201696000965,-1.20731856430289,-8.29792858681699,-2.89403704466052,2.32625012474345,6.64130049895895,-3.75962873149247,-0.193305845948384,0.201534013257054,0.601986662404348,-5.50791617698667,3.94566416103606,1.90930242349429,2.22427959100126,1.34412898264464,-4.01086440844814,-1.39759944774489,-1.81658800964923,-5.88802696887958,-5.19942995564544,4.47779000329631,0.2,900,10,-0.458382778448699
"WH23B/900-10-24B0004.tiff",5.02728441057959,6.99941504782842,0.484479774971082,-0.532580973683553,-2.91965233727636,-8.52795694181009,-2.8382218457946,0.581262455928004,2.32020755879516,-4.14504981194775,-0.687988227423206,0.892595858799072,0.532126853117609,-3.31230532221216,8.50140583458361,6.33094500338033,0.442224475459407,2.64032917855516,-3.21719439308241,-0.0671232511265965,-1.67065640751187,-1.83763750120737,-1.6345849841773,9.39897539233194,0.2,900,10,-0.458382778448699
"WH23B/900-10-24B0006.tiff",-3.42192882957884,4.73423381690927,5.19901776533577,2.44348865343598,0.437592215713271,-7.59481334263542,-4.26422980707463,1.45398686382738,5.59993046456208,0.893076687324108,-0.633219818733024,-0.707464003540027,6.40251631452088,-1.38789033392246,-1.99160627996394,2.91560012198136,2.75894549988792,0.306738513674025,-1.24263146638103,-0.604792287251332,6.22376080356334,-4.16394686631677,1.76192396386591,3.68554763710705,0.2,900,10,-0.458382778448699
"WH24A/900-10-40A0002.tiff",2.74563346704924,-16.8009762819955,11.2460419819144,3.12713100663542,10.6647090962228,3.24232511271924,-2.09211850631457,-1.33370899206548,-17.6858834252922,7.66618568160196,-4.49384051690895,-0.148402398668091,8.25800420721602,9.28089343397427,8.76597281197385,10.3905250080738,-8.42629891483652,3.9309009250362,5.04859853045791,3.75908836648067,9.10551606551204,9.2993274229773,0.370625658196613,12.2148893502472,0.4,900,10,8.02448376686288
"WH24A/900-10-40A0004.tiff",3.10042346116208,-10.2137656759068,0.752877408312705,-4.76650329593021,10.3370979502153,2.94554580749089,-2.64619647348265,-1.97584709883024,-41.7813289008936,13.443647131683,-4.83088091245223,22.6559526084456,4.72107311951748,13.4138615928121,16.3412627718986,16.360711449184,-14.417811621744,3.03406211356057,16.4170215823674,2.02273234599041,2.02593067002346,25.5146512201546,7.33559633072618,17.5921156584365,0.4,900,10,8.02448376686288
"WH24A/900-10-40A0006.tiff",1.41121161663255,-14.0928199947679,7.80685551193332,3.21714975383561,9.93680839325845,1.8434310821701,-3.44521939110061,-1.53087964237634,-35.1301907486979,14.8563122664344,-8.22288558430482,-0.372914999312144,12.8393792357871,9.43662697941203,7.60296129494119,5.95918051734372,-9.388192511132,3.77773090481765,9.15654115477838,4.86776019785453,10.8546662975426,20.1153797468806,6.5399949355625,8.55923268634419,0.4,900,10,8.02448376686288
"WH24C/900-10H_40NiC0006.tiff",3.95302881421392,-2.10105082336241,-1.67359274561968,-3.23293943211789,7.33341640378698,-1.08923336133686,-4.3470695780526,-0.91682561973029,-7.06889551996252,6.29647978375397,-2.65302987422198,-1.07505813727496,6.31038621375731,-2.58009434156186,4.16962843013355,3.64469518439962,-5.04387536233272,2.85402531223138,4.42708646691137,0.10879614353816,2.99814196537472,2.69535751761304,5.97781758907962,5.31584254415791,0.4,900,10,8.06495735793383
"WH24C/900-10H_40NiC0008.tiff",6.25201259886322,-15.5850035263869,0.278211016929458,2.30575540374236,9.41568397347396,1.83506866985738,-2.58014852746447,-1.1145008133636,-26.020872838058,3.77997576345075,-4.53164169593778,5.55339078967408,1.72889611315757,4.32547155604313,9.38561060976332,3.32386127139713,-13.725926461465,5.32252716455169,11.4237956254885,-1.65181632826824,-2.06114330666667,13.080602324753,3.05552076879748,4.71802143421598,0.4,900,10,8.06495735793383
"WH27A/800-10H_40NiA0006.tiff",-5.31341549979164,8.1963910827902,3.49969199925416,4.45763216237889,15.5400736790944,13.1894282968499,9.75271238289216,2.7663306824111,4.07174822462337,-2.59631260293081,-0.554920381953958,0.217224201685281,-1.04832174104071,-11.2100553763747,-2.31395787064604,-1.91139810304925,-3.1127825270801,2.93137521352489,1.20574706036198,-0.099891972342385,-3.51812241188086,-9.61262125881825,-0.0388442343387823,-1.2637746392964,0.4,800,10,5.47151759143672
"WH27A/800-10H_40NiA0008.tiff",-8.48920693413377,5.07036671032049,-1.22903524119641,0.93438860399577,15.6645177513747,13.7795277361077,10.8836522073602,3.38302362601307,6.40381132739677,-0.994821405328471,-0.142556638707857,-0.452454432460931,3.98203370468347,-10.7652201071481,-1.89756513182065,-1.03337730336036,-2.22625317780605,3.34800391152111,-1.6587764236055,1.72956478381829,0.378303512433076,-10.4527550777567,-2.34528288673271,-0.0828836321491468,0.4,800,10,5.47151759143672
"WH27B/800-10-40B0004.tiff",-6.70163658732695,4.17396060981459,2.8842955917651,2.12516995903087,14.5677522702481,11.6609422278859,8.54173648625133,2.70822224932388,2.08418536015026,-4.59001569080992,-0.643825788189024,-2.23953584941266,3.0586631581492,-8.35049725623935,2.45158806602906,2.00690872418411,-6.09198826319521,4.82856057250519,1.14609397437937,3.89512658719702,-0.718697952849068,-4.54935732350777,-4.6634284878977,3.85107107812592,0.4,800,10,5.24917901019174
"WH27B/800-10-40B0006.tiff",-3.45811301924579,10.8541458064935,1.33563724116108,4.77948829458245,15.7222022646618,13.9739832830228,11.1906203414142,3.48350764884829,2.26235749479202,-3.04635747312089,-0.801561916321206,-0.148038481984704,-1.06853138464049,-8.45081852782925,1.24105899294411,2.57450046367267,-4.40752408648007,3.03636425469964,3.15745786767001,-0.114314965264068,-3.6273131316802,-6.48184106625042,-0.606207522999811,4.13108935968464,0.4,800,10,5.24917901019174
"WH27C/800-10-40C0002.tiff",-0.469419344214521,4.15686735964598,-3.00284376463279,9.85386299510751,15.322136439756,12.6733152565918,9.09089902296789,2.6119934118572,-0.217463977510216,2.97879900501907,-1.5368256706183,0.666373131601202,5.6301959380779,-10.0262702512252,-1.21250548260289,0.922159951211808,-6.91421817304521,2.80167742206264,8.59039957599503,-1.41092720453457,2.52972465690423,-8.99295891524658,0.0941359961840607,2.22571709199351,0.4,800,10,4.75335077969112
"WH27C/800-10-40C0004.tiff",2.79285606367734,10.395395446384,0.133035825194144,4.79265088666148,15.8100931555966,13.2787530033928,9.29772815516573,2.36622766391192,2.5722495516454,-11.1512763716453,-0.257804579044122,-1.64032015760729,-6.51549979109354,-14.1085522120999,2.85608755414054,0.318017191656161,-3.19251496902301,5.32754219134415,-6.04004155653454,0.0410094961344433,-11.4972526453351,-10.6046707893055,-4.69726657416166,1.18871228347785,0.4,800,10,4.75335077969112
"WH27C/800-10-40C0006.tiff",-3.77278928608051,5.89937053314301,-1.70634559218072,0.871083056959521,15.509808315655,13.9802425474716,11.7712155514117,3.98972167342351,1.54079223142973,1.53643495939771,-1.26685052231491,0.914926766713116,3.65897266177527,-9.74883603751518,-0.957096058100992,3.77724427185258,-8.24903658324404,3.38261301024682,9.0826394074764,-3.0705880573272,0.676237399139461,-8.22839873794693,1.9131401801094,5.95669365502198,0.4,800,10,4.75335077969112
"WH31A/LTO28Ni900-50-A0004.tiff",13.2666992637671,9.02704692005588,3.53017143489065,-3.37001452238173,-4.7476885284876,-11.1482804380681,-3.31400340182006,2.17199992148014,0.946358319024805,-15.2197699140097,-0.292631769754089,-5.53578331556604,-20.8064239122841,2.88409995112054,1.83307730938728,-7.81836911093419,5.3361306054204,2.22382168581741,-9.02494001200694,-2.88575276731449,-16.7148533751594,-1.49605011520881,-8.50161823907925,-7.49170614512123,0.24,900,50,3.70790682926413
"WH31A/LTO28Ni900-50-A0006.tiff",13.4783976591666,5.90803835514447,1.14227418684918,-5.04332464030713,-10.0311355146829,-8.88185046063522,-0.538404497754802,0.0222312812395398,1.65662577208365,-17.0629427959078,-0.0124291972044968,-3.39437864583102,-25.4025552674377,2.28858237193934,4.83530315978144,-8.02547197831752,5.00613179538946,2.13367258220782,-8.26568525255418,-2.50653900003848,-20.6426513531271,-2.00789734844262,-9.02242152799868,-5.92582023767643,0.24,900,50,3.70790682926413
"WH31A/LTO28Ni900-50-A0010.tiff",0.319581424287738,4.14837560229167,1.30351415792167,-1.31631253695012,2.52346042159224,-6.27293510963057,-5.72251071488823,0.0332605665446579,-2.54482659816342,-4.54840368416577,-1.65614125698304,-4.75868603759961,2.29402885379525,-9.08404230555564,0.273031075740605,-0.135879141438727,-7.255545405034,6.23420488888573,-3.4789091677455,1.30024469241107,-2.34152696662914,-3.70746536654431,-3.37259091067408,0.342113009145782,0.24,900,50,3.70790682926413
"WH31A/LTO28Ni900-50-A0012.tiff",-0.529994294690263,4.17088227215943,0.608164173762652,-1.6006509864439,1.07666003639084,-6.43223693356205,-4.33102806618927,0.216970991968629,0.876794173053901,-1.46958180624915,-1.24637053555415,-4.83929483980468,1.20051358332648,-3.83043577615667,6.85801698145639,2.81235971405962,-2.41005329610359,3.96784467449896,-1.97990130261918,2.34868201312553,-2.41670253057184,-1.97673473241901,-9.83928534223774,5.37987481599266,0.24,900,50,3.70790682926413
"WH31C/LTO28Ni900-50-C0002.tiff",13.5818878966647,7.51529542028724,2.17096398868209,-5.03712857133652,-7.60603471636124,-9.95927168634443,-1.4066184585386,1.07948393269041,1.1797876638866,-20.4539300139409,-0.00452332376594144,-5.01722140875813,-31.0883440529151,2.75371731297639,10.0633107708317,-7.88861697465317,5.71409031732519,2.00665471295147,-9.41680414637159,-2.88810197388894,-26.334963222988,-4.00810642674766,-17.1882378609686,-3.4051383760718,0.24,900,50,0.915390339042161
"WH31C/LTO28Ni900-50-C0008.tiff",3.05191756796621,6.72314464802277,1.66255174777676,-1.66320496072781,1.23824148828415,-5.05488403748359,-2.42464111153813,0.517167698592195,-2.82341548192345,-7.64057971058745,-1.6239475792228,-6.57915128370853,-2.96082285138015,-5.615001002519,4.42429542474993,0.0625488097136299,-4.29245843549857,6.31891762852735,-7.81130218611919,-0.987128392928579,-6.51964518123822,-3.66841156748779,-9.08769113499708,1.94539760823345,0.24,900,50,0.915390339042161
"WH31C/LTO28Ni900-50-C0010.tiff",3.59269878014766,3.9987448686304,6.03094834025887,-0.97322584307916,1.11144453326792,-6.23370979570598,-3.57413095801926,0.889135557500445,-2.52858903081484,-4.13560307069856,-1.73285345875234,-6.3249339216624,2.04647119822234,-4.06335711412931,3.499257250686,2.55672051178021,-0.300529923212966,4.13887194112757,-5.96889437306839,-0.824385328284436,-0.61230368511435,-2.2384034535797,-2.96441643565713,4.87945573508303,0.24,900,50,0.915390339042161
"WH32A/LTO-35Ni-900-50-A0002.tiff",22.4857709187018,-8.62042648136318,-8.05166303107133,-6.86050000775964,-2.7757222893598,-8.93908330844718,-3.24931023917841,1.14041832305553,-20.5540335276657,-7.2497688657604,-3.4163478219145,-1.71817624588257,-24.5354109352204,12.8280340869968,7.42387692108489,-11.7799682827223,-11.1326730143582,6.59461749406593,-0.229908940290303,4.21162139730626,-27.6425874843834,30.9980541224968,13.8301871081798,-10.80180445977,0.35,900,50,6.15107717231688
"WH32A/LTO-35Ni-900-50-A0004.tiff",28.8756574074693,-19.8503952016504,-15.305782934947,-4.79779355001209,-2.2164023572115,-9.53436776682685,-4.28489116864387,1.32998524863779,-25.3761684636187,0.974371181665291,-0.181359319352475,11.8642105906564,-32.5929387803029,25.7748813341183,-21.2097268135833,13.4419657840717,-14.5281170616683,5.62749311139841,10.25911000878,-3.71008336818038,-26.8107087137158,35.9741316886473,24.5480762010105,-11.0366499951458,0.35,900,50,6.15107717231688
"WH32A/LTO-35Ni-900-50-A0010.tiff",12.4302841475839,-17.6052398064206,-5.12340853014606,18.4869567653446,4.04736416199785,-3.6640354884192,-3.48854645705959,0.415127092011948,-7.93817566367235,-5.18894935693668,-2.63416389276392,-6.43195105630559,-0.624874511169555,-0.0400749358888479,12.2002100509608,10.9139435624007,-9.62580940095374,6.75033400911646,-5.35931691534572,2.51209474650063,-5.44959224160804,9.59324309808147,-6.74678410974731,14.1822016998987,0.35,900,50,6.15107717231688
"WH32B/LTO-35Ni_900_50_B0004.tiff",20.4630049252864,-7.82506010003809,-7.79410421686626,-10.2527851672018,-3.25230250622559,-9.74525185666929,-3.12975513849109,1.80857932269059,-17.7588322632922,-8.93134341220798,-3.18203996928762,-5.1505140310206,-38.3597198143245,27.711523328868,-13.4422423067744,4.02033455291125,-3.73204333218835,5.5802391165611,-5.54340113206095,0.641525838059254,-27.3421392702768,31.5081826930605,10.492403729216,-11.1074096031321,0.35,900,50,6.30638646233715
"WH32B/LTO-35Ni_900_50_B0008.tiff",2.56648988469227,-3.32253787076381,-4.06854082037601,-4.43904006102932,2.34277130598629,-5.28643654385726,-3.33772029585762,1.17220095990757,-16.1359507074275,1.32181323433965,-4.05818703265874,-1.40343322409169,-1.92291642588722,-2.88532024098941,2.19897723191092,1.27493936459021,-13.8959447440597,6.65455572011378,3.45309309270139,5.89741693632399,-8.50063348469153,9.30028371179646,5.97486432058798,2.69959419424214,0.35,900,50,6.30638646233715
"WH32B/LTO-35Ni_900_50_B0010.tiff",-2.55017233878188,-2.85653382528722,6.18148503006207,-1.67939161656278,6.68102655919669,-1.29108886189212,-3.39455615296174,-0.241642348986058,-18.8103172491398,12.1705410878837,-5.42238856767139,-2.88694428017881,12.3340624516564,6.27353104845443,7.3564199950649,6.76253600264877,-6.62125979928567,2.71355209439443,6.58534101560346,4.56019328225866,11.1819346593477,8.93933078570709,-1.88974318685871,9.02873537786015,0.35,900,50,6.30638646233715
"WH32C/LTO35Ni900-50-C0004.tiff",23.2364490167696,-14.9451317041374,-11.3460227488109,-6.47370248672531,1.0491673793571,-7.30520798193328,-5.43696013463641,0.225313657612671,-23.3093207503811,-0.513327451715283,-3.92202948234966,1.32734680784143,-30.8204047510884,23.4169192956489,-29.8849526519709,17.5568320783923,-14.4288385872187,6.03852791318169,7.20003318800351,4.05487855784266,-19.9895952431835,24.6124110082811,17.2359131615124,-12.2742099150181,0.35,900,50,6.04014339365327
"WH32C/LTO35Ni900-50-C0008.tiff",3.41904008084046,-13.3106166108051,-6.80393746204196,-1.07539847527127,5.15964411853777,-1.22489149364859,-0.387835541651041,1.47592992424699,-22.4636114590327,9.1090581120299,-2.48820077135186,9.21086140856293,4.86272682696622,5.14840122181904,11.1965830066744,8.5238274078608,-11.8483528563812,3.30383696674662,10.83785797752,5.0270289480186,0.352040655010496,13.7605085373012,4.17080550467698,11.2770948147097,0.35,900,50,6.04014339365327
"WH32C/LTO35Ni900-50-C0010.tiff",17.5235798118438,-23.57079525566,-13.2903251855464,1.28425264153479,2.64876638091774,-3.86677730891932,-2.0683102635632,0.582392767386764,-34.1962602473037,9.3817177919986,-5.4860802409518,12.1914028520455,2.03179274600198,6.70370387170099,9.7615418733702,4.66033632666915,-13.6445003483409,5.38782639744983,8.33932021117243,5.70207460121246,-3.40865769626978,19.8349518459742,9.36425444000147,6.03124426732061,0.35,900,50,6.04014339365327
"WH32C/LTO35Ni900-50-C0012.tiff",12.760468383912,-26.7704837687999,0.675378473684786,20.2804539352802,5.44809996197288,-2.69926006349623,-5.01211111564599,-1.41555492072578,-20.78681933113,5.73769657550806,-3.19927866808792,9.63842081710135,-3.33258399496378,6.13931184964703,3.79395344241915,16.1240503975663,-12.4410459658382,4.74093696214797,9.32943000125319,1.97315098696221,-4.98811096578167,18.9645793392032,15.0196323895335,12.896687737493,0.35,900,50,6.04014339365327
"WH33B/WH33B0002.tiff",15.4008781613812,-2.15502607073455,-4.52321422361515,-6.99133366198871,-34.5934273748895,-6.22024785981966,17.8316336698879,-2.28874261498474,-5.04535224927195,-10.4391178199142,-1.4284334628743,-4.55775844057075,-22.0462723315669,5.52585794164173,6.02922495908946,-9.16311510306698,-1.07056090601316,4.25494324132189,-6.72845399237659,-0.249258692812148,-21.2551861555441,8.77700823660968,-3.86223776017007,-8.67750383788847,0.28,900,150,1.07553785747407
"WH33B/WH33B0006.tiff",18.6091167924211,-3.50400771370705,-5.49652913183739,1.86819069903604,-25.9132990246155,-5.60851862924274,6.25872623444005,-2.92752272217347,-7.24249114397904,-8.28981428380057,8.84039395387609,2.62580487075039,-23.7258252211452,9.35301895233098,-3.65526298495656,-6.67383336258693,-0.0970814406753735,3.46432600509913,-3.38896799776792,-3.73709549080416,-17.125160474797,8.12540626916848,3.08021136720148,-8.79673484936627,0.28,900,150,1.07553785747407
"WH33B/WH33B0008.tiff",-5.28434310009601,-2.76417688611502,-2.78235491628678,-3.53048306048684,-12.1189939026478,-3.90857586063629,8.00888950788442,0.386335198895236,-0.216344758573684,6.31133001966374,-1.37355787705518,-0.801005054885162,8.98817202141233,-5.99495159011879,0.0365354718418631,3.14120800711448,-2.97917674275366,3.32026139536954,2.48445819267429,-2.44313873158186,5.9595046486593,-4.78087392467165,0.793549892906346,5.03725229743638,0.28,900,150,1.07553785747407
"WH33B/WH33B0010.tiff",-0.167888050563718,0.110820625104385,-3.7821441302789,-5.10846925852941,-4.9233628775574,-8.55939448075011,1.71066334344686,3.74603813202246,-2.84898137339877,2.38222808846717,-1.10551548295041,1.80078239129893,-0.389356380954187,-9.75079956132607,0.00554048445510258,4.84621830148661,-7.88467387651372,4.73765115240751,4.26465326885397,1.73626855073174,-2.87669124779687,-6.60051043161707,3.53754259262219,6.01904038208505,0.28,900,150,1.07553785747407
"WH33B/WH33B0012.tiff",2.58923660401598,-15.911986518355,8.43072407659039,0.42239517419588,-2.94515368128586,-6.95910527195859,1.61880053122191,3.44317259660188,-10.2759983974037,6.81463219164332,-0.973797200183187,8.31838082345845,2.65871473501353,-7.01317278743923,1.81647551624133,2.21962663806922,-9.31746177750199,3.69775113386858,11.0135139905428,-4.82579873567866,-0.673475708183198,0.368117691595338,9.08921242577298,3.26536623747974,0.28,900,150,1.07553785747407
"WH33C/WH33C0002.tiff",21.143436668388,-6.86031462071112,-7.28082318344252,-6.72889871140082,-22.4729527162373,1.25874411181148,-2.51973010123859,3.62344945918726,-16.343293976495,-0.548075057803094,-3.23255406832197,0.0368897191829434,-18.0803632866495,12.3287101069537,-2.59134265480565,-11.4449666902804,-4.12453714827519,4.91440726285508,-2.350423914231,2.44946601106311,-13.8618220584938,17.7119202977174,10.1603000204772,-13.6072020798455,0.28,900,150,1.135830420429
"WH33C/WH33C0004.tiff",16.4573560591654,-4.53308275324139,-5.11695230046654,-7.99690494319375,-17.0058822723439,-6.98434228334864,2.51132502166489,-1.80066638430468,-12.6863829400652,-1.35512843069504,-3.05703126573606,-4.34933138751155,-18.0442536886962,14.2281647232153,1.84729747152126,-11.8119717503734,-4.29806035540677,4.19724430781287,0.615458997995408,4.1448038546867,-13.1548304613197,16.1406459897118,0.996508145023059,-12.9341290407722,0.28,900,150,1.135830420429
"WH33C/WH33C0006.tiff",18.326707410956,-6.11472584750021,-6.9180671652317,-9.41019361581314,-8.56215784637629,-12.0494428614643,0.305393816982681,3.57450868791112,-16.2018434051456,0.97470743108554,-2.59966190068874,1.21017389024365,-17.3265430783893,11.0845100116823,-0.0950680180590191,-11.9575850531873,-8.27582759196278,5.61983011742288,1.65416662893971,2.5401822847711,-14.0828604995003,17.5170862075134,7.97121051016365,-13.2859532627124,0.28,900,150,1.135830420429
"WH33C/WH33C0008.tiff",-1.66317178065267,-10.163430251375,12.1162404862173,-2.28317803654324,-1.71515953437234,-8.81720288007319,-4.20682199062413,0.898430942040731,-13.7461404392565,14.0372901656009,-4.48901482051238,-4.00919251042356,10.5803565791401,-2.19085108277971,2.84073125081375,4.3097697546811,-6.4301591797438,3.12931034477028,6.3245332077721,3.47035458331024,8.86886845655787,2.52287536974033,4.2985777464038,5.46623114415056,0.28,900,150,1.135830420429
"WH33C/WH33C0012.tiff",7.87917032810902,-8.34494203412015,-7.14122536583853,-6.21757843256242,-0.758905676616703,-7.32432213971447,-2.6272263477674,1.52531828259766,-15.4276253389864,15.7043041656328,-3.9847910071883,0.165278811121177,10.7834988990041,1.9538577206291,4.97560081112396,5.68679048683347,-11.5247192167769,4.36069617793453,9.02557173635422,5.95836828257907,6.55121136223666,10.7201022457381,7.62879738641497,6.94549178249721,0.28,900,150,1.135830420429
"WH34A/WH34A0002.tiff",12.6444701750187,4.88110440887083,-1.36372532861678,-5.57619315766524,-17.9954476024776,-10.5614381766098,6.33664198973689,1.53047459183387,1.12846722297188,-11.0350872345444,-0.336675470900438,-2.75293487833983,-24.1073182585939,6.90558109383221,-4.63039863532339,-3.15892886735091,3.62821718678349,1.84531696610178,-4.7088108027309,-0.763950445277023,-15.3821170794401,-0.424893047329932,-3.66958980129813,-8.23327495165085,0.24,900,150,-0.112042877432367
"WH34A/WH34A0004.tiff",9.51114084985089,7.48679577322047,-0.176421133046525,-3.56405829651331,-11.4980524865859,-9.34415494076238,1.83367880442834,1.2535436298722,1.02604209277823,-7.90982713894385,-0.57212747201843,-4.40782686710334,-16.3878674312512,3.05328379186996,2.44904572661012,-8.27367730255329,3.62554653351054,2.58940415090816,-7.00204228226245,-1.63498484953094,-13.4093981020549,0.380412624031855,-7.30398266213457,-8.7334846016992,0.24,900,150,-0.112042877432367
"WH34A/WH34A0008.tiff",2.68313958070503,-7.52316293438576,-1.14738148075462,-2.27545914581474,-15.1880343191607,-7.83899712133442,5.97658537786919,1.77138265672454,-13.8159230801692,4.69881115798179,-3.77202407918441,-1.58780370754703,2.81097155301995,-0.965180381434117,4.61183479992636,6.48664262934631,-9.96514789204116,5.385363839894,4.54199669419353,4.15874828387005,0.70249603967087,4.59661388502432,1.51307257330833,7.42090666326986,0.24,900,150,-0.112042877432367
"WH34A/WH34A0010.tiff",6.28596222689665,-5.66550232405694,2.31523329568083,-3.81906560793297,-14.367358590138,-12.1638124402771,6.53049672105906,5.09017498489936,-11.8949893939156,4.26021085908446,-1.0324847950303,5.05511720200544,3.45733422816176,-3.06351592247474,7.63332007799536,6.14606618485214,-9.84299935636649,4.94482809189384,7.04739583283113,-0.156532848215954,-1.47755036760569,7.67869187726529,7.63088360937237,7.44967559874745,0.24,900,150,-0.112042877432367
"WH34A/WH34A0012.tiff",-0.225026593099719,-3.01098333023416,-0.187161571072406,-0.884128971046081,-7.80743508325926,-8.34292984093722,1.38000160282203,1.08962136177965,-2.48162404418065,0.27308313424943,-0.975847669248503,1.19631446356127,7.39481422809589,-5.58066030810541,1.92968898183047,4.1285296735596,-8.78293869252952,5.34419922007419,3.08680377278102,0.538763680472602,1.15743952253096,3.16349001635338,1.42000684413495,6.25230331019189,0.24,900,150,-0.112042877432367
"WH34B/WH34B0002.tiff",23.992327497859,-6.48768577306698,-6.45333980294749,-1.680840477448,-23.1543317145905,-13.1755879943194,8.54424365064068,2.31315934794162,-9.52108848842986,-13.1361679106787,3.39279766805358,-0.221702122719998,-25.9530728651227,13.3678389172053,4.79643000774488,-12.1973097803283,1.09265288333941,3.60638674285717,-6.23547977309932,-1.57676603682582,-21.0649632500387,15.5692867706585,-1.32943369692004,-10.535600617292,0.24,900,150,-0.940804780907947
"WH34B/WH34B0006.tiff",20.9294712946277,0.082406670284179,-1.65695558022939,-9.92235124762284,-19.0616051692448,-10.3658407606921,4.97472596584529,1.27978319399562,-7.89465029895212,-20.0628765275392,-1.31774416686927,-8.55042908007609,-35.6534272666456,15.7563769592448,7.53616292460338,-10.6053616463666,2.50014557576323,3.61559763304846,-8.8321926403552,-2.20873855121961,-26.0706459918949,10.298856940876,-13.6963413836002,-7.54850652738109,0.24,900,150,-0.940804780907947
"WH34B/WH34B0010.tiff",8.23150313887383,-8.663145918509,10.5157045816331,-3.34967279073937,-8.45672608614948,-9.59665381191885,4.56760382072812,4.70329885261568,-22.0379207277917,-1.25710490760803,-4.62576486830966,0.0144939504206851,1.00477756666516,3.39996217434457,12.2838677951252,9.35258974488125,-24.8059415408054,2.10262515288175,6.27241014352312,6.48348010381634,-5.29228144195406,16.3805456201484,0.521163028200221,11.8179763201161,0.24,900,150,-0.940804780907947
"WH35A/WH35A0002.tiff",25.7066558301217,-23.7399102948507,-29.4853110172325,55.0421858452752,-16.2180610158692,1.09995717956514,3.28939940371461,-5.99155010277604,-18.6239964995845,7.16423242848347,78.4481349484821,-9.22479611285836,-13.1722312040273,14.4967734701117,0.429965745903031,-13.0080637254613,-3.92634674640235,3.40318205795,9.25327191009571,-15.3093661559409,-7.99084642118437,14.0145080860292,0.0139149166493215,-12.7366486362088,0.35,900,150,1.70859032014535
"WH35A/WH35A0004.tiff",25.370622695763,-23.2308526408929,-19.6061369593634,9.48087408623441,-54.6319227732325,21.9659038674382,8.7559170064075,-20.9521101003889,-24.6234369199474,5.37117128315908,129.593781174278,-24.1172985205286,-14.1738123702829,8.63440562097032,-0.323183545075407,-9.68245720571808,-3.67610873230502,5.00736024857576,16.3299796319734,-50.6274951708086,-9.243740463947,7.21659913682878,-1.17194572652726,-11.1909651720456,0.35,900,150,1.70859032014535
"WH35A/WH35A0008.tiff",6.74150647850673,-25.72869997303,16.9025796451018,-1.06457556471073,-3.3988474045374,-7.2079744553581,-1.05868986845169,1.61165766136499,-24.6908194372672,3.52404260054456,-5.61624839717628,-0.351567321000016,3.13866955367984,-0.242926347122348,9.41472210852545,6.5086613701087,-46.6943002906406,-21.9904666490327,-0.30907434662601,9.62659739685879,-2.49058334423103,9.78281146125046,-2.53959405204138,8.87518024104166,0.35,900,150,1.70859032014535
"WH35A/WH35A0010.tiff",-20.0368854192725,-14.7608449733829,6.81067658601803,-3.46850998557157,7.33628134996005,6.12171268365646,11.9122899786439,7.80497352768692,-4.74294685100696,14.6934315551253,-1.12226577332336,2.15803743247513,17.9446055645794,1.22366516029214,-3.49292308893031,-1.14811768512389,-9.82251631470693,2.88249247488838,34.5742248655191,-64.5290458906971,15.5933061604252,1.94618496723284,-0.907994276233839,1.03241315374838,0.35,900,150,1.70859032014535
"WH35A/WH35A0012.tiff",-8.51806820287679,-13.740468206713,12.5967783069114,-1.29838717544487,-6.25189401485736,2.04872973429583,5.57966908880826,-0.835023172386644,-10.9203734076914,15.4974926780867,0.74425360185779,8.74725820856289,13.5537844564796,2.10116682701848,5.02948201632901,6.29132356587709,-18.2124067887872,1.50101029335347,21.8631824824484,-8.80185356078663,10.9309942754005,8.54060047036908,3.45179189569065,8.5841674150539,0.35,900,150,1.70859032014535
"WH35B/WH35B0002.tiff",13.4892504065939,-10.5040587401016,-11.6005833947293,11.53982884419,-5.8730091498922,2.15334839979604,-2.79512201036532,-2.20832693299545,-5.69239591438079,5.65201361585351,-0.297533833856935,10.8274187239287,-10.4356691638045,3.53223865535994,-5.00036302098614,-11.0029441618437,-6.05666834327985,1.36226304947708,9.67133180328897,0.579200130508043,-7.23231810967656,6.92839136440937,17.2669700688286,-12.0647619726181,0.35,900,150,2.29908173298854
"WH35B/WH35B0008.tiff",16.370959597639,-9.18562430102185,-10.4332587292004,-1.51306319130873,-0.0998414329645874,-6.90109567025723,-3.19919161244174,0.877725048957107,-14.1448684586858,6.8800251547391,-2.21661254987749,2.22773031035478,-8.79358416726636,9.8376787579228,-3.17645988412492,-11.5785871013082,-5.44161979662891,3.41517278343195,4.59112316240667,0.848770217370088,-4.39531469108857,11.1427880609314,3.97447714205134,-14.2234921310331,0.35,900,150,2.29908173298854
"WH35B/WH35B0012.tiff",2.01080721304882,-4.54244740811676,1.34938686918466,-1.97279364990344,-3.9266197600071,-5.04278057703336,4.61466587916461,3.25140820092474,-11.1286962009685,8.91137257238334,-3.52697972617534,2.46007111575724,10.0091604834698,1.62233850331214,4.50841180262013,7.11796299066574,-19.3006578924732,0.611351295144082,12.6753872424123,8.33140983736526,8.15341006498159,8.13485027718579,6.61643623826913,9.28582032279096,0.35,900,150,2.29908173298854
"WH35B/WH35B0014.tiff",14.2213904002203,-28.5443310349778,-10.0642678202221,26.9641260929994,-19.2580570347099,2.68491169998949,-0.872873849643978,-9.48034259272352,-15.772934712618,22.2776580466641,18.991525345641,31.3012821289915,10.5519694219773,3.64447882196619,5.95191441117927,7.9087802047855,-16.711807371293,-1.01843920890587,26.6627558852372,-17.6049950589897,9.52406918754771,8.81649151881018,17.5526687290027,8.96231821069823,0.35,900,150,2.29908173298854
"WH35C/WH35C0003.tiff",26.2034514138249,-22.6257892022537,-18.4431268884382,19.3039899370302,-30.6467373381169,2.28319431279306,7.34242967572196,-4.39481819703108,-15.247405650282,1.58944790561447,3.78144707899351,6.85279920716379,-18.7738394739261,12.3246391183377,-1.76419529031134,-10.2239678332531,-4.94814039406397,4.14966397947575,0.88323196560384,1.6965219725079,-13.8018327906212,15.5491865119827,6.55722816569549,-11.6588748205943,0.35,900,150,1.41387190001303
"WH35C/WH35C0005.tiff",26.2999907939477,-17.1706209808755,-13.0331101314985,-6.52415085564247,-5.00545051268359,-10.5185891779274,-1.00179752363784,3.5078442285058,-32.2210271514945,6.90501851365062,-4.25068738566148,4.69522462254457,-22.7198574297831,26.4784878178762,-15.5329438237222,1.08914203827565,-23.3369897753927,7.1118582240161,10.0056566263835,6.42227055763536,-16.8969773277654,38.4219277361736,20.2669028784475,-16.0769566422203,0.35,900,150,1.41387190001303
"WH35C/WH35C0009.tiff",5.15211840892401,-31.2708180590761,-5.46499389882593,13.5533649469169,-7.1865466132767,-0.0455787381584385,3.87460132714297,-2.44230890242997,-33.0867844478376,18.8386360001674,-2.68169438144687,18.0921585983377,13.8777489347547,1.59746122160705,4.9719456123796,7.38892469862345,-19.8007772513899,4.62337631175482,24.3535764847213,-3.12595106339311,9.32174718125246,9.66548249085831,6.52078943279134,8.9639941934102,0.35,900,150,1.41387190001303
"WH35C/WH35C0011.tiff",-4.62218146130636,-19.7237602500144,-7.19263506315105,3.51066730466328,-6.17824464144682,-3.57487456867045,7.43269249243666,3.81321130699033,1.57348901324344,17.3746336995316,-0.853581670700765,5.60098670325939,13.3662410752011,-1.07420667773745,0.281422984824107,2.0939768641345,-4.6603339207614,0.866665631525317,16.7662914724791,-18.0774215022059,12.470662844265,-2.14925629870464,3.07891162190737,3.11583382457979,0.35,900,150,1.41387190001303
"WH35C/WH35C0013.tiff",11.6522917518958,-11.9289082662072,-5.42952301240016,-7.42220125210951,-7.43761398164416,-10.8445963863749,2.27206697050932,5.0986426129044,-17.3303084731515,2.46997198513915,-3.35645310266309,-0.967790777465083,-0.26955095943811,1.56120144833933,3.02597807249638,4.01664215872591,-27.162177106599,-0.629686244567696,2.60426032511211,4.484211458078,-2.40650527351031,6.46415277365115,-0.141288866654766,3.88135830646492,0.35,900,150,1.41387190001303
"WH36A/900-10-20A0004.tiff",12.9005512298521,12.3189338682183,4.33011794998595,-0.955396608837938,4.80650876607604,-4.42583123048649,-7.0470025470749,-1.95374528044252,4.30308806044381,-20.3999910135426,0.517184545599169,-1.64213058013873,-27.7700244762309,2.40988963551715,6.21909829248934,-6.18384087390702,9.10709039781238,-1.2120523500078,-8.44699409618064,-3.6067502039395,-24.3125429775959,-4.29258511912735,-13.8839235558556,-3.85804161401341,0.28,900,10,0.387375089260589
"WH36A/900-10-20A0006.tiff",12.7084920226347,10.9335286683508,3.84971972306307,-2.75520447165758,2.7437301653892,-6.24533220861349,-6.59911501904599,-0.879004025687855,3.64319870907547,-19.3161712744156,0.376135360873711,-2.51579192631534,-33.2040072595323,8.71240796497831,2.20789385433281,-5.3152864012039,9.03846536431267,-1.33422442859446,-8.25623229818,-3.42287660447286,-23.7171205167475,-1.3483353734604,-12.001401907104,-5.27194264649742,0.28,900,10,0.387375089260589
"WH36A/900-10-20A0008.tiff",11.0064858937682,13.5302968810128,4.4910995951031,0.768302844747223,4.56545191249435,-5.04600087294093,-7.18429005749318,-1.36861354902331,6.10957175521178,-18.6975516235399,0.785748674748116,0.249052281149249,-25.7862649090751,-0.0566958616482749,-1.21315894529462,-5.04075030780678,9.09881193782033,-1.25857099514745,-6.82220539793209,-2.80291535723341,-18.587602485117,-8.62320056071147,-5.7049847070752,-4.99768572728674,0.28,900,10,0.387375089260589
"WH36A/900-10-20A0010.tiff",2.77931035322854,8.51429631960116,5.26447071113458,1.07421577561369,6.80544203105081,-2.55699922130978,-6.6657286066522,-2.0851244012026,4.34964612339877,-10.6973626272785,-0.0390972536842951,-0.819107352376998,-7.45110308344086,-6.80302168387623,5.50645464751024,1.13504690762093,-0.217502688132777,3.58278819429689,-6.05726781504744,-1.11817625551961,-10.3130942416259,-5.97151631206542,-7.29966845092282,4.39886586559092,0.28,900,10,0.387375089260589
"WH36A/900-10-20A0012.tiff",3.81511957084921,9.13365180652142,5.24249905481152,1.75264141069087,7.02620214298943,-1.80337944021759,-5.54611415526931,-1.64157710260254,1.84942912077081,-8.90826673266808,-0.72241139006694,-5.54536494210801,-6.69536040446436,-5.13216146877636,8.06808811436462,2.52133240833464,-0.398450836644762,5.08620820971127,-8.10309414645397,-0.812736821703057,-9.66361936945007,-2.2018057842967,-12.61482690693,5.87613685214335,0.28,900,10,0.387375089260589
"WH36B/900-10-20B0006.tiff",6.87478635753251,8.623754477234,1.46584233546594,-0.917954186702532,9.40269475855629,1.04883379157706,-4.79962202441184,-2.54078818241482,-0.759164711893421,-7.70492975850072,-0.975947877246303,-3.62162139903249,-13.3611533911263,3.20209837066739,-0.591243841286141,-8.74367949786563,1.65369502734827,1.73428166570755,-2.87362040877387,0.567085545364406,-10.440283908075,2.17379802533135,-1.77610486045073,-10.7065491750732,0.28,900,10,0.761184113082803
"WH36B/900-10-20B0008.tiff",-5.77535148811053,3.47076524140768,-0.357487782713106,-0.461080264032719,12.7301451032104,5.77150272275774,-1.04893201652705,-1.76627628205597,-3.14611515060743,0.67628604401316,-1.98360390320365,-5.38607305635992,6.9884883790769,0.211402365194211,5.62730006029733,3.08935112138248,-1.90975362643967,2.98707543023063,-0.71488438432866,2.4002154795884,4.07986360548165,2.77314986839481,-4.30423611241861,5.93911787070364,0.28,900,10,0.761184113082803
"WH37A/900-10-28A0002.tiff",13.9101920855163,12.1483901509861,4.75603130471322,-1.39895338822333,3.52531219080783,-6.08623514805595,-8.11194655719479,-2.06466858598511,3.65389916513873,-24.1721891295288,0.597233075987916,-1.72454754211447,-25.4539036432076,-1.01822036643927,6.45943463996776,-7.77844936356806,11.3585241129975,-3.1868145007307,-7.6342394011764,-3.65951464794751,-22.9908144165617,-6.01144529343536,-7.12337435282614,-4.10423135036378,0.24,900,10,0.0899142369451706
"WH37A/900-10-28A0004.tiff",11.4015979119945,13.3879352800398,4.48454512690047,0.351717501027247,4.87948805107377,-4.59745413846614,-7.38969473125562,-2.0061813617301,5.64860606337325,-20.7497450705162,0.784536699848682,0.0704617027063352,-21.3627368712209,-1.631167627451,3.99684954800853,-7.53504180406835,10.5698594556173,-2.07971969888207,-6.56771721708062,-2.88554658161427,-18.5461789687703,-8.07777763399282,-7.02557848273439,-5.14048252138613,0.24,900,10,0.0899142369451706
"WH37A/900-10-28A0008.tiff",0.643487712318387,10.0250267124488,1.70233803724363,1.6392888231949,7.79838017137304,-1.01339886849079,-5.80179637540746,-2.36351662573566,5.06457056368846,-11.2798212597102,9.72439950219783e-05,-2.58390966874252,-5.07543802779698,-11.430470592066,2.29046004547849,1.40837830943632,1.2506365005639,3.76476187081364,-7.57874175745694,-1.4889781902541,-7.7124837192775,-10.2402879987473,-5.82336781952787,3.45950982795318,0.24,900,10,0.0899142369451706
"WH37A/900-10-28A0010.tiff",2.9978399380169,11.2421526292442,0.522163347652761,0.507412124401762,5.65890241048316,-3.94757502845092,-7.58280688110973,-2.31210454513565,5.90301583169172,-12.3304697118504,0.251212360586425,-0.951200172779722,-12.2319583417746,-5.28223927031746,-3.45514114354881,4.49377114153251,1.94995754030651,3.59607772919487,-8.12541746131578,-2.22255828710374,-10.2169365346535,-11.1560977387359,-3.79707909075561,3.03939948892761,0.24,900,10,0.0899142369451706
"WH37A/900-10-28A0012.tiff",4.89387881836845,6.91098395737332,9.48233953900656,2.50896627410836,6.5331371811595,-2.86036430157388,-6.82636375185979,-2.11470138845934,3.76949906767038,-13.0533824556759,0.0263959266704656,-1.9425197146542,-4.86879422275808,-12.1618212329397,2.81715491343631,1.57434774251162,-0.208212767019972,5.79518715857491,-11.7620331061712,-2.56347690053106,-10.7231825081433,-9.60588882625223,-4.92014342316236,4.4380014768337,0.24,900,10,0.0899142369451706
"WH37B/900-10-28B0002.tiff",6.62295385298852,14.4929770429082,3.45497567153423,2.78115535961507,8.44557689261808,-1.41528730673563,-7.8707462511109,-3.51281207439487,6.51974026630751,-14.9874564437694,0.5336975094458,-0.920417504712336,-16.3079089075078,0.627004320919395,0.945436061550214,-7.96650527785925,10.8124131326859,-3.31590748597705,-5.02724607773944,-2.15243483321906,-12.070362733908,-7.0101996510681,-6.91734092533453,-7.57454755585659,0.24,900,10,0.289778810509415
"WH37B/900-10-28B0004.tiff",6.37863480387478,13.3619126949212,4.45608053595287,2.53311164965265,7.64316385184373,-1.532236758662,-6.30712529593093,-2.35900276047769,5.83443211521868,-13.4625937388865,0.331768632680172,-2.03246849886124,-18.029949161215,2.20756299182486,2.55148016646557,-9.23286654878352,10.5268848759972,-2.69073090460317,-4.8936504379255,-2.15057417780117,-13.2685762128884,-5.0692796385296,-6.25368125254373,-7.67247596526868,0.24,900,10,0.289778810509415
"WH37B/900-10-28B0006.tiff",7.38630519852256,14.3541378894704,3.63371448210411,2.19386458720304,8.82076356377249,-0.917884790526979,-7.50396370321708,-3.43819027944936,6.62491436523037,-14.5854510953369,0.560238106336356,-0.419231202279738,-15.1884590222722,1.63915878538923,0.259150831294238,-9.06744066175693,10.5833151823906,-2.9272278953184,-3.92477702093428,-1.62152846928896,-10.4355375435336,-5.44932662292482,-4.72967909284121,-8.63941869210223,0.24,900,10,0.289778810509415
"WH37B/900-10-28B0010.tiff",1.31807527689257,14.0257924531238,2.3680076045785,4.64656407037691,10.5208694629914,1.78410762323578,-5.26637623878578,-3.03764699933251,4.8906283616568,-12.8248037564002,0.126268098409901,-1.88646974415054,-6.42763095399715,-4.6662477070257,6.30379328950888,5.09903026410316,0.831560442427348,4.18279928443576,-7.08457411753747,-0.888840402225745,-7.85945906015249,-4.04788802984169,-8.95424570876238,7.67115288737618,0.24,900,10,0.289778810509415
"WH37B/900-10-28B0012.tiff",-7.6269223349198,2.38308254857189,5.71276607471601,1.73023963005913,10.8899645088104,2.44679620046392,-4.50971034036783,-2.77277841018838,7.35433498469791,-5.16785896953136,-0.0592134846719563,-2.30803161761103,2.45213469937376,-6.92859059516665,-1.17549211072749,0.164438210496773,5.13618581233843,1.68044110264293,-7.55119557418833,-2.46615464823224,0.843401375668439,-8.80168760370763,-2.81704796192794,2.11058837264085,0.24,900,10,0.289778810509415
"WH38A/900-10-35A0006.tiff",14.6889689172241,3.27285099518038,-1.32798990421013,-7.60022974492051,4.69766389191236,-4.40749064109859,-6.52276985050883,-1.43080551196752,-7.00514437090872,-11.6892401262857,-1.38623259344963,-4.2236967574995,-38.3204196012841,25.7114531369054,-33.5834843754681,25.6598338765133,0.950433071697147,3.43198811791445,-5.66464870785994,-0.678302747681469,-23.0765816394879,13.8936558837372,1.90381914942634,-9.5146260950075,0.35,900,10,3.64833655579896
"WH38A/900-10-35A0008.tiff",-3.29420780976876,-6.88132464873006,14.503986561288,-0.28228229662791,10.0096772821104,1.46565925890689,-4.64295281556975,-2.35610319952446,-6.12405912318627,0.069908744119193,-2.44326626511132,-6.02811279159576,2.35503061840969,1.1726438566933,8.13601913804028,3.56565808613619,-3.99961498887968,3.48029358536884,-0.197427307322021,2.50526049274808,-0.113405303260092,3.73370363228698,-4.91263367481768,5.67749945320111,0.35,900,10,3.64833655579896
"WH38A/900-10-35A0012.tiff",-4.1568499282831,-3.26158323726117,2.93443701300553,-3.10714741613477,7.22044479030843,-1.00395230095121,-4.11995722524028,-1.02052097765084,-9.44321120792857,4.11210449996359,-3.23451826021792,-5.09140761913708,8.64489623722542,2.83737577850381,6.40673397430025,6.83817551268259,-2.96858950947101,2.90934160471775,1.14568596187958,1.96868033220733,7.42867217054531,7.41708550197258,1.31132840456011,8.78184113144049,0.35,900,10,3.64833655579896
"WH38B/900-10-35A0014.tiff",15.7894986397281,5.73907706092921,0.660452002401483,-6.25638542960066,5.85215024924312,-2.75809934703099,-5.6447581243947,-1.69654299547109,-7.43219885610001,-14.79513217321,-1.43136736995628,-5.91929027100895,-28.6773696597779,9.08688981570558,2.16150518039634,-7.18635878892872,-0.374741902888927,4.31040822681524,-7.0992968563549,-0.225691277934859,-23.7297335160183,9.93225628663287,-3.86196333248284,-8.60958574471524,0.35,900,10,3.36058670404902
"WH38B/900-10-35A0020.tiff",11.8145556930947,4.49859909594879,-0.113115054119411,-4.66709565551741,6.87065794203389,-1.24460210437162,-4.56199560720291,-1.60252137909693,-8.68228472651151,-7.98470412139959,-2.32181861423915,-5.52106726261714,-10.0154326484552,0.0955824943959377,2.57568638910107,9.72894475562384,-11.0885695754659,7.22502277643427,-4.77296322645675,1.46838188478997,-11.0461439638644,5.57555469862509,-6.33292098116428,6.35547050424428,0.35,900,10,3.36058670404902
"WH38B/900-10-35A0022.tiff",6.13805812211903,6.0666310201734,-1.54561688718248,-2.20049240678894,7.8683369894626,0.872659419184785,-1.85192292940078,-0.561130163532986,-5.55696537093378,-3.88322664118124,-1.96936271097671,-1.93302779865787,-6.39122767266007,1.67028690840174,6.3143039738358,5.93581574304291,-7.97524166076092,4.51213150839262,4.03886963690956,3.72052567867018,-9.40391135493796,10.2795808102794,3.80696703091716,5.91828553228806,0.35,900,10,3.36058670404902
"WH38B/900-10-35A0024.tiff",11.7883310886696,3.26169827112789,-0.271960931056532,-6.56404481824865,5.99474363204216,-1.39038675597813,-3.59533643485151,-1.34154326845369,-17.897100490828,-10.9907644978715,-3.44521057753531,-4.40084836498619,-13.3694885042399,1.68847462453386,8.05663230505826,3.72207994225634,-26.2119007627258,3.51946926740939,2.13656479466413,6.6953670755314,-17.7039701249471,13.3200859471496,-1.89727769649807,4.53309606680968,0.35,900,10,3.36058670404902
