"ave.ave.branches","ave.branches","ave.max.branches","aveAreafine","avevoronoix","condAve","fineavennd","modelid"
2.96,1.16,3.19,2.07,2.36,0.94,2.44,"X-RF-001"
1.99,2.04,2.04,2.05,2.06,2.19,2.13,"X-RF-002"
2.79,1.78,2.96,1.86,2.12,0.73,2.64,"X-RF-003"
3.09,2,2.7,1.51,2.44,0.83,2.88,"X-RF-004"
2.1,2.19,2.13,2.11,2.21,2.23,2.13,"X-RF-005"
2.61,1.76,2.31,1.85,2.03,1.14,2.31,"X-RF-006"
2.59,1.83,2.06,2.17,2.33,1.44,1.94,"X-RF-007"
3.27,1.85,3.02,1.73,2.29,0.83,2.92,"X-RF-008"
2.98,1.9,2.81,1.73,2.17,0.76,2.64,"X-RF-009"
2.66,1.78,2.88,1.59,2.25,1.13,2.36,"X-RF-010"
2.65,1.87,2.54,1.53,2.16,1.12,2.33,"X-RF-011"
2.02,2.06,2.1,2.17,2.11,2.22,2.1,"X-RF-012"
3.08,1.79,2.96,1.85,2.27,0.72,2.72,"X-RF-013"
2.61,2,2.15,1.52,2.48,1.27,2.42,"X-RF-014"
3.2,1.9,2.78,1.96,2.42,0.76,2.3,"X-RF-015"
2.47,1.86,2.84,1.94,2.17,1.16,2.33,"X-RF-016"
2.26,2.25,2.09,1.95,2.08,2.06,2.04,"X-RF-017"
2.03,1.94,1.96,2,2.17,1.91,2.08,"X-RF-018"
1.84,2.21,2.19,1.66,1.98,2.36,2.35,"X-RF-019"
2.1,2.21,2,1.99,2.12,2.07,2.04,"X-RF-020"
2.94,1.71,2.94,1.81,2.23,0.87,2.49,"X-RF-021"
2.94,1.57,2.53,1.98,2.52,0.76,2.67,"X-RF-022"
2.36,1.82,2.53,1.79,2.25,1.13,2.43,"X-RF-023"
3,1.66,2.99,1.95,2.16,0.84,2.87,"X-RF-024"
2.92,1.93,3.11,1.94,2.4,0.65,2.74,"X-RF-025"
3.04,1.53,2.95,1.94,2.27,0.84,2.98,"X-RF-026"
2.03,2,2,2.24,2.05,1.88,2,"X-RF-027"
2.69,1.94,2.88,2.22,2.1,0.64,2.61,"X-RF-028"
2.12,2.37,2.05,1.94,2.21,2.19,2.19,"X-RF-029"
2.06,2.22,2.28,2.06,2.09,2.28,1.93,"X-RF-030"
2.2,2.13,2.2,1.97,2.17,2.24,2.03,"X-RF-031"
2.13,2.25,1.94,2.07,2.1,2.08,2.12,"X-RF-032"
2.56,1.96,2.7,1.94,1.96,1.36,2.34,"X-RF-033"
3.08,1.71,2.78,1.75,2.53,0.83,2.76,"X-RF-034"
2.55,1.79,2.37,1.74,2.18,1.29,2.17,"X-RF-035"
2.22,2.37,1.9,2.18,2,2.19,2.28,"X-RF-036"
2.18,2.13,2.09,2.26,2.05,2.16,2.19,"X-RF-037"
2.81,1.83,2.72,1.83,2.33,0.82,2.49,"X-RF-038"
3,1.77,2.46,1.54,1.77,1.46,1.69,"X-RF-039"
2.15,2.06,2.06,2.02,2.17,2.02,1.83,"X-RF-040"
2.8,1.68,2.77,1.98,2.33,0.71,2.57,"X-RF-041"
3.12,1.62,3.46,1.56,3.13,0.69,2.44,"X-RF-042"
2.07,1.99,2.03,1.89,2.06,1.8,2.24,"X-RF-043"
2.9,1.76,2.48,1.65,2.13,1.33,2.34,"X-RF-044"
2.44,1.77,2.44,1.85,2.32,1.13,2,"X-RF-045"
2.87,1.8,2.46,1.85,2.01,1.39,2.1,"X-RF-046"
2.05,1.96,2.13,2.35,2.13,2.16,2.09,"X-RF-047"
2.11,2.23,1.8,1.71,1.83,1.77,2.09,"X-RF-048"
2.15,2.2,2.15,2.35,2.03,2.12,2.13,"X-RF-049"
2.53,1.98,2.37,1.68,2.13,1.24,2.55,"X-RF-050"
2.07,1.92,1.88,2.1,2.13,2.03,2.1,"X-RF-051"
2.28,1.92,2.33,1.84,2.12,1.29,2.53,"X-RF-052"
2.86,2.14,3.29,1.41,2.19,0.85,2.5,"X-RF-053"
2.47,1.64,2.32,1.91,2.13,1.26,2.33,"X-RF-054"
2.13,2.24,2.19,2.24,1.85,2.02,2.07,"X-RF-055"
2.69,1.71,2.35,1.81,2.29,1.25,2.28,"X-RF-056"
2.22,1.5,2.17,1.62,2.11,0.88,2.61,"X-RF-057"
2.56,1.75,2.37,1.71,2.21,1.17,2.44,"X-RF-058"
3.17,1.76,3.03,2.11,2.26,0.76,2.93,"X-RF-059"
2.8,1.59,2.81,2.03,2.34,0.82,2.45,"X-RF-060"
2.62,1.87,2.04,1.56,2.01,1.34,2.16,"X-RF-061"
2.53,1.89,2.5,1.77,2.19,1.32,2.36,"X-RF-062"
3.11,1.79,3.79,1.79,2.95,0.63,2.53,"X-RF-063"
2.75,1.7,2.11,1.92,2,1.47,2.64,"X-RF-064"
2.04,1.99,2.17,1.86,2.01,1.97,2.03,"X-RF-065"
2.79,1.6,2.55,1.74,2.5,1.3,2.35,"X-RF-066"
3.32,1.89,3.06,1.83,2.47,0.88,2.38,"X-RF-067"
2.74,1.77,2.83,1.74,2.28,0.74,2.51,"X-RF-068"
2.09,2.15,2.01,2.39,2.3,2.07,2.07,"X-RF-069"
3.27,1.72,2.99,1.89,2.28,0.8,2.55,"X-RF-070"
2.52,1.49,2.53,2.14,1.84,1.12,2.12,"X-RF-071"
3.11,1.82,2.79,1.67,2.12,0.83,2.67,"X-RF-072"
2.58,1.83,2.58,1.71,2.04,0.83,2.54,"X-RF-073"
2.48,1.54,2.16,2.41,2.04,1.31,1.96,"X-RF-074"
2.95,1.78,2.45,1.52,2.42,1.15,2.36,"X-RF-075"
3.08,1.64,2.96,1.79,2.35,0.75,2.87,"X-RF-076"
2.94,1.59,3.06,1.78,2.28,0.78,2.34,"X-RF-077"
2.44,1.88,1.88,2.06,2,2.44,2.38,"X-RF-078"
2.65,1.63,2.72,1.87,2.33,0.86,2.58,"X-RF-079"
2.59,1.68,2.57,2.15,2.11,1.07,2.3,"X-RF-080"
1.91,1.98,2.05,1.97,1.94,2,2,"X-RF-081"
2.63,1.72,2.39,1.85,2.21,1.28,2.21,"X-RF-082"
2.38,2.05,2.47,1.48,1.96,1.22,2.34,"X-RF-083"
3.04,1.69,3.03,1.75,2.24,0.82,2.77,"X-RF-084"
1.97,2,2.04,2.01,1.97,2.03,2.05,"X-RF-085"
2.17,2.22,2.27,2.06,1.94,1.88,1.98,"X-RF-086"
2.31,2.01,2.02,1.91,2.05,2.27,2.02,"X-RF-087"
2.84,1.62,2.53,1.7,2.54,0.76,2.42,"X-RF-088"
2.26,2.15,1.72,2.26,2.18,2.18,1.92,"X-RF-089"
2.19,1.95,2.2,1.99,2.07,1.81,2.1,"X-RF-090"
2.77,2.06,3.01,1.88,2.36,0.81,2.37,"X-RF-091"
2,2.31,2.03,1.78,1.76,2.18,1.7,"X-RF-092"
2.72,1.97,2.72,1.91,2.24,0.87,2.94,"X-RF-093"
1.99,2.16,2.15,2.06,2.24,2.13,2.25,"X-RF-094"
2.68,1.95,2.69,1.73,2.07,1.29,2.35,"X-RF-095"
2.99,1.87,2.84,1.73,2.51,0.79,2.58,"X-RF-096"
2.03,2.11,1.93,2.02,1.96,1.88,2.09,"X-RF-097"
2.1,2.19,1.71,2.02,2.02,2.2,2.17,"X-RF-098"
2.28,2.26,2.17,2.47,1.81,2.45,1.85,"X-RF-099"
2.78,1.73,2.61,1.69,2.17,1.26,2.37,"X-RF-100"
2.43,1.92,2.39,1.61,2.33,1.16,2.15,"X-RF-101"
2.87,1.8,2.52,1.81,2.67,1.32,2.39,"X-RF-102"
2.66,1.74,2.37,2.02,2.13,1.07,2.36,"X-RF-103"
1.95,2.01,1.88,2.32,2.09,2.14,2.23,"X-RF-104"
2.88,1.66,2.65,1.77,2.35,0.94,2.8,"X-RF-105"
2.85,2.06,2.53,1.75,2.28,1.24,2.12,"X-RF-106"
2,2.27,2.82,1.73,2.27,1.18,2,"X-RF-107"
2.83,1.81,2.41,1.78,2.24,1.12,2.4,"X-RF-108"
3.01,1.89,3.11,1.73,2.37,0.78,2.41,"X-RF-109"
3.05,1.75,3.04,1.87,2.37,0.84,2.62,"X-RF-110"
1.83,1.91,1.87,2.04,1.98,2.1,2.07,"X-RF-111"
2.66,1.8,2.54,1.96,2.29,1.17,2.23,"X-RF-112"
2.83,1.63,3.05,1.74,2.61,0.76,3.13,"X-RF-113"
2.84,1.7,2.72,1.62,2.29,1.43,2.36,"X-RF-114"
1.89,1.44,2.78,1.83,2.06,2,2.17,"X-RF-115"
1.9,2.09,2.23,2.23,2.17,2.02,2.24,"X-RF-116"
2.24,1.86,2.45,2.08,2.64,1.23,2.44,"X-RF-117"
2.5,1.46,2.26,2.04,2.19,0.81,2.39,"X-RF-118"
2.64,2.02,2.35,1.83,2.13,1.22,2.35,"X-RF-119"
2.2,1.94,2.11,2.11,1.89,2.08,2.09,"X-RF-120"
2.08,2.01,2.15,1.97,2.14,2.11,1.9,"X-RF-121"
2.8,1.6,2.22,1.73,2.19,1,2.54,"X-RF-122"
2.6,1.74,2.42,1.79,2.02,1.17,2.31,"X-RF-123"
2.89,1.81,2.43,1.8,2.05,1.32,2.33,"X-RF-124"
2.32,1.6,2.42,1.83,2.37,0.85,2.27,"X-RF-125"
2.11,2.19,2.14,2.2,2.02,2.13,2.3,"X-RF-126"
2.02,2.08,1.95,2,2.12,2.15,2.14,"X-RF-127"
2.12,2.17,2.03,2.25,2.21,2.13,2.08,"X-RF-128"
2.02,2.07,1.91,2.27,2.2,2.39,2.05,"X-RF-129"
2.18,2.2,2.06,2.09,2.19,2.25,2.2,"X-RF-130"
3.19,2.19,3.12,1.69,2.12,0.69,2.56,"X-RF-131"
2.7,1.62,2.47,1.98,2.24,1.35,2.08,"X-RF-132"
1.76,1.76,1.82,2.03,2.24,2.11,2.21,"X-RF-133"
2.17,2.06,1.78,2.28,1.88,2.16,2.27,"X-RF-134"
2.33,1.9,2.16,2.28,2.05,1.92,1.94,"X-RF-135"
2.36,1.6,2.27,1.64,2.15,1.18,2.08,"X-RF-136"
2.01,2.25,2.08,2.19,1.95,2.08,2.07,"X-RF-137"
2.88,1.83,2.33,1.77,2.38,1.28,2.24,"X-RF-138"
2.54,1.69,2.3,1.81,2.25,1.09,2.16,"X-RF-139"
2.48,1.56,2.51,2.08,2.6,0.97,2.48,"X-RF-140"
2.87,1.87,3.07,1.4,2.67,0.93,2.4,"X-RF-141"
2.14,2.17,2.01,2.06,1.96,1.85,2.09,"X-RF-142"
2.72,1.79,2.51,1.83,2.19,1.16,2.33,"X-RF-143"
1.91,2.04,2.03,2.04,1.96,2.13,1.79,"X-RF-144"
1.84,2.01,1.8,1.86,2.03,2.21,1.79,"X-RF-145"
2.67,1.85,2.75,1.75,2.1,1.18,2.22,"X-RF-146"
2.06,2.16,2.03,2.15,2.03,2.26,2.14,"X-RF-147"
3.25,1.86,2.82,1.81,2.37,0.77,2.57,"X-RF-148"
2.06,2.36,2.03,2.35,2.01,2,1.93,"X-RF-149"
2.98,1.82,3.02,2.38,2.31,0.86,2.67,"X-RF-150"
2.09,1.93,1.86,2.29,1.93,2.07,2.31,"X-RF-151"
2.97,1.67,3,1.77,2.3,0.8,2.63,"X-RF-152"
2.27,1.64,2.18,1.91,2,1.09,2.64,"X-RF-153"
2.06,2.46,2.08,1.99,1.83,2.28,2.37,"X-RF-154"
2.71,1.52,2.9,1.8,2.32,0.73,2.67,"X-RF-155"
2.68,1.64,2.44,1.71,2.35,1.32,2.41,"X-RF-156"
2.08,2.67,2.25,2.08,1.75,1.58,2.08,"X-RF-157"
2.79,1.5,2.67,2.16,2.07,1.11,2.49,"X-RF-158"
3.23,1.83,2.88,1.95,2.24,0.71,2.85,"X-RF-159"
3,1.82,2.23,1.71,2.13,1.23,2.46,"X-RF-160"
2.64,1.87,2.73,1.88,2.18,1.26,2.3,"X-RF-161"
3.09,1.6,2.88,1.79,1.94,0.97,2.44,"X-RF-162"
2.43,1.64,2.3,1.85,2.42,1.28,1.88,"X-RF-163"
2.63,1.73,2.44,1.65,2.52,1.14,2.12,"X-RF-164"
3.22,1.82,2.77,1.85,2.58,0.68,2.54,"X-RF-165"
2.64,1.47,2.71,1.99,2.33,0.84,2.8,"X-RF-166"
2.49,1.6,1.99,1.87,2.4,1.52,1.97,"X-RF-167"
2.89,1.72,2.7,1.43,2.14,1,2.56,"X-RF-168"
2.08,2.1,2.23,2.12,2.22,2.2,2.04,"X-RF-169"
2.68,1.61,2.5,1.92,2.12,1.29,2.36,"X-RF-170"
2.79,1.78,2.89,1.74,2.27,0.85,2.82,"X-RF-171"
2.09,1.89,2,2.42,2,2.21,2.09,"X-RF-172"
1.92,2.33,1.96,2.24,2.02,1.92,1.96,"X-RF-173"
2.66,1.74,2.53,1.75,2.04,1.36,2.54,"X-RF-174"
2.7,2,2.7,1.75,2.28,0.77,2.45,"X-RF-175"
2.84,1.72,2.78,1.87,2.27,0.85,2.67,"X-RF-176"
2.03,1.95,2.21,1.79,1.99,1.98,2.21,"X-RF-177"
2.97,1.98,2.75,2.07,2.83,0.69,2.67,"X-RF-178"
2.93,1.66,2.87,1.83,2.53,0.82,2.65,"X-RF-179"
2.48,1.68,2.51,1.89,2.32,1.28,2.2,"X-RF-180"
2.51,1.64,2.2,1.84,2.15,1.21,2.36,"X-RF-181"
3.05,1.71,2.87,1.86,2.28,0.86,2.77,"X-RF-182"
3.04,1.96,2.61,1.95,2.22,0.86,2.68,"X-RF-183"
2.03,2.12,2.15,2.06,1.98,2.04,2.07,"X-RF-184"
2.8,1.88,2.83,1.84,2.21,0.89,3.07,"X-RF-185"
2.54,2.1,2.18,1.55,2.39,1.23,2.3,"X-RF-186"
3.2,1.62,2.88,1.88,2.18,0.76,2.77,"X-RF-187"
2.96,1.69,2.88,2,2.31,0.85,2.65,"X-RF-188"
2.89,1.95,2.89,1.82,2.4,0.86,2.82,"X-RF-189"
2.99,1.58,2.97,1.84,2.3,0.81,2.67,"X-RF-190"
2.53,1.74,2.65,2.4,2.25,0.72,2.29,"X-RF-191"
2.63,1.43,2.29,1.82,2.13,0.92,2.49,"X-RF-192"
2.17,2.21,2.09,1.93,1.83,2.11,2,"X-RF-193"
2.44,1.91,1.95,1.66,2.24,1.27,2.53,"X-RF-194"
3.13,1.92,3.04,1.78,2.47,0.71,2.61,"X-RF-195"
2.16,2.1,2.25,1.98,2.21,2.31,2.16,"X-RF-196"
2.08,2.12,2,2.01,2.26,2.11,2.14,"X-RF-197"
3.13,1.86,2.85,1.63,2.13,0.84,2.65,"X-RF-198"
2.88,2,2.95,1.72,2.23,0.77,2.97,"X-RF-199"
2.84,1.76,2.28,2.04,2.22,1.25,2.16,"X-RF-200"
2.61,1.85,2.44,1.87,1.99,1.2,2.43,"X-RF-201"
2,2.04,1.97,2.02,1.91,2.09,2.04,"X-RF-202"
1.87,2.07,2.01,2,2.15,1.69,2.15,"X-RF-203"
2.96,1.53,2.82,1.81,2.19,0.87,2.64,"X-RF-204"
2.43,1.69,2.28,2.01,2.34,1.25,2.42,"X-RF-205"
2.52,1.72,2.78,1.69,2.22,1.23,2.58,"X-RF-206"
2.85,1.61,2.24,1.74,2.32,1.15,2.77,"X-RF-207"
1.98,2.01,2.01,1.93,1.81,2.06,2.04,"X-RF-208"
2.48,1.88,2.5,1.82,2.1,1.27,2.48,"X-RF-209"
2.58,2,2.28,1.82,2.18,1.14,2.3,"X-RF-210"
1.94,2.24,2.23,2.11,1.87,2.05,2.24,"X-RF-211"
2.94,1.66,2.47,1.89,2.16,1.3,2.47,"X-RF-212"
2.7,1.98,2,1.6,2.21,1.11,2.23,"X-RF-213"
2.98,1.96,2.48,1.92,2.04,1.39,2.31,"X-RF-214"
2.29,2.39,2.12,2.09,1.96,2.12,2.15,"X-RF-215"
2.83,1.6,2.86,1.89,2.26,0.94,2.58,"X-RF-216"
3,2.42,2.17,1.75,1.67,2.75,2.42,"X-RF-217"
2.86,1.86,3.11,1.82,2.41,0.79,2.95,"X-RF-218"
2.68,1.84,2.23,1.74,2.25,1.13,2.19,"X-RF-219"
3.13,1.79,3,1.93,2.09,0.74,2.81,"X-RF-220"
2.8,1.36,2.52,1.88,1.76,1.4,2.24,"X-RF-221"
1.8,2.15,1.99,1.78,1.9,2.06,2.07,"X-RF-222"
2.93,1.87,2.94,1.74,2.4,0.82,2.73,"X-RF-223"
2.71,1.53,2.95,1.64,2.07,0.96,2.65,"X-RF-224"
2.56,1.79,2.84,1.76,2.35,1.13,2.29,"X-RF-225"
2.99,1.81,2.76,1.9,2.25,0.9,2.68,"X-RF-226"
2.92,2.03,2.86,1.76,2.24,0.87,2.73,"X-RF-227"
2,2.26,2.08,2.08,1.98,2.18,2.08,"X-RF-228"
3.02,1.8,2.87,1.89,2.21,0.81,2.5,"X-RF-229"
1.93,2.02,2.09,1.91,1.98,2.01,2.13,"X-RF-230"
2.16,2.28,2.28,2.02,2.17,2.14,1.99,"X-RF-231"
1.97,1.92,2.04,1.91,2.29,2.07,2.09,"X-RF-232"
1.92,2.01,1.94,2.24,1.92,1.95,2.12,"X-RF-233"
2.92,1.55,2.71,1.89,2.34,0.71,2.66,"X-RF-234"
2.59,1.74,2.23,1.63,2.16,1.27,2.27,"X-RF-235"
2.58,1.91,2.33,1.8,2.39,1.58,2.46,"X-RF-236"
2.9,1.56,2.87,1.76,2.43,0.87,2.86,"X-RF-237"
2.91,1.9,3.11,1.58,2.26,0.87,2.88,"X-RF-238"
2.25,2.16,1.84,2.5,2.14,2.35,1.99,"X-RF-239"
2.48,1.8,2.49,1.78,2.19,1.31,2.48,"X-RF-240"
2.7,1.89,2.38,1.82,1.98,1.38,2.19,"X-RF-241"
2,1.62,2.38,1.5,2.15,1.27,2.36,"X-RF-242"
2.21,1.96,2.07,1.9,2.13,2.14,2.09,"X-RF-243"
2.02,2.14,2.1,2.19,2.07,2,2.09,"X-RF-244"
2.89,2.03,2.85,2.02,2.02,0.84,2.74,"X-RF-245"
2.95,2.1,2.75,1.85,2.65,0.9,1.89,"X-RF-246"
2.04,2.05,1.81,1.87,2.03,2.09,1.98,"X-RF-247"
3.08,1.92,2.95,1.76,2.42,0.72,2.45,"X-RF-248"
2.03,2.04,2.07,2.04,1.96,1.96,1.95,"X-RF-249"
3.05,1.4,2.95,1.74,2.25,0.99,2.88,"X-RF-250"
2.8,1.73,2.8,1.66,1.89,0.91,2.98,"X-RF-251"
2.86,1.53,2.41,1.58,2.14,1.46,2.46,"X-RF-252"
2.79,1.59,2.34,1.73,2.15,1.24,2.41,"X-RF-253"
3.33,1.47,3,1.19,3.11,0.74,2.65,"X-RF-254"
2.76,1.7,2.54,2.15,2.62,0.8,2.52,"X-RF-255"
1.96,2.09,2.17,2.17,2.12,2.26,2.14,"X-RF-256"
2.64,1.69,2.32,1.71,2.18,1.24,2.19,"X-RF-257"
2.76,1.63,2.32,1.72,1.97,1.26,2.39,"X-RF-258"
2.71,1.92,2.73,1.8,2.14,0.87,2.74,"X-RF-259"
2.63,1.92,3.05,1.83,2.52,0.75,2.59,"X-RF-260"
3.12,1.39,2.67,2.33,2.33,0.52,2.88,"X-RF-261"
2.75,1.81,2.91,1.75,2.64,0.65,2.62,"X-RF-262"
2.93,1.69,2.85,1.77,2.52,0.66,2.75,"X-RF-263"
2.47,1.67,2.58,1.76,1.99,1.35,2.71,"X-RF-264"
1.97,1.94,2.17,2.08,2.09,2.12,2.42,"X-RF-265"
2.93,1.98,2.92,1.72,2.27,0.79,3.17,"X-RF-266"
2.1,2.31,2.25,2.2,2.07,2.15,2.22,"X-RF-267"
2.91,1.85,2.34,1.77,2.33,1.25,2.21,"X-RF-268"
2.43,1.62,2.46,1.66,2.08,1.32,2.3,"X-RF-269"
3.19,1.76,3.11,1.64,2.3,0.79,2.82,"X-RF-270"
2.72,1.84,2.29,1.58,2.2,1.23,2.42,"X-RF-271"
2.08,2.05,2.12,2.01,1.92,2.09,1.87,"X-RF-272"
3.03,1.71,2.91,1.76,2.25,0.75,2.68,"X-RF-273"
2.86,2.47,2.8,2.27,2.33,0.87,2,"X-RF-274"
2.5,1.79,2.4,1.85,2.11,1.25,2.34,"X-RF-275"
2.86,1.86,2.63,1.94,2.21,1.25,2.27,"X-RF-276"
2.52,1.77,2.38,1.74,2.43,1.31,2.36,"X-RF-277"
2.48,1.95,2.34,1.61,2.24,1.19,2.2,"X-RF-278"
2.85,1.96,2.7,1.78,2.16,0.84,2.6,"X-RF-279"
2.01,2.28,2.17,2.02,2.11,2.11,1.68,"X-RF-280"
2.99,1.64,2.98,2.02,2.69,0.81,2.73,"X-RF-281"
2.47,2.16,2.48,2,2.56,0.98,2.27,"X-RF-282"
2.63,1.44,3.26,1.85,2.44,0.89,3.07,"X-RF-283"
2.84,1.74,2.62,1.72,2,1.3,2.18,"X-RF-284"
3.23,1.76,2.89,1.76,2.51,0.91,2.61,"X-RF-285"
2.81,1.66,2.81,2,2.33,0.84,2.48,"X-RF-286"
3.2,1.62,3.12,1.86,2.28,0.8,2.68,"X-RF-287"
1.92,2.06,2.16,2.04,2.07,2.05,2.12,"X-RF-288"
2.47,1.72,2.13,1.71,2.2,1.26,2.27,"X-RF-289"
2.77,1.77,2.45,1.66,2.02,1.25,2.18,"X-RF-290"
2.53,1.12,1.94,2.35,2.87,1.12,2.59,"X-RF-291"
2.1,2.19,2.28,1.96,2.06,2.23,2.06,"X-RF-292"
2,2.39,2.19,2.02,2,2.01,2.2,"X-RF-293"
2.01,2.16,1.99,1.95,2.02,1.89,2.04,"X-RF-294"
2.4,2.9,2.1,2.6,2.4,1.8,2.9,"X-RF-295"
2.25,2.15,2.38,2.28,1.84,2.16,2.31,"X-RF-296"
2.1,1.8,1.85,2.35,2.25,2,2.45,"X-RF-297"
2.09,2.2,2.01,2.05,1.92,2.15,2.09,"X-RF-298"
2.34,1.32,2.65,1.52,2.34,1.33,1.87,"X-RF-299"
2.41,1.83,2.47,1.9,2.16,1.31,2.3,"X-RF-300"
2.85,1.88,2.86,1.58,2.35,0.81,2.58,"X-RF-301"
2.34,1.81,2.35,1.68,2.22,1.34,2.54,"X-RF-302"
2.81,1.68,2.17,1.45,2.09,0.91,2.14,"X-RF-303"
2.8,1.74,2.93,1.87,2.47,0.77,2.84,"X-RF-304"
2.21,1.9,3.03,1.47,2.31,1.02,2.11,"X-RF-305"
2.87,1.82,2.88,1.83,2.26,0.87,2.72,"X-RF-306"
2.68,1.77,2.28,1.67,2.07,1.24,2.19,"X-RF-307"
2.6,1.89,2.65,1.67,2.16,1.21,2.69,"X-RF-308"
2.68,1.74,2.44,1.66,2.06,1.15,2.36,"X-RF-309"
2.55,1.98,2.31,1.88,2.14,1.16,2.61,"X-RF-310"
2.53,1.96,2.3,1.68,2.23,1.26,2.15,"X-RF-311"
2.63,1.84,2.3,1.7,2.17,1.32,2.21,"X-RF-312"
2.43,2,2.57,1.86,1.5,1.57,2.38,"X-RF-313"
2.82,1.71,2.85,1.78,2.38,0.9,2.64,"X-RF-314"
3.08,1.59,2.94,2.14,2.33,0.79,2.54,"X-RF-315"
2.45,1.72,2.46,1.73,2.33,1.19,2.34,"X-RF-316"
2.34,2.03,2.54,1.97,2.2,2.3,2.17,"X-RF-317"
2.64,1.67,2.74,1.93,2.24,1.08,2.25,"X-RF-318"
2.71,1.54,2.44,1.93,2.14,1.22,2.23,"X-RF-319"
2.69,1.62,2.23,1.87,2.2,1.28,2.6,"X-RF-320"
2.56,1.66,2.47,1.91,1.98,1.35,2.4,"X-RF-321"
2.02,2.03,1.98,2.1,2.06,2.14,2.08,"X-RF-322"
2.73,2.23,2.4,1.6,2.15,1.38,2.06,"X-RF-323"
3.14,1.66,2.91,1.79,2.64,0.9,2.71,"X-RF-324"
2.98,1.62,3.23,2.15,2.27,0.79,2.67,"X-RF-325"
2.52,1.67,2.26,1.99,2.13,1.29,2.17,"X-RF-326"
2.62,1.87,2.31,1.58,2.13,1.31,2.47,"X-RF-327"
3.02,2.03,2.99,1.59,2.44,0.7,2.75,"X-RF-328"
3.2,1.66,2.7,1.69,2.33,0.82,3.08,"X-RF-329"
2.97,1.7,2.87,1.65,2.16,0.87,2.49,"X-RF-330"
2.66,1.68,2.41,1.75,2.22,1.15,2.21,"X-RF-331"
2.97,1.35,2.17,1.73,2.15,1.06,3.03,"X-RF-332"
3.03,2.03,2.45,2.14,2.03,0.72,2.83,"X-RF-333"
2.4,1.83,2.44,1.83,2.31,1.34,1.93,"X-RF-334"
2.7,1.7,3.17,1.96,2.19,0.95,2.68,"X-RF-335"
2.01,2.05,2.06,2.09,2,1.89,1.95,"X-RF-336"
2.55,1.72,2.37,1.93,2.14,1.14,2.17,"X-RF-337"
2.58,1.6,2.59,1.61,2.36,1.17,2.11,"X-RF-338"
2.43,1.93,2.34,1.61,2.06,1.46,2.29,"X-RF-339"
2.62,1.9,2.51,1.79,2.27,1.12,2.44,"X-RF-340"
2.96,1.94,3.16,1.83,2.47,0.74,2.77,"X-RF-341"
2.61,1.76,2.46,1.92,2.28,1.22,2.35,"X-RF-342"
2.68,1.84,2.64,1.79,2.34,1.13,2.07,"X-RF-343"
1.96,2.23,2.08,2.46,1.98,1.89,2.12,"X-RF-344"
3.04,1.79,2.61,1.52,2.46,0.86,2.42,"X-RF-345"
2.02,1.83,2.03,2.02,2.11,1.72,1.95,"X-RF-346"
2.92,1.83,2.27,1.64,2.12,1.34,2.4,"X-RF-347"
2.73,1.8,2.48,1.72,2.31,1.2,2.22,"X-RF-348"
2.94,1.45,2.88,1.96,2.17,0.76,2.66,"X-RF-349"
2.78,1.68,2.73,1.7,2.29,1.41,2.24,"X-RF-350"
3.02,1.55,2.66,1.85,2.58,0.58,2.62,"X-RF-351"
2.07,2.33,1.96,2.11,2.44,2.01,2.26,"X-RF-352"
2.38,1.51,2.53,2.19,2.12,1.13,2.1,"X-RF-353"
2.2,1.89,2.15,2.14,1.82,1.89,1.95,"X-RF-354"
2.09,2.03,2.03,2.09,2.19,2.15,2.03,"X-RF-355"
2.7,2.17,2.34,1.75,2.28,1.08,2.71,"X-RF-356"
1.6,1.88,2.19,1.91,1.7,2.08,2.5,"X-RF-357"
2.78,1.69,2.94,1.71,2.34,0.78,2.57,"X-RF-358"
1.92,2,2.22,2.11,2.02,2.24,2.14,"X-RF-359"
2.9,1.9,2.84,1.61,2.35,0.78,2.74,"X-RF-360"
2.44,1.95,2.28,1.79,2.41,1.18,2.17,"X-RF-361"
2.7,1.9,2.45,1.8,1.97,1.3,2.16,"X-RF-362"
2.76,1.62,2.66,1.83,2.28,0.81,2.84,"X-RF-363"
2.58,1.83,2.51,1.59,2.14,1.05,2.15,"X-RF-364"
2.74,1.76,2.48,1.77,2.19,1.23,2.36,"X-RF-365"
3.08,1.91,2.99,1.9,2.58,0.81,2.38,"X-RF-366"
2.83,1.7,2.59,1.81,2.38,1.26,2.25,"X-RF-367"
3.01,1.75,2.86,1.95,2.3,0.74,2.87,"X-RF-368"
2.46,1.35,2.66,1.41,2.01,0.83,2.61,"X-RF-369"
2.41,1.82,2.55,1.71,2.2,1.12,2.21,"X-RF-370"
2.54,1.63,2.06,1.6,2.03,1.37,2.6,"X-RF-371"
3.06,1.65,2.97,2.1,2.33,0.84,2.7,"X-RF-372"
2.37,1.9,2.46,1.77,2.37,1.2,2.18,"X-RF-373"
2.69,1.76,3.06,1.83,2.52,0.81,2.91,"X-RF-374"
2.89,1.82,2.77,2.08,2.26,0.75,2.8,"X-RF-375"
2.43,2.16,2.27,2.24,2.2,2.06,2.47,"X-RF-376"
2.21,2.23,2.03,2.11,2.04,2.21,2.11,"X-RF-377"
2.96,1.98,2.8,1.84,2.36,0.73,2.89,"X-RF-378"
3.33,1.76,3.08,1.97,2.19,0.81,2.69,"X-RF-379"
1.96,1.96,2.08,2.12,2.02,2.01,2.01,"X-RF-380"
2.83,1.9,2.53,1.84,2.21,1.17,2.29,"X-RF-381"
2.09,2.07,1.91,1.98,1.97,2.03,1.97,"X-RF-382"
2.64,1.82,2.44,1.74,2.19,1.22,2.13,"X-RF-383"
3.12,2.03,2.84,1.67,2.28,0.81,2.62,"X-RF-384"
2.96,1.76,3.06,1.84,2.34,0.79,3.01,"X-RF-385"
2.35,2.09,2.45,1.69,2.45,1.28,2.26,"X-RF-386"
2.68,2.01,2.2,1.81,2.43,1.19,2.33,"X-RF-387"
3.21,1.62,2.88,1.83,2.41,0.76,2.77,"X-RF-388"
2.69,1.92,2.81,1.91,2.42,0.81,2.64,"X-RF-389"
3.21,1.66,2.9,1.72,2.5,0.81,3.11,"X-RF-390"
2.78,1.8,2.71,1.7,2.15,1.2,2.36,"X-RF-391"
2.54,1.96,2.64,1.78,2.19,1.26,2.32,"X-RF-392"
1.99,2.14,2.02,2.25,2.05,2.28,2.02,"X-RF-393"
2.2,2.41,2.2,2.04,1.98,2.08,2.11,"X-RF-394"
1.74,2.05,1.83,2.33,1.93,2.12,2.02,"X-RF-395"
2.73,1.85,3.04,1.96,2.37,0.63,2.75,"X-RF-396"
2.54,1.5,2.25,1.64,2.36,1.26,2.23,"X-RF-397"
2.8,1.94,2.61,1.65,1.98,1.3,2.45,"X-RF-398"
1.99,1.91,2.03,2.24,2.26,2.06,2.19,"X-RF-399"
2.09,1.79,2.06,2.13,2.22,2.05,2.15,"X-RF-400"
1.98,2.14,1.95,1.95,2.29,1.91,2.11,"X-RF-401"
2.52,1.73,2.47,1.98,2.21,1.29,2.42,"X-RF-402"
2.99,1.89,2.81,1.76,2.11,0.79,2.92,"X-RF-403"
2.84,2,3.06,1.71,2.84,0.7,1.78,"X-RF-404"
2.98,1.82,3.23,2.18,2.34,0.64,2.72,"X-RF-405"
2.59,1.57,2.69,1.83,2.04,1.2,2.67,"X-RF-406"
2.41,2.03,2.53,1.79,2.04,1.23,2.66,"X-RF-407"
2.39,1.8,2.55,1.79,2.44,1.28,2.18,"X-RF-408"
3.18,1.78,2.97,1.61,2.35,0.79,2.54,"X-RF-409"
2.66,1.82,2.76,1.67,2.28,1.24,2.24,"X-RF-410"
2.95,1.57,2.85,2.29,2.15,0.78,2.93,"X-RF-411"
1.9,1.93,2.1,2.1,2.06,2.12,1.93,"X-RF-412"
2.66,1.98,2.33,1.7,2.29,1.35,2.09,"X-RF-413"
2.33,1.68,2.24,1.76,2.1,1.36,2.16,"X-RF-414"
2.65,1.55,2.38,2.02,2.26,0.95,2.29,"X-RF-415"
2.14,2.18,2.22,2.04,2.26,2.17,2.02,"X-RF-416"
2.54,2.03,2.56,1.89,2.04,1.19,2.45,"X-RF-417"
2.18,2.01,2,1.94,1.9,2.13,1.86,"X-RF-418"
2.03,1.87,1.95,1.92,1.9,2.08,2.09,"X-RF-419"
2.8,1.83,2.41,1.97,2.25,1.07,2.2,"X-RF-420"
2.22,2.09,2.11,2.23,1.98,2.33,2.14,"X-RF-421"
3.02,1.51,2.81,1.66,2.31,0.89,3.12,"X-RF-422"
3.14,1.84,2.7,2.28,2.24,0.59,2.86,"X-RF-423"
2.32,2.14,2.33,2.1,1.93,2.05,2.15,"X-RF-424"
2.56,1.7,2.49,1.67,2.14,1.16,2.1,"X-RF-425"
2.12,2.32,2.28,2.02,1.93,2.09,1.86,"X-RF-426"
2.11,2.18,1.91,1.95,2.04,1.95,2.18,"X-RF-427"
1.83,2.02,2.12,2.03,2.05,2.16,1.94,"X-RF-428"
2.77,1.71,2.66,1.89,2.4,0.84,2.6,"X-RF-429"
3.14,1.91,3.06,1.67,2.3,1.06,2.47,"X-RF-430"
1.81,2.29,1.95,2.14,2.71,2,2.43,"X-RF-431"
2.51,1.76,2.5,1.62,2.11,1.19,2.35,"X-RF-432"
1.86,2.25,2.12,2.27,2.13,2.13,1.7,"X-RF-433"
2.62,1.59,2.28,1.73,2.12,1.29,2.43,"X-RF-434"
2.82,1.6,2.97,1.93,2.13,0.76,2.4,"X-RF-435"
3.16,1.73,3,2.18,2.33,0.73,2.61,"X-RF-436"
2.84,1.45,3,1.71,2.04,1.05,2.68,"X-RF-437"
2.11,2.11,2.19,1.89,2.12,1.87,1.73,"X-RF-438"
2.45,2.02,2.23,1.89,2.4,1.11,2.09,"X-RF-439"
2.08,2.45,2.13,2.21,2.11,2.23,2.2,"X-RF-440"
2.88,1.89,2.91,1.81,2.32,0.78,2.79,"X-RF-441"
3.21,1.44,2.78,1.76,1.93,1.18,2.19,"X-RF-442"
2.51,1.82,2.37,1.77,2,1.35,2.44,"X-RF-443"
2.07,1.96,1.92,2.02,1.91,1.92,1.99,"X-RF-444"
3.19,1.51,2.75,1.8,2.32,0.84,3.04,"X-RF-445"
2.62,2.15,2.56,1.96,2.16,1,2.15,"X-RF-446"
1.95,2.05,2.23,2.11,2.16,2.05,2.09,"X-RF-447"
1.95,2.08,1.96,2.07,2.14,2,2.04,"X-RF-448"
2.07,2.5,1.7,2.21,2.19,1.93,2.04,"X-RF-449"
1.92,2.08,2.26,2.05,2.27,2.07,2.09,"X-RF-450"
2,2.11,2.18,2.24,2.12,2.09,1.98,"X-RF-451"
2.56,1.98,2.42,1.78,2.39,0.74,2.59,"X-RF-452"
1.98,1.91,2.62,2.11,1.95,2,2.2,"X-RF-453"
2.71,1.72,2.44,1.79,2.2,1.3,2.38,"X-RF-454"
1.91,2.21,2,2.55,2.42,1.91,2.15,"X-RF-455"
3.08,1.62,2.91,1.97,2.5,0.75,2.99,"X-RF-456"
2.12,2.44,1.44,2.17,2.44,2.24,1.84,"X-RF-457"
2.76,2.13,2.74,1.64,2.47,0.68,2.66,"X-RF-458"
3.21,1.73,2.93,1.58,2.23,0.82,2.85,"X-RF-459"
2.88,1.79,2.79,2.05,2.24,0.65,2.63,"X-RF-460"
2.86,1.72,2.93,1.74,2.38,0.83,2.96,"X-RF-461"
2.77,1.71,2.6,1.72,2.24,1.27,2.24,"X-RF-462"
1.93,1.98,2.15,1.94,1.98,2.22,2.09,"X-RF-463"
2.45,1.92,2.49,1.74,1.89,1.32,2.41,"X-RF-464"
1.93,2.14,2,2.12,2,2.21,2.05,"X-RF-465"
2.38,1.68,2.14,1.49,2.23,1.27,2.09,"X-RF-466"
2.57,1.73,2.35,1.7,2.21,1.34,2.28,"X-RF-467"
2.89,1.8,3.29,1.91,2.24,0.84,2.85,"X-RF-468"
2.25,2.16,2.03,2.3,2.11,2.42,2.13,"X-RF-469"
2.65,1.88,2.5,1.97,2.09,1.14,2.33,"X-RF-470"
2.94,1.79,2.78,1.53,2.32,0.75,2.57,"X-RF-471"
3.06,1.72,2.71,1.76,1.82,1.24,2.56,"X-RF-472"
2.98,1.76,3.1,1.89,2.4,0.81,2.81,"X-RF-473"
2.83,1.59,2.56,1.96,2.27,1.24,2.11,"X-RF-474"
2.89,1.8,3.09,1.74,2.15,0.78,2.43,"X-RF-475"
2.16,2.02,2.05,1.76,2.05,2.24,2,"X-RF-476"
1.62,2.04,2.36,2.28,1.58,2.91,2.38,"X-RF-477"
2.37,2,2.57,1.81,2.2,1.25,2.46,"X-RF-478"
2.61,1.43,2.53,2.38,2.03,0.54,3,"X-RF-479"
2.84,2.29,2.81,1.45,2.39,0.81,2.84,"X-RF-480"
2.4,1.26,2.51,1.75,2.15,0.91,2.12,"X-RF-481"
2.09,1.9,2.03,2.05,2.06,2.02,2,"X-RF-482"
2.92,1.85,2.9,2,2.46,0.74,2.74,"X-RF-483"
2.52,1.38,2.65,1.83,2.22,0.82,2.77,"X-RF-484"
3.05,1.47,2.62,2.2,2.64,0.62,2.82,"X-RF-485"
2.98,1.66,2.96,1.69,2.59,0.79,2.67,"X-RF-486"
2.77,2.06,2.49,1.96,2.05,1.18,2.61,"X-RF-487"
2.88,1.78,2.8,1.74,2.39,0.82,2.49,"X-RF-488"
2.38,1.55,2.34,1.78,2.25,1.31,2.28,"X-RF-489"
2.94,1.78,2.78,1.72,2.48,0.73,2.53,"X-RF-490"
2.19,2.08,2.05,2.08,2.13,2.19,2.15,"X-RF-491"
3.17,1.8,3.03,2.03,2.52,0.74,2.71,"X-RF-492"
2.05,1.62,1.35,2.17,1.95,2.57,1.78,"X-RF-493"
2.93,1.67,2.96,1.54,2.31,0.95,3.24,"X-RF-494"
2.8,1.76,2.73,1.73,2.28,1.1,2.47,"X-RF-495"
2.17,1.77,2.19,1.92,2,1.98,2.07,"X-RF-496"
2.91,1.8,2.97,1.66,2.38,0.85,2.37,"X-RF-497"
2.72,1.82,2.55,1.8,2.62,0.71,2.82,"X-RF-498"
3.05,1.72,2.67,1.87,2.1,0.77,2.91,"X-RF-499"
2.17,1.94,2.15,2.09,2.07,1.99,1.99,"X-RF-500"
