"condAve","nnd_pc1","nnd_pc2","nnd_pc3","nnd_pc4","r3d_pc1","r3d_pc2","r3d_pc3","r3d_pc4","skel_avbr_pc1","skel_avbr_pc2","skel_avbr_pc3","skel_avbr_pc4","skel_br_pc1","skel_br_pc2","skel_br_pc3","skel_br_pc4","skel_mxbr_pc1","skel_mxbr_pc2","skel_mxbr_pc3","skel_mxbr_pc4","vrn_pc1","vrn_pc2","vrn_pc3","vrn_pc4","modelid"
1.33,3.56,3.68,4.04,2.83,2.76,4.1,3.74,3.91,4.26,3.51,4.2,4.48,3.05,4.28,3.86,4.34,4.22,3.26,3.69,4.54,3.35,3.26,3.89,3.57,"PC-RF-001"
1.12,4.38,3.92,4.67,3.65,2.8,4.54,3.82,4.1,4.29,4.74,5.04,4.94,2.38,4.46,3.94,4.59,4.83,3.81,4.2,4.79,3.12,3.56,3.91,3.94,"PC-RF-002"
1.87,3.85,3.54,4.05,3.03,2.3,3.27,2.73,3.81,4.07,3.72,3.42,3.97,2.87,3.28,3.18,3,3.64,3.36,4.18,3.54,2.84,3.39,4.1,3.64,"PC-RF-003"
1.16,4.35,3.89,4.34,4.2,2.67,4.57,3.69,3.73,4.28,4.41,4.71,4.49,3.4,4.59,4.08,4.48,4.41,3.85,4.4,4.7,3.3,3.63,4.11,4.05,"PC-RF-004"
1.05,3.79,3.94,4.1,3.67,2.12,4.62,4.44,3.12,3.62,4.52,3.85,4.75,3.9,4,3.85,3.6,3.74,2.53,4.35,4.95,3.42,3.5,3.83,4.04,"PC-RF-005"
0.8,4.36,4.4,4.71,4,2.34,3.9,3.5,3.7,4.11,4.75,4.3,4.77,2.73,4.62,3.76,4.47,4.22,3.65,4.17,4.97,3.4,3.18,3.94,3.88,"PC-RF-006"
2.05,3.31,2.79,3.3,2.65,1.98,3.38,2.62,3.28,2.82,3.05,3.01,3.19,2.05,3.14,3.51,3.03,2.88,2.05,3.03,2.86,2.97,2.69,3.63,2.88,"PC-RF-007"
0.85,4,3.68,4.03,3.88,2.51,4.3,3.74,4.19,4.41,4.29,4.19,4.37,3.46,4.26,3.67,4.06,4.46,3.67,4.27,4.59,3.51,3.69,3.9,3.72,"PC-RF-008"
1.64,3.13,3.02,3.25,2.56,1.84,3.41,3,2.87,3.6,3.18,3.37,3.39,2.26,3.48,2.72,3.05,3.26,2.46,3.68,3.34,2.87,2.84,3.55,3.53,"PC-RF-009"
0.85,3.84,4.75,4.5,3.22,2.27,4.15,3.24,3.35,4.45,3.55,3.73,4.26,2.46,4.29,3.76,4.5,4.58,2.74,3.76,3.88,3.37,3.38,3.98,3.48,"PC-RF-010"
0.71,3.39,3.46,3.67,3.43,2.39,3.56,3.3,3.4,3.64,2.65,3.52,3.62,2.43,4.44,3.27,3.44,3.61,2.41,3.76,3.92,2.69,3.08,3.42,3.34,"PC-RF-011"
0.9,3.2,3.53,3.05,2.7,1.83,3.3,3.04,3.37,3.59,3.38,3.82,4.07,1.98,3.51,3.2,3.84,3.64,2.34,3.28,3.4,2.51,2.99,3.81,2.91,"PC-RF-012"
1.31,2.97,2.71,3.58,2.98,1.93,3.01,3.23,3.09,3.14,2.62,3.39,3.79,2.76,2.86,2.77,3.3,3.15,1.77,3.56,3.64,2.96,3.69,3.33,3.4,"PC-RF-013"
1.68,4.06,4.11,4.3,4.3,2.74,4.23,3.42,3.99,4.59,4.09,3.91,4.36,2.84,4.29,3.74,4.28,4.08,3.49,4.31,4.28,3.5,4,4.14,4.14,"PC-RF-014"
0.89,3.81,3.25,4.06,3.2,2.54,4,3.52,3.91,4.02,3.69,3.17,4.06,2.8,3.67,4.51,3.61,3.94,2.44,4,3.93,3,2.69,3.76,2.96,"PC-RF-015"
0.77,4.27,4.29,4.36,3.55,2.48,4.57,3.52,3.56,3.89,4.38,4.31,4.78,2.7,4.16,3.34,4.31,5.15,3.72,4.24,4.75,3.28,3.34,3.7,4.08,"PC-RF-016"
1.04,4.47,4,4.12,3.62,2.91,4.36,3.97,3.97,4.28,4.61,4.9,4.8,2.68,4.39,3.86,4.53,4.55,3.66,4.18,5.06,3.35,3.39,4.22,3.87,"PC-RF-017"
0.85,4.21,3.9,4.28,3.41,2.82,4.28,3.74,4.09,4.2,4.04,4.25,4.09,3,3.92,3.72,4.42,4.15,3.66,4.2,4.49,3.4,3.47,3.69,3.82,"PC-RF-018"
1.73,4.06,3.92,4.27,3.74,2.86,3.74,3.42,4.17,4.11,4.16,4.49,4.62,3.18,3.97,3.54,4.5,4.33,3.9,4.19,4.68,3.31,3.84,4.08,3.94,"PC-RF-019"
1.04,4.46,3.94,4.42,4.12,2.58,4.22,3.9,4.1,4.12,4.16,4.4,4.26,2.9,4.64,3.96,3.58,4.04,2.99,4.32,4.5,3.05,3.7,4.48,4.17,"PC-RF-020"
1.01,4.15,4.13,4.54,3.76,2.69,4.11,4.09,4,4.52,4.09,4.99,4.26,2.73,4.5,3.81,4.89,4.29,3.83,4.71,4.73,3.36,3.93,3.99,4.02,"PC-RF-021"
1.96,3.75,4.23,4.13,4.1,2.95,4.28,2.98,3.79,4.02,4.58,4.34,4.06,2.71,3.62,3.83,3.72,3.88,3.47,4.16,3.93,3.29,3.67,4.1,4.11,"PC-RF-022"
1.46,3.58,3.39,3.88,3.9,2.16,3.46,3.18,3.16,3.83,4.06,3.66,4.14,2.1,3.55,2.87,3.54,3.41,2.41,3.61,3.67,3.04,3.26,4.05,3.41,"PC-RF-023"
1.69,4.47,3.64,4.4,4.02,2.56,4.36,3.87,3.48,4.66,4.15,4.36,4.44,3.24,4.5,3.58,5.08,4.4,2.84,4.1,4.71,3.43,3.38,4.23,3.9,"PC-RF-024"
1.11,4.17,4.11,4.69,3.84,2.7,4.21,3.83,3.82,4.54,4.19,4.62,5.11,3.09,4.57,3.95,4.89,4.74,3.67,4.52,4.68,3.34,3.58,4.32,4.12,"PC-RF-025"
1.49,3.24,3.36,3.91,2.84,2.31,3.68,2.64,3.25,3.58,3.51,3.54,3.54,2.78,3.88,3.46,3.88,3.44,2.72,3.47,3.52,2.98,3.38,3.63,3.75,"PC-RF-026"
0.91,3.7,4.48,4.22,3.28,2.17,4.12,3.06,4.07,3.55,3.79,3.89,4.34,2.36,3.85,3.52,4.42,3.19,2.24,3.87,3.92,2.66,3.36,3.86,3.55,"PC-RF-027"
0.89,4.05,4.17,4.43,3.86,2.59,4.37,4.05,3.93,4.45,4.46,4.67,4.64,2.41,4.59,4.26,4.27,4.23,3.69,4.04,4.55,3.23,3.22,3.94,4.28,"PC-RF-028"
1.24,4.29,3.8,4.31,4.01,2.66,4.27,3.56,3.4,4.11,4.22,4.74,4.35,2.86,4.11,3.49,5.1,4.04,3.5,4.02,4.78,3.22,3.81,4.09,4.19,"PC-RF-029"
1.24,3.23,2.84,3.74,2.47,2.19,3.71,2.87,3.18,4.01,3.4,3.62,3.9,2.2,3.82,3.65,3.59,3.26,2.52,3.65,4.14,2.91,3.05,3.92,3.26,"PC-RF-030"
0.81,4.01,3.72,3.87,3.51,2.51,3.96,3.05,3.66,4.44,3.73,4.38,4.09,3.63,4,4.16,4.26,4.33,3.36,3.86,4.01,3.15,3.46,3.8,3.36,"PC-RF-031"
0.74,3.59,3.58,3.62,2.77,2,2.97,2.56,3.22,3.06,3.38,3.61,4.08,1.49,4.09,2.71,3.57,3.23,2.71,3.91,3.97,2.44,3.25,3.39,3.18,"PC-RF-032"
0.88,4.67,4.03,4.12,3.37,2.61,4.12,4.1,3.59,4.25,4.59,4.89,4.84,2.66,4.18,4.1,4.38,4.24,3.57,4.56,4.88,3.44,3.96,3.95,3.68,"PC-RF-033"
1.48,4.02,4.09,4.15,3.31,2.48,3.71,2.96,3.67,4.02,3.92,4.05,4.16,2.52,4.28,3.35,3.85,3.85,3,3.91,4.31,3.04,3.39,4.06,3.83,"PC-RF-034"
0.65,4.63,4.5,4.48,4.25,2.25,3.74,4.61,4,3.9,4.79,4.31,4.25,2.72,4.09,4.15,4.64,4.75,3.88,4.38,4.65,3.17,3.11,4.19,4.18,"PC-RF-035"
1.75,4.07,4.18,4.12,3.9,2.6,3.96,3.61,3.7,4.21,3.92,3.48,4.31,2.8,3.76,3.78,3.76,3.66,3.42,4.59,4.42,3.38,3.53,3.88,4.1,"PC-RF-036"
1.35,4.03,3.88,4.11,3.06,2.17,3.56,3.29,3.49,3.52,3.57,3.85,4.15,2.21,4.09,3.06,4.02,3.76,3.02,3.87,3.82,2.97,3.29,3.46,3.69,"PC-RF-037"
1.38,2.6,2.92,3.91,2.43,1.84,3.39,2.61,3.9,3.18,3.17,3.7,3.42,1.97,3.52,2.83,3.96,3.29,2.73,2.38,3.21,2.25,2.6,3.81,2.97,"PC-RF-038"
1.77,3.59,3.41,4.25,3.29,2.57,3.52,3.34,4.11,3.9,3.36,4.1,4,2.63,4,3.52,3.62,3.89,2.94,3.34,3.52,3.03,3.41,3.7,3.67,"PC-RF-039"
1.67,4.06,3.66,3.94,3.55,2.68,3.97,3.17,3.57,4.08,3.67,4.09,3.93,3.15,3.99,3.58,4.24,4.04,3.3,4.03,4.49,3.43,3.46,4.15,3.56,"PC-RF-040"
1.01,4.88,4.07,4.53,3.76,2.6,4.43,3.49,4.02,4.62,4.63,4.86,5.17,3,4.93,4.03,4.96,4.7,3.62,4.67,5.09,3.2,3.57,4.08,4.05,"PC-RF-041"
1,4,5.8,4.78,3.6,3.4,4.6,4.1,4.22,4.9,4.7,5.2,4.6,2,5.1,4.7,5,3.67,4.2,3.78,4.2,2.5,3.7,4.1,4.56,"PC-RF-042"
1.06,4.44,3.81,4.18,3.48,2.22,3.8,3.31,3.7,3.73,3.62,4.01,3.81,2.6,4.6,3.6,4.72,3.79,2.69,4.34,4.27,3.6,3.72,3.59,3.86,"PC-RF-043"
1.94,4.02,3.71,4.19,3.53,2.6,4.09,3.28,3.67,3.68,4.08,4.5,4.29,3.52,4.51,4.32,4.66,4,3.32,4.14,4.62,3.89,4.11,3.87,4.13,"PC-RF-044"
1.7,3.89,3.15,3.79,3.41,2.38,3.45,3.14,3.58,3.98,3.99,3.78,4.03,2.61,3.16,3.37,3.69,3.76,3.14,4.22,4,3.16,3.04,3.72,3.96,"PC-RF-045"
0.68,3.66,3.99,4.24,3.72,2.42,4,3.89,4.07,4.36,4.39,3.99,4.53,2.92,4.24,3.75,4.4,4.15,3.56,4.18,4.49,3.37,3.72,4.12,3.5,"PC-RF-046"
1.06,4.38,3.58,3.44,3.25,2.43,3.09,4.43,3.18,4.54,3.88,4.22,4.17,2.43,4.18,4.3,3.69,3.73,1.92,3.38,3.64,2.78,3.77,4.09,2.67,"PC-RF-047"
1.88,4.1,3.44,3.92,3.58,2.64,3.85,3.02,3.86,4.3,3.58,3.72,3.69,2.76,3.63,3.21,3.74,3.99,3.2,4.17,4.05,3.36,3.3,3.67,3.71,"PC-RF-048"
0.74,3.96,3.13,4.26,3.65,2.04,3.92,3.17,3.22,4.04,3.77,4,4.09,2.18,4.19,3.15,4.34,3.8,3.19,3.97,4.09,3.15,3.11,3.72,3.56,"PC-RF-049"
0.64,3.33,3.85,4.09,3.18,2.07,3.63,3.16,3.28,3.48,4.17,3.98,4.23,1.73,3.82,3.38,4.33,3.73,3.03,3.79,4.4,2.76,3.2,3.57,3.69,"PC-RF-050"
1.28,3.98,4.5,4.19,3.63,2.52,3.96,3,3.54,3.83,3.66,3.77,4.11,2.65,4.56,3.38,3.53,4.07,2.8,4.34,3.78,3.26,3.41,3.84,3.95,"PC-RF-051"
1.16,3.43,3.36,3.54,3.07,2.01,3.33,2.9,3.89,3.31,3.19,3.05,3.6,1.74,2.96,3.22,3.15,3.5,2.7,3.82,3.3,2.54,3,3.57,3.35,"PC-RF-052"
0.92,3.21,2.83,3.42,3.06,2.18,3.04,2.18,3.43,2.85,2.46,2.69,2.96,1.47,2.95,2.91,2.88,3.17,2.21,3.3,2.72,2.46,2.98,3.83,2.84,"PC-RF-053"
1.08,4.66,3.79,4.56,3.5,2.76,4.49,3.84,4.28,4.48,4.5,5.08,4.86,2.73,4.53,3.76,4.35,4.45,3.96,4.65,5.05,3.4,3.6,4.3,4.08,"PC-RF-054"
1.46,4.18,3.69,4.12,2.93,2.28,4.5,3.53,3.22,4,4.13,4.14,4.04,2.66,3.81,3.42,4.21,4.15,2.82,4.56,4.32,3,3.38,4.29,3.5,"PC-RF-055"
1.33,4.15,3.49,4.47,3.81,2.31,3.86,3.97,4.18,4.19,4.61,4.18,5,3.14,4.18,3.86,4.66,4.89,3.71,4.62,4.92,3.26,3.03,4.31,4.18,"PC-RF-056"
1.18,3.49,3.61,3.87,3.17,1.98,3.49,2.84,2.88,3.5,3.4,4.4,3.72,2.25,4.1,3.45,3.86,3.65,3.22,4.1,3.97,3.07,3.22,3.86,3.14,"PC-RF-057"
1.5,4.93,4.8,3.75,3.77,3.12,4.14,2.75,3.83,4.38,2.77,4,3.67,2.67,5.2,3.92,4.83,3.92,3.07,3.9,4.8,3.07,2.87,5.58,3.29,"PC-RF-058"
1.89,3.84,3.47,3.57,3.49,2.46,3.45,3.07,3.53,3.76,3.45,4.27,4.17,2.73,3.36,2.85,3.86,3.95,3.23,4.06,4.1,2.96,3.37,3.92,3.74,"PC-RF-059"
2.26,3.75,3.87,3.83,3.63,2.72,3.49,2.91,3.48,3.73,3.53,3.49,3.75,3.09,3.69,3.92,4.13,4,2.75,3.85,3.46,3.1,3.16,3.8,3.51,"PC-RF-060"
0.77,3.72,3.81,3.92,3.09,2.02,3.57,3.1,2.86,3.67,3.56,3.97,3.95,2.1,3.62,3.63,4.22,4.18,3.7,3.64,3.48,3.01,3.21,3.83,3.54,"PC-RF-061"
0.82,4.01,3.92,4.33,3.74,3.04,4.43,4.09,3.93,4.34,4.47,4.6,4.64,2.48,4.42,4,4.5,4.54,4.01,4.15,4.96,2.95,3.43,4.25,3.76,"PC-RF-062"
1.93,2.8,2.17,3,2.25,3.4,3.83,2.78,3,2.29,1,2.5,2.43,1.9,3.57,2.22,3,3.5,1.44,3.29,2,2.88,2.29,3.57,3.33,"PC-RF-063"
0.88,4.33,4.2,4.66,4.05,2.64,4.62,3.82,3.74,4.4,4.41,4.91,4.69,2.82,4.53,4.16,4.78,4.67,3.82,4.3,4.7,3.16,3.3,4.25,3.91,"PC-RF-064"
1.46,2.5,2.43,2.8,2.25,1.54,2.46,2.08,2.5,2.61,2.18,2.82,2.73,2.03,2.6,2.19,2.52,2.63,1.77,3.04,3,2.36,2.66,2.57,2.75,"PC-RF-065"
0.83,4.03,3.72,4.13,3.27,2.8,3.96,3.87,3.8,4.5,4.66,4.57,4.86,2.59,4.54,3.21,4.47,4.81,3.09,4.38,4.22,3.83,3.75,4.2,4,"PC-RF-066"
0.96,3.77,3.83,3.9,3.49,2.05,3.79,2.33,3.79,3.16,3.62,3.81,3.96,2.13,3.83,3.31,4.27,3.47,3.1,3.99,4.38,2.71,3.29,3.44,3.59,"PC-RF-067"
1.66,4.16,3.66,3.9,3.29,2.4,4.09,3.27,3.48,3.88,3.64,4.41,3.99,2.43,4.05,3.58,4.33,4.1,3.43,3.71,4.22,3.1,3.46,4.18,3.98,"PC-RF-068"
0.82,4.34,4.36,4.48,3.77,2.48,4.32,3.77,3.93,4.55,4.35,4.51,4.78,3.58,4.72,3.98,4.46,4.32,3.58,4.24,4.64,3.32,3.65,4.22,3.86,"PC-RF-069"
1.56,4.13,3.42,4.02,3.6,2.57,4.15,3.49,3.84,4.49,3.64,4.22,4.48,3.08,3.83,3.09,4.32,4.41,3.61,4.26,4.5,3.37,3.81,4,4.08,"PC-RF-070"
1.6,3.79,3.06,3.95,3.08,2.1,3.31,2.99,3.03,3.5,3.45,3.32,3.83,2.83,3.71,3.57,4.09,3.76,2.11,3.52,4.01,2.91,3.36,3.5,3.42,"PC-RF-071"
1.2,4.55,4.16,4.82,3.98,2.56,4.47,3.67,4.05,4.62,4.6,4.26,5.12,2.98,4.71,4.1,4.83,5.15,3.19,4.57,5.26,3.16,3.47,4.09,3.6,"PC-RF-072"
1.6,4.43,4.25,4.52,3.77,2.85,4.39,3.63,4.14,4.34,4.51,4.78,4.68,3.04,4.02,3.9,4.3,4.34,3.41,4.11,4.4,3.05,3.27,4.33,3.87,"PC-RF-073"
1.41,4.37,4.02,4.02,2.84,2.15,3.92,3.45,3.7,3.92,3.5,4.03,3.95,2.62,4.05,3.33,4.01,3.41,3.34,3.64,4.26,3.14,3.18,4.2,3.58,"PC-RF-074"
1.41,4.1,4.25,4.45,3.75,3.02,3.7,2.77,3.88,3.41,3.62,3.89,4.3,3.09,3.97,4.18,4.43,3.61,2.9,4.02,4.28,2.97,3.57,4.42,3.68,"PC-RF-075"
1.3,4.26,4.01,4.55,4.32,2.35,4.8,3.97,3.6,4.21,3.99,4.79,4.87,2.63,4.16,3.51,4.62,4.43,3.35,4.04,5.15,3.22,3.7,4.03,3.65,"PC-RF-076"
0.76,4.43,3.91,4.18,4.26,2.97,4.26,4.13,4.09,4.31,4.35,4.24,4.79,2.92,4.39,4.13,4.38,4.14,3.62,3.85,4.75,3.51,3.22,4.17,3.65,"PC-RF-077"
1.24,3.43,4.5,3.4,3.21,2.24,3.89,2.56,3.39,3.29,4.54,3.69,2.91,3.82,3.93,2.92,3.62,3.38,3.59,3.77,3.58,3.29,3.56,3.13,4.06,"PC-RF-078"
1.54,4.53,4.22,4.44,3.71,2.31,4.57,4,4.03,3.94,3.65,4.57,4.79,3.49,4.03,4.26,4.34,4.68,3.75,3.88,3.79,3.33,3.41,4.5,3.88,"PC-RF-079"
1.67,4.12,3.92,4.29,4.03,2.68,4.33,3.61,3.67,4.39,4.3,4.54,4.58,2.87,4,3.97,4.3,4.18,3.57,4.23,4.52,3.3,3.55,4.25,3.99,"PC-RF-080"
1.96,3.5,3.37,3.72,3.05,2.18,3.49,3.17,3.12,3.72,3.31,3.76,3.84,2.56,3.82,2.66,3.75,3.76,2.66,3.27,3.77,3.18,3.68,3.62,3.61,"PC-RF-081"
0.89,4.32,4.22,4.7,3.49,2.42,4.14,3.75,3.76,4.38,4.72,5.26,4.83,2.94,4.39,4.23,4.71,4.45,3.4,4.32,4.7,2.9,3.38,4.18,4.02,"PC-RF-082"
0.74,3.64,3.67,4.1,2.57,2.1,3.8,3.31,3.56,3.89,3.52,3.7,3.65,2.33,4,3.42,3.2,3.69,2.91,3.88,3.76,2.78,3.3,3.75,3.43,"PC-RF-083"
0.74,4.35,4.14,4.68,4.06,2.75,4.79,3.96,3.84,4.78,4.5,4.84,5.19,3.05,4.61,4.18,4.89,4.86,3.6,4.39,5.08,3.34,3.28,4.56,3.95,"PC-RF-084"
1.03,3.61,2.94,3.88,3.28,1.78,4.19,2.98,3.12,3.91,3.3,4.09,3.42,2.23,3.61,2.75,3.94,3.49,2.67,3.11,3.86,3.22,3.39,3.65,3.23,"PC-RF-085"
1.99,3.28,2.79,3.31,3.12,2.41,3.25,2.83,3.37,3.27,3.06,3.36,3.1,2.35,3.08,2.85,3.08,3.36,2.6,3.41,2.74,2.83,2.88,3.43,3.09,"PC-RF-086"
1.04,3.8,3.77,4.5,3.51,2.58,3.69,2.78,3.78,3.78,3.9,3.86,3.92,2.29,3.73,3.08,3.94,3.37,3.57,4.19,3.93,2.86,3.08,3.93,3.57,"PC-RF-087"
1.4,3.41,3.39,3.64,3.38,2.54,3.48,3.23,3.44,3.76,4.05,3.22,4.07,2.54,3.74,3.1,3.51,3.91,3.36,4.02,4.04,3.23,3.2,3.9,3.78,"PC-RF-088"
1.25,4.33,3.52,4.4,3.69,3.17,4.12,3.84,4.14,4.19,4.69,4.44,4.63,2.87,4.46,3.84,4.21,4.25,3.99,4.63,4.76,3.25,3.49,3.93,4.27,"PC-RF-089"
1.69,4.61,3.75,4.53,4.13,2.17,4.24,3.38,4.04,3.24,4.67,3.76,4.05,2.87,3.7,3.13,3.75,4.05,2.43,4.83,4.96,2.8,4.32,4.21,4.04,"PC-RF-090"
1.08,4.12,4.04,4.43,3.48,2.48,3.85,3.22,3.79,3.89,4.35,3.92,4.66,3.2,4.28,3.41,4.48,3.91,3.16,4.15,4.36,3.33,3.39,4.22,3.71,"PC-RF-091"
0.77,4.15,4.1,4.06,4.25,2.47,4.43,3.56,3.9,4.59,4.36,4.16,4.51,3.37,4.43,4.43,4.29,4.45,3.32,4.52,4.61,3.53,3.3,3.98,4,"PC-RF-092"
0.87,3.23,3.47,4.03,3.34,2.64,3.72,3.01,3.35,3.41,3.29,4.19,3.28,3.62,4.3,3.51,4.03,3.17,2.45,3.96,4.11,3.57,3.37,3.85,4,"PC-RF-093"
1.89,3.73,3.78,4.47,3.41,3.28,4.1,4.1,3.74,3.88,4.24,4.59,4.64,2.57,4.01,3.65,4.44,4.56,3.03,4.3,4.93,3.51,3.35,4.06,4.03,"PC-RF-094"
1.59,4.45,3.71,4.58,3.71,2.17,3.33,2.85,3.87,4.21,3.79,4,4.4,3.38,3.29,3.16,3.61,4.05,2.83,3.61,4.41,3.45,4.23,4.36,3.6,"PC-RF-095"
1.29,2.79,4.25,3.12,2.4,2.33,2.43,2.55,3.64,3.58,3.47,3.67,2.55,1.64,2.81,2.55,2.82,2.47,2.04,3.17,3.17,2.85,3.32,3.43,3.29,"PC-RF-096"
0.83,3.37,3.79,3.54,3.63,1.89,3.61,3.13,2.95,3.52,3.08,3.78,3.79,2.01,3.79,3.74,4.47,3.86,2.32,3.69,3.6,2.7,3.26,4.03,3.58,"PC-RF-097"
1.74,3.36,3.1,3.66,3.21,2.18,2.88,2.2,3.26,3.24,3.17,3.5,3.36,1.98,3.23,2.91,2.71,2.91,1.95,3.72,3.26,2.71,2.95,3.43,3.24,"PC-RF-098"
1.48,3.37,3.17,3.91,2.85,2.39,3.35,2.63,3.41,3.31,3.77,3.4,3.6,2.09,3.79,2.6,3.22,3.49,3.01,4.05,3.85,2.72,2.89,4,3.4,"PC-RF-099"
1.65,4.48,3.79,5.65,3.71,2.44,5.21,2.75,4.67,3.35,4.09,4.68,3.85,3.32,2.83,4,4.42,4.1,3.93,4.05,4.15,3.86,3.77,3.27,4.14,"PC-RF-100"
0.78,4.94,5.12,5.56,3.94,2.89,5.21,3.35,3.75,4.61,5.12,5.18,5.08,4,4.8,3.83,4.25,4.69,3.53,4.75,6.22,3.06,3.65,4.88,3.88,"PC-RF-101"
1.34,4.15,3.49,3.96,3.41,2.54,4.11,3.29,3.56,3.83,3.85,3.84,4.1,2.71,3.96,3.68,3.88,4.17,2.94,4.13,4.28,2.86,3.3,3.97,3.62,"PC-RF-102"
1.21,4.13,3.89,4.4,3.67,3.23,4.49,3.9,3.61,3.9,4.15,4.71,4.5,2.11,4.4,4.06,4.56,4.42,3.27,4.21,4.76,3.02,3.68,4.1,3.94,"PC-RF-103"
0.83,4.44,4.39,4.46,3.65,3.18,4.37,4.03,3.87,4.3,4.4,4.87,4.93,2.39,4.57,4.09,4.76,4.7,3.57,4.63,4.76,3.28,3.58,4.06,4.19,"PC-RF-104"
1.38,4.41,4.44,4.61,3.81,2.51,4.51,3.95,3.66,4.41,4.81,5.07,5.13,3.01,4.42,4.17,4.91,4.3,3.41,4.47,4.74,3.17,3.63,4.32,4.08,"PC-RF-105"
1.02,3.95,4.06,4.28,3.56,2.65,4.31,4.15,4.08,4.4,4.27,4.67,4.65,3.26,4.79,4.02,4.82,4.93,3.29,4.94,4.43,3.79,3.44,4.56,4.26,"PC-RF-106"
0.73,3.89,3.86,3.97,3.6,1.55,3.77,3.24,3.4,3.36,3.76,4.07,4.06,2.72,4.16,3.21,4.41,3.98,2.97,3.75,4.72,2.9,3.28,3.89,3.65,"PC-RF-107"
0.65,4.37,3.78,4.15,4.18,2.35,4.07,3.68,3.64,3.7,3.94,3.67,4.17,2.53,4.4,3.75,4.47,3.8,3.33,4.29,4.71,3.39,3.4,4.2,3.67,"PC-RF-108"
2.04,3.99,3.91,3.93,3.79,2.87,3.98,3.74,3.91,4.15,4.17,4.58,4.65,3.12,4.12,3.74,4.11,4.18,3.67,4.45,4.29,3.45,3.8,3.95,4.23,"PC-RF-109"
0.76,4.09,3.69,4.39,3.55,2.54,4.19,3.59,3.73,4.55,4.13,4.38,4.47,2.59,4.16,3.79,4.61,4.2,3.43,4.08,4.38,3.39,2.99,4.15,4.08,"PC-RF-110"
1.01,4.19,3.31,4.11,4.11,3.3,3.83,3.53,3.75,4.47,4.13,4.54,4.73,3.12,4.64,4.15,4.24,4.11,3.95,4.28,4.99,3.28,3.67,4.02,3.83,"PC-RF-111"
1.35,4.47,3.58,4.26,3.85,3.06,4.29,3.7,3.63,4.12,4.31,4.99,4.58,2.81,4.37,3.51,4.61,4.07,3.45,3.99,4.97,3.27,3.64,3.99,3.87,"PC-RF-112"
0.63,3.31,3.3,3.4,3.11,1.68,3.24,3.68,3.58,3.21,3.37,3.66,3.86,2.7,3.72,3.38,3.62,3.79,2.5,3.55,3.92,2.8,3.06,3.42,3.59,"PC-RF-113"
1.44,3.59,4.76,4.62,4,2.04,3.98,4.04,3.64,4.02,4.02,4.92,4.05,3.2,3.88,4.39,4.47,4.67,3.77,4.38,4.2,3.77,3.64,4.42,3.98,"PC-RF-114"
1,3.67,4.43,3.76,3.83,1.94,3.86,2.85,2.88,3.71,3.74,3.91,4.25,2,3.87,3.61,3.95,3.48,2.78,4,3.47,2.75,3.56,3.63,3.04,"PC-RF-115"
1.31,3.86,3.89,4.62,3.62,2.34,4.73,2.91,4.36,4.33,3.9,4.63,4.52,3.18,4.08,3.48,4.67,4.57,3.24,4.8,4.18,3.19,3.56,4.38,4.1,"PC-RF-116"
0.73,4.19,3.92,4.46,3.64,3.02,4.18,3.71,3.91,4.18,4.41,4.55,4.49,2.87,4.2,4.27,4.49,3.89,3.69,4.14,4.65,3.62,3.91,4.16,3.72,"PC-RF-117"
0.79,2.9,2.74,2.97,2.71,1.6,2.87,3.15,3.38,3.06,3.19,3.76,3.06,1.44,3.67,2.41,3.29,3.38,2.87,3.46,2.83,2.61,3.23,3.22,3,"PC-RF-118"
2.11,3.46,3.64,4.22,3.07,2.69,4.5,3.58,3.35,4.3,4.33,5.17,4.39,2.72,3.44,3.52,4.5,3.54,2.63,3.81,3.4,3.35,3.29,4.03,4.34,"PC-RF-119"
1.09,4.24,3.92,4.43,3.88,2.48,4.5,3.74,3.84,4.46,4.59,5.05,5.22,2.46,4.44,4.35,4.89,4.6,3.79,4.57,5.18,2.93,3.68,4.25,4.04,"PC-RF-120"
1.51,4.46,3.74,4.92,4.61,2.74,4.42,3.53,3.82,3.88,3.88,4.17,4.41,2.73,4.13,4.64,3.85,3.83,3.43,4.98,4.57,3.39,3.41,4.43,3.89,"PC-RF-121"
1.41,3.34,3.74,3.85,3.24,2.26,3.69,3.3,3.68,3.7,3.74,4.42,4.23,2.27,4.06,3.59,3.81,3.76,2.99,2.81,3.98,2.99,3.04,4.35,3.81,"PC-RF-122"
1.26,4.13,4.25,3.81,3.51,2.58,4.44,3.54,3.8,4.33,4.19,4.68,4.96,3.39,3.93,4.21,4.26,4.34,2.98,4.07,4.29,3.38,3.47,4.19,4.46,"PC-RF-123"
2.03,3.99,4.18,3.99,3.56,3.33,4.1,3.87,3.88,4.67,4.11,4.21,4.52,3.2,3.99,3.89,4.18,4.33,3.57,4.41,4.21,3.53,3.78,3.98,3.92,"PC-RF-124"
0.85,4.29,4.25,5.07,3.72,2.75,4.22,3.75,4.32,4.43,4.3,4.71,4.98,2.57,4.26,4.23,4.79,5,3.67,4,4.75,3.3,3.73,4.19,4.16,"PC-RF-125"
1.42,3.96,3.64,4.4,3.09,2.36,3.52,3.23,3.53,3.88,3.48,4,4.05,2.87,3.48,3.08,3.65,3.43,2.64,4,4.04,2.76,3.24,3.67,3.32,"PC-RF-126"
0.96,4.23,3.87,4.62,3.85,2.71,4.5,3.94,4.3,4.6,4.54,4.55,4.8,3.61,4.47,3.23,4.72,4.51,3.73,4.58,4.77,3.23,3.64,4.01,3.63,"PC-RF-127"
1.14,4.15,3.8,4.32,3.58,2.42,4.24,3.77,4.4,4.23,4.2,4.44,4.64,3.54,4.15,3.97,3.9,4.17,3.44,4.32,4.38,3.31,3.5,3.96,3.69,"PC-RF-128"
0.71,4.19,4.15,4.48,3.84,2.14,4.07,3.49,3.42,3.85,4.44,4.66,4.35,2.33,4.37,2.85,4.58,3.87,3.49,4.16,4.07,3.22,3.4,4.07,3.61,"PC-RF-129"
0.8,3.93,3.65,4.74,3.23,2.06,3.92,3.82,3.31,4.29,4.49,3.8,4.39,2.64,4.48,3.79,4.63,4.02,3.1,3.85,4.16,3.09,3.58,3.74,3.81,"PC-RF-130"
1.24,4.39,3.64,4.8,3.79,2.65,4.45,3.31,3.9,4.43,4.41,4.68,5,2.86,4.84,3.78,4.78,3.9,4.08,4.42,5.11,3.6,3.09,4.52,4.53,"PC-RF-131"
0.81,3.86,4.1,4.21,3.82,2.98,4.02,3.12,3.92,3.74,3.98,4.25,4.01,3.56,3.95,3.88,4.1,4.27,3.26,4.53,4.01,3.24,3.4,4.32,3.74,"PC-RF-132"
2.1,3.14,2.48,3.12,3.09,2.41,3.24,2.86,3.27,3.44,3.39,2.93,3.42,2.44,3.24,2.85,2.93,3.15,2.45,3.49,3,2.84,3.28,3.75,3.41,"PC-RF-133"
1.42,3.88,3.75,4.71,3.34,2.79,3.15,2.65,3.5,3.42,3.74,3.95,4,2.52,4.05,2.35,3.78,4.33,3.11,4.18,4.17,3.03,3.5,3.96,3.46,"PC-RF-134"
1.63,4.66,4.52,4.09,4.12,2.94,3.97,3.46,4.29,4.77,4.15,4.77,4.41,2.26,3.79,4.6,4.88,5,3.17,4.35,4.78,3.34,3.74,4.34,4.2,"PC-RF-135"
1.63,4.04,2.69,3.68,3.3,2.38,3.48,2.54,3.1,3.59,2.59,4.29,4.56,2.74,3.09,2.71,3.83,3.46,2.76,3.38,3.76,3.43,3.17,4.15,3.7,"PC-RF-136"
1.59,3.02,2.43,3.14,2.75,1.71,3.16,2.38,2.73,3.12,2.83,3.44,3.31,2.67,2.61,3.15,3.26,3.29,1.96,3.34,3.09,2.76,2.96,2.84,3.46,"PC-RF-137"
1.84,3.66,3.49,3.83,3.64,3.1,4.02,2.89,3.63,4.07,4.19,4.8,3.6,3.02,4.42,3.87,4.46,3.7,2.85,3.42,4.5,3.33,3.53,3.78,4.22,"PC-RF-138"
1.99,3.97,3.85,4.1,3.85,3.13,4.04,3.68,3.75,4.54,4.15,4.56,4.54,3.41,4.37,3.73,4.37,4.06,3.19,3.73,4.47,3.34,3.76,4.14,4.12,"PC-RF-139"
1.66,2.98,3.06,2.98,2.36,1.65,2.69,1.93,2.61,2.8,2.54,2.83,3.05,2.14,2.69,2.08,2.38,2.79,2.06,3.25,2.93,2.69,2.53,3.46,3.06,"PC-RF-140"
1.01,4.25,4.15,4.16,3.57,2.21,4.14,3.2,3.55,3.95,3.89,4.02,4.03,2.7,4.28,3.39,4.54,4.03,3.44,4.08,4.41,3.13,3.2,4.09,3.83,"PC-RF-141"
0.74,4.24,3.76,3.77,3.37,2.9,4.15,3.59,3.72,4.23,4.71,4.44,4.2,2.53,4.13,3.46,4.02,4.31,4.07,4.12,4.84,3.46,3.6,3.97,3.71,"PC-RF-142"
1.93,2.73,2.92,2.63,2.32,2.17,2.83,2.56,3.5,3.19,3,3.12,4.22,2.69,2.61,3.29,3.4,3.21,2.33,2.82,3.28,3.12,3.88,3.19,3.67,"PC-RF-143"
1.03,3.83,4.36,3.29,4.04,2.69,4.52,3.26,2.82,4.62,3.55,4.16,5.12,2.43,4.08,4.57,5.05,4.47,2.84,4.4,4.94,3.32,3.12,4.48,3.63,"PC-RF-144"
1.97,4.32,4.34,4.2,4.04,3.15,4.17,3.8,4.08,4.16,4.52,4.32,4.78,3.37,4.24,3.6,4.02,4.61,3.08,4.3,4.35,3.46,3.67,3.88,4.32,"PC-RF-145"
1.15,4.09,3.68,4.42,3.36,2.28,3.94,3.34,3.61,3.89,4.23,4.19,4.73,2.65,4.02,3.52,4.49,3.87,2.86,4.28,4.23,3.17,3.35,4.25,3.83,"PC-RF-146"
1.71,4.17,4.11,4.34,3.68,2.73,3.99,3.41,3.76,4.1,3.93,3.96,4.39,2.96,4.33,3.82,3.94,4.23,3.42,4.39,4.47,3.47,3.19,4.01,4.3,"PC-RF-147"
0.98,3.52,3.63,3.91,3.32,1.93,3.65,2.52,3.24,3.4,3.15,4.33,4,2.12,3.57,3.41,3.7,3.62,3.23,3.5,4.63,2.71,2.82,3.55,3.35,"PC-RF-148"
1.4,3.94,3.21,4.1,3.5,2.32,3.61,3.27,3.85,4.06,4.31,3.94,3.92,2.58,4.25,3.47,3.91,3.98,3.26,3.99,4.02,2.9,3.55,4.3,3.55,"PC-RF-149"
1.27,3.59,3.63,4.16,3.3,2.05,3.54,3.19,3.71,3.66,4.43,4.14,3.66,2.77,4.38,4.02,4.45,4.33,2.93,3.14,4.6,3.01,3.15,3.89,3.24,"PC-RF-150"
0.69,3.76,3.92,4.08,3.22,1.98,4.03,3.78,3.98,4.24,3.73,4.18,4.03,2.11,4.19,3.38,4.52,4.28,3.35,4.32,4.56,3.05,3.22,3.92,3.74,"PC-RF-151"
1.34,3.98,3.39,3.85,3.35,2.3,3.98,3.05,3.39,3.95,3.94,3.84,3.88,2.6,3.92,2.67,3.54,3.51,2.78,4.16,3.68,2.82,2.98,3.58,3.39,"PC-RF-152"
1.15,3.83,4.1,3.59,3.25,1.98,3.67,3.34,3.68,3.74,3.89,4.64,4.77,2.73,3.96,3.18,4.47,3.99,2.69,4.04,4.39,2.97,3.47,4.25,4.1,"PC-RF-153"
1.01,3.65,4.03,3.96,3.03,1.95,3.64,2.84,3.26,3.99,3.71,3.82,3.72,2.24,3.95,2.64,4.35,3.89,3.14,3.57,4.21,3.23,3.05,3.97,3.79,"PC-RF-154"
1.12,4.32,3.79,4.26,3.93,2.62,4.27,3.69,3.84,4.3,4.04,4.49,4.96,2.6,4.18,4.05,4.4,4.43,3.36,4.36,4.79,3.53,3.61,3.64,4.05,"PC-RF-155"
0.88,3.12,3.04,3.41,2.96,1.76,3.27,2.7,3.16,3.1,2.57,3.18,2.8,1.48,3.18,2.78,2.53,3.37,2.2,3.4,3.09,2.55,2.76,3.14,2.86,"PC-RF-156"
1.61,3.64,3.85,4.25,3.25,2.94,4.32,3.5,3.83,4.44,4.96,4.02,3.78,2.76,3.93,4.62,4.05,4.07,3.24,4.21,5.22,3.65,3.51,4.5,4,"PC-RF-157"
0.99,4.48,4.24,4.43,3.56,2.12,4.4,3.71,4.13,4.05,4.4,4.7,4.77,3.12,4.43,4.52,4.82,4.46,3.66,4.83,4.95,3.06,3.58,4.05,3.79,"PC-RF-158"
0.93,4.05,4.43,4.89,3.17,2.63,4.43,4.26,3.74,4.86,4.54,4.54,4.7,2.2,4.95,4,4.56,4,3.25,4.76,5.08,3.17,3.95,4.49,4.19,"PC-RF-159"
1.93,3.58,3.28,3.96,3.23,2.81,3.69,2.88,3.36,3.73,3.36,3.48,3.74,2.78,3.86,3.2,3.65,3.87,3.02,3.85,3.68,3.04,3.49,3.98,3.6,"PC-RF-160"
2.22,3.69,3.53,3.82,3.25,2.64,3.89,3.26,3.61,3.49,3.77,3.45,3.14,2.77,3.8,3.31,2.89,3.62,3.12,3.88,3.66,3.23,3.74,3.56,3.78,"PC-RF-161"
0.88,3.68,3.31,3.17,2.42,1.91,3.47,3,3.11,3.23,2.61,3.58,3.32,1.24,2.67,2.49,3.05,2.94,2.34,3.15,2.84,2.83,2.58,2.87,3.47,"PC-RF-162"
2.39,3.94,3,2.83,2.1,2.2,4.94,3.11,3.39,3.55,3.76,3.09,3.18,2.62,3.4,2.7,3,3.29,2.94,2.86,2.88,3.84,2.74,3,3.59,"PC-RF-163"
0.95,4.12,4.89,5,3.89,1.81,3.79,4.24,3.71,4.9,4.86,4.35,5.06,2.47,4.88,4.33,5.11,4.8,4,5,4.53,3.5,3.45,3.53,4.58,"PC-RF-164"
0.58,4.59,3.63,4.41,3.86,2.22,4.09,4.39,3.75,4,4,4.32,4.32,2.91,4.69,3.56,4.4,4.21,3.56,3.73,4.5,3.5,3.52,3.36,3.56,"PC-RF-165"
0.85,4.32,3.45,3.9,3.46,2.06,3.25,2.81,3.75,3.26,2.64,4.06,3.73,1.53,4.05,3.27,3.83,3.16,2.58,3.74,4.2,3.11,3.4,3.52,3.3,"PC-RF-166"
2.05,3.94,3.73,3.68,3.88,2.43,3.78,2.87,3.74,4.47,3.86,3.9,3.88,2.78,3.54,3.67,3.62,4.14,3.06,4.16,3.96,3.19,3.46,4.07,3.79,"PC-RF-167"
0.99,3.95,2.98,3.62,3.26,2.35,3.53,2.83,3.31,3.45,3.81,3.88,3.93,2.57,3.34,2.98,4.07,3.19,3.42,3.54,3.96,2.7,3.63,3.49,3.34,"PC-RF-168"
1.04,3.7,3.94,4.13,3.3,2.37,3.71,3.08,4.32,4.24,3.97,4.41,4.06,2.35,4.05,4.15,3.95,4.05,3.34,4.38,3.95,2.91,3.48,4.23,3.48,"PC-RF-169"
1.68,4.31,4.4,4.23,4.12,3.04,4.15,3.35,3.7,4.16,4.13,4.55,4.49,2.78,4.05,3.88,4.19,4.31,3.73,4.08,4.73,3.54,3.79,4.13,3.98,"PC-RF-170"
1.02,4.39,3.17,4.1,3.14,2.45,3.73,3.36,3.89,3.95,3.78,4.38,4.01,2.19,4.04,3.35,4.92,4.23,3.18,4.12,4.34,3.26,3.33,3.9,3.99,"PC-RF-171"
1.69,3.29,3.47,3.42,3.39,2.4,3.63,2.67,3.46,3.11,3,3.39,3.56,2.34,3.07,3.26,2.82,3.2,2.56,3.4,3.4,2.44,2.81,3.27,3.66,"PC-RF-172"
1.91,3.78,4,4.01,3.42,2.9,3.98,3.31,3.61,3.96,4.19,4.18,4.45,2.85,4.2,3.5,4.24,4.53,3.41,4.21,3.84,3.37,4.06,4.48,4.01,"PC-RF-173"
1.46,3.74,3.64,3.63,3.7,2.65,4.1,3.44,3.74,3.94,3.88,4.23,3.95,2.93,3.86,3.24,4.25,3.8,3.59,4.16,4.31,3.53,3.54,3.95,3.95,"PC-RF-174"
1.59,4,4.44,4.57,3.83,2.9,4.38,2.53,4.08,4.18,4.89,4.52,4.48,2.55,4.5,3.54,4.62,3.88,3.94,4.07,4.83,2.88,3.43,4.7,3.94,"PC-RF-175"
0.92,3.91,4.05,4.27,3.82,2.78,4.26,3.47,4.02,4.62,4.11,4.38,4.56,3.02,4.19,3.55,4.37,4.23,3.34,4.16,4.81,3.33,3.85,4.52,4.01,"PC-RF-176"
0.77,3.04,3.55,3.82,3.03,2.46,3.91,2.23,3.45,3.51,3.5,3.73,4.64,2.32,4.05,3.19,4.63,3.61,3.07,3.69,4.05,3.04,3.39,3.47,3.46,"PC-RF-177"
0.64,3.51,3.82,4.19,3.23,2.31,3.82,3.38,3.62,4.03,3.38,4.35,3.57,2.37,4.15,3.05,4.32,3.75,2.52,3.89,4.18,3.08,3.23,3.89,3.35,"PC-RF-178"
1.19,3.71,3.28,3.9,3.38,2.02,4.45,2.55,3.7,3.81,3.52,3.9,4.91,2.18,4.21,3.65,4.22,4.2,2.76,4.27,4.26,2.57,3.09,4,3.33,"PC-RF-179"
1.66,4.06,3.72,3.9,3.58,2.5,3.67,3.23,3.89,4.11,3.88,4.11,3.94,2.95,4.25,3.35,4.22,3.85,3.17,3.97,4.65,3.2,3.56,4.39,4.09,"PC-RF-180"
1.33,4.35,3.81,4.82,3.84,2.39,3.85,3.63,4.29,3.92,4.66,4.48,4.67,2.88,4.15,3.7,4.63,3.83,3.26,4.14,4.48,3.13,3.1,3.95,3.75,"PC-RF-181"
0.85,4.14,3.69,4.3,3.7,2.38,4.01,3.48,3.64,4.15,3.94,3.73,4.45,2.19,4.18,3.66,4.17,4.16,3.26,4.03,4.23,3.11,3.31,4.13,4.08,"PC-RF-182"
0.93,4.05,3.92,4.11,3.56,2.73,3.75,3.51,3.29,3.81,3.72,4.01,4.14,2.81,4.28,4,4.4,4.1,2.82,3.84,4.16,3.21,3.44,3.78,4.18,"PC-RF-183"
2.6,3.92,3.5,4,3.58,1.3,3.18,3,2.67,4.25,4.27,3.2,4.62,3.5,4.56,4.09,2.5,3.89,3.25,4,4.73,3.07,3,4,3.58,"PC-RF-184"
1.93,5.08,4.75,4,4.33,3,3.17,3.07,3.77,4.54,4.5,4.75,4.7,1.86,4.31,2.69,3.8,4,3.75,4.44,4.46,3.62,3.21,3.92,3.1,"PC-RF-185"
1.3,3.81,3.65,3.93,4.18,2.39,4.22,3.19,3.9,4.28,3.75,4.32,4.2,3.63,4.12,3.71,4.43,4.23,3.29,3.85,4.12,3.19,3.8,3.61,3.84,"PC-RF-186"
1.57,2.94,3.06,3.78,2.74,2.23,3.56,2.53,3.6,3.14,3.58,3.68,2.99,2.28,3.62,2.67,3.71,2.87,2.64,3.89,3.54,3.25,3.06,3.73,2.99,"PC-RF-187"
1.84,3.42,2.34,4.2,2.79,2.1,3.43,2.83,3.25,3.62,2.78,3.48,3.26,2.63,3.54,2.85,3.56,3.73,2.7,3.59,3.1,2.88,3.71,3.74,3.96,"PC-RF-188"
1.64,3.66,3.26,3.71,3.05,2.48,3.13,2.86,3.2,3.54,3.52,3.96,3.3,2.39,3,3.01,3.53,3.84,3.58,3.82,3.91,2.92,3.45,3.6,3.43,"PC-RF-189"
1.25,2.92,2.69,3.42,2.77,2.3,3.83,3,2.7,3.51,3.11,4.15,3.93,2.56,3.5,2.61,3.31,3.29,2.48,3.27,3.48,2.83,2.89,3.55,3.4,"PC-RF-190"
1.15,3.36,3.74,3.9,3.21,2.78,3.75,3.17,4.05,3.68,3.67,4.08,4.07,2.55,3.91,3.5,3.46,3.67,3.44,4.02,3.89,3.15,3.06,3.69,3.66,"PC-RF-191"
1.66,4.19,4.01,4.42,3.69,2.52,4.18,3.11,3.88,4.23,4.16,4.5,4.43,2.66,4.27,3.74,4.49,4.32,3.43,4.41,4.74,3.26,3.17,4.02,4.26,"PC-RF-192"
1.88,4.17,4.05,5.06,3.48,2.5,3.79,3.23,4.2,5,3.38,4.6,4,3.1,3.72,4.3,5.06,3.88,3.65,3.76,4.67,3.04,3.21,3.89,3.84,"PC-RF-193"
0.86,4.31,3.85,4.07,3.53,2.64,4.07,3.26,4.14,4.32,4.21,4.83,4.16,2.78,4.42,3.87,4.54,4.52,3.73,4.75,4.45,3.25,3.58,4.19,3.98,"PC-RF-194"
0.69,4.19,4.06,4.33,3.45,2.56,3.98,3.72,3.66,4.4,4.14,3.94,4.21,2.49,4.26,3.56,4.45,4.12,3.54,4.41,4.61,3.09,3.32,4.29,3.68,"PC-RF-195"
0.89,4.7,4.01,4.45,3.84,2.67,4.66,3.71,3.94,4.11,4.29,4.62,4.81,2.67,4.43,4.42,4.57,4.61,3.61,4.77,5.02,3.34,3.63,4.29,4.3,"PC-RF-196"
0.63,4.45,4.18,4.09,3.63,2.54,3.82,4.18,3.66,3.83,4.15,4.54,4.61,2.68,4.4,3.98,4.27,3.91,3.7,4.07,3.99,3.1,3.51,4.1,3.78,"PC-RF-197"
1.23,4.25,4.28,4.63,4.06,2.86,4.6,3.8,4.41,3.57,4.1,4.82,6.06,2.85,4.35,3.35,4.47,3.39,3.06,3.75,4.89,2.8,3.14,4.3,4.84,"PC-RF-198"
1.38,4.25,4.19,4.44,4.04,2.61,4.46,3.6,3.87,4.27,4.34,4.57,4.76,2.7,4.26,3.99,4.51,4.2,3.03,4.18,4.65,3.29,3.35,4.31,4.34,"PC-RF-199"
1.7,3.68,3.19,4.13,3.1,2.53,3.87,3.27,3.77,3.58,3.96,4.48,4.21,2.95,4.3,3.37,4.22,3.58,3.23,4.19,4.4,2.92,3.37,4.36,3.79,"PC-RF-200"
1.76,3.64,3.08,3.75,3.21,2.44,3.48,2.63,3.74,3.94,3.48,3.46,3.81,2.76,3.74,3.28,3.21,3.88,2.73,3.62,3.79,3.01,3.38,3.65,3.37,"PC-RF-201"
1.8,3.87,3.88,4.51,3.73,2.91,4.53,3.8,3.61,4.24,4.51,3.95,4.09,3.15,4.46,3.75,3.91,4.54,3.28,4.17,4.46,3.24,3.92,4.21,3.94,"PC-RF-202"
1.35,3.28,3.31,3.82,3.43,2.49,3.88,3.28,3.68,4.03,4.11,3.93,4.45,2.89,4.18,3.76,3.91,3.68,2.98,3.73,4.26,3.47,3.4,3.55,3.68,"PC-RF-203"
1.37,3.84,3.07,3.53,3.68,2.18,3.82,2.66,3.36,3.57,3.89,3.57,3.21,2.26,3.63,3.23,3.51,3.67,2.62,3.62,2.94,3.1,3.37,3.92,3.74,"PC-RF-204"
1.05,3.84,3.68,4.76,3.77,1.85,3.4,3.11,3.87,4.12,4.21,4.18,4.59,2.91,3.88,3.85,3.18,4.49,3.02,4.14,4.07,2.79,3.93,4.26,3.48,"PC-RF-205"
1.15,4.09,4.03,4.03,2.9,2.21,4.22,3.34,3.34,3.79,4.73,4.22,4.23,2.44,4.27,2.93,4.18,4.04,3.14,3.9,4,2.76,3.19,4.13,3.78,"PC-RF-206"
1.69,3.92,3.78,4,3.87,2.48,3.51,3.18,3.65,3.9,3.96,3.43,4.15,2.57,4.18,3.48,4.29,3.77,3.22,3.81,4.05,3.01,3.47,4.11,3.85,"PC-RF-207"
0.78,4,3.65,4.26,3.75,2.78,4.27,3.77,3.58,4.44,3.52,4.56,4.38,2.61,3.95,3.84,4.24,4.49,3.38,4.64,5.11,3.39,3.74,4.47,4.1,"PC-RF-208"
1.46,4.24,3.89,4.02,3.24,2.39,3.53,3.36,3.83,4.17,4.42,3.88,3.74,2.44,4.06,3.46,3.94,3.61,3.49,4.15,3.2,3.1,4.09,3.86,3.89,"PC-RF-209"
2.05,4.25,3.99,4.19,3.71,2.76,3.75,3.2,3.7,3.81,3.98,3.79,4.28,2.93,3.55,3.41,4.02,4.19,3.09,3.8,4.11,2.97,3.33,4.07,4.05,"PC-RF-210"
1.96,3.49,3.12,3.57,3.39,2.36,3.07,2.7,3.79,3.26,3.15,3.56,3.46,2.75,3.58,3,3.41,3.49,2.92,3.37,3.53,3.15,3.08,3.3,2.97,"PC-RF-211"
1.53,4.21,2.58,3.36,3.54,1.93,4.45,3.53,2.91,4.17,3.36,4.58,4.86,3.12,4.23,3.93,2.83,2.86,2.75,4.55,4.33,2.77,4.12,4.71,3.53,"PC-RF-212"
1.2,4.23,3.91,4.27,3.68,1.8,4.04,3.52,3.78,4.36,4.61,4.61,4.57,3.13,4.23,3.66,4.37,4.37,3.24,4.35,4.38,3.15,3.3,4.12,3.94,"PC-RF-213"
1.02,3.87,3.62,4.47,3.44,2.73,3.95,3.82,4.4,4.06,4.29,4.21,4.28,2.67,3.95,3.42,4.04,4,3.33,4.32,4.31,2.99,3.72,3.77,3.51,"PC-RF-214"
2.13,3.85,2.73,3.29,2.74,2.78,3.36,3.17,3.67,3.24,3.5,3.71,3.61,2.55,3.1,2.6,2.84,3.9,2.75,3.4,3.97,3.02,3.12,2.93,3.67,"PC-RF-215"
1.12,4.19,3.78,4.2,4.19,2.99,4.22,3.87,4.04,4.32,4.51,4.69,4.85,3.21,4.52,3.64,4.23,4.74,3.6,4.45,4.39,3.32,3.53,4.49,3.95,"PC-RF-216"
1.35,4.15,3.87,4.39,3.64,2.77,4.3,3.62,4,4.63,4.3,4.25,4.55,3.13,4.21,4.02,4.37,4.56,3.51,4.17,4.56,3.29,3.36,3.96,3.75,"PC-RF-217"
0.88,4.09,4,4.62,4.72,3.31,4.4,4.38,4.23,4.18,3.94,3.83,4.79,2.33,4.34,4.44,4.5,4.31,3.31,4.64,4.67,3.4,3.59,4.26,4.92,"PC-RF-218"
0.85,4.44,3.64,5.3,3.12,2.45,4.75,3.1,4,4,4.11,4.86,3.83,0.62,4.86,3.57,3.44,3.62,3,4.2,5.29,2.45,3.7,4.09,3.5,"PC-RF-219"
1.08,3.92,3.5,4.05,2.74,1.88,3.65,2.92,3.23,3.33,3.77,3.84,3.34,2.43,3.71,2.82,3.52,3.66,2.35,3.63,3.23,3.06,3.02,3.47,3.55,"PC-RF-220"
1.82,3.81,3.55,3.62,3.71,2.83,4.12,3.03,3.71,3.77,3.68,3.21,3.31,3.42,3.21,3.46,3.56,3.46,3.17,3.46,3.14,3.45,3.3,3.24,3.79,"PC-RF-221"
0.83,3.56,3.14,3.79,2.93,2.5,3.61,2.81,3.4,3.34,3.78,3.92,3.83,2.16,3.39,2.95,3.74,3.6,3.07,3.21,4.26,2.74,2.69,3.45,3.15,"PC-RF-222"
0.91,3.19,4.13,4.25,3.7,2.33,3.4,2.74,3.47,3.2,4.57,4.64,4,2.68,4,3.06,4.29,3.53,3.1,3.41,4.1,3.35,3.24,3.18,3.8,"PC-RF-223"
1.58,4.28,3.73,3.97,3.78,2.7,3.92,3.76,4.17,4.47,4.28,4.11,4.31,3.07,4.57,3.86,4.31,4.33,3.77,4.48,4.24,3.57,3.38,4.15,3.68,"PC-RF-224"
0.45,3.07,3.11,3.69,2.93,1.82,2.6,3.7,3.62,3.5,3.89,3.75,3.91,2.17,3.45,4.31,4.09,4.71,3.4,3.54,4.25,3.24,3.29,2.5,3.27,"PC-RF-225"
1.22,3.03,2.82,3.1,2.23,1.88,2.93,2.73,2.74,2.47,3.26,3.78,3.17,1.95,2.45,1.6,3.06,2.59,2.46,2.58,2.71,2.41,3.12,3.7,2.84,"PC-RF-226"
1.08,4.35,4.39,4.47,3.96,2.74,4.36,3.71,4.22,4.32,4.51,4.56,4.29,2.72,4.29,3.94,4.86,4.28,4.1,4.34,4.53,3.54,3.72,4.4,4.01,"PC-RF-227"
1.61,3.71,3.38,3.71,2.82,2.11,3.37,2.71,2.97,3.11,3.33,4.26,3.9,2.26,2.95,3.11,2.92,3.36,2.38,3.33,3.62,2.99,3.18,3.28,3.73,"PC-RF-228"
0.86,2.67,2.94,4.22,2.42,1.91,2.95,3.12,2.8,3.05,3.35,2.93,3.4,2.01,3.77,1.95,3.56,2.95,1.98,3.38,3.37,2.59,3,3.43,3.01,"PC-RF-229"
1.39,4.16,3.61,4.32,3.83,2.76,4.1,3.33,3.61,3.92,3.74,4.05,3.82,2.8,4.57,3.78,4.1,3.95,3.45,4.15,4.08,3.5,3.61,3.94,4.03,"PC-RF-230"
1.2,3.6,3.9,3.23,2.88,1.89,3.16,2.81,3.09,3.88,3.32,3.6,3.89,1.96,3.93,3.01,4.3,3.18,2.5,3.53,3.41,2.54,2.8,3.34,3,"PC-RF-231"
1.94,3.64,3.41,3.19,3.01,2.21,3.4,2.98,3.27,3.62,3.63,3.3,3.65,2.27,3.95,3.05,3.25,3.18,2.73,3.8,3.76,2.94,2.89,3.64,3.48,"PC-RF-232"
1.61,3.77,3.95,4.23,3.43,2.96,3.72,2.96,3.77,3.88,4.01,4.23,4.43,2.99,3.87,3.41,3.92,3.82,3.76,4.05,4.47,3.32,3.28,4.16,3.81,"PC-RF-233"
1.26,4.35,4,4.33,3.75,2.48,4.13,3.67,3.91,4.18,4.18,4.86,4.64,3.18,4.43,4.07,4.36,4.1,3.67,4.36,4.88,3.24,3.5,4.12,3.8,"PC-RF-234"
1.17,3.29,3.56,4.35,3.67,2.37,4.23,2.24,3.61,2.92,3.58,4.07,3.73,2.06,3.8,3.6,4.14,4.68,3.61,4.33,4.3,2.86,3.6,4.19,4.47,"PC-RF-235"
0.93,3.64,3.44,3.92,2.78,2.31,3.79,3.03,3.38,3.78,3.64,4.08,3.87,2.05,3.45,3.38,4.02,3.88,3.1,3.8,4.11,2.96,3.01,3.81,3.26,"PC-RF-236"
0.7,3.82,3.64,4.33,3.31,2.43,3.89,3.43,3.74,3.78,3.68,4.81,4.64,3.57,4.08,4.2,4.5,4.15,2.98,4.4,4.56,3.39,3.48,3.94,3.67,"PC-RF-237"
1.7,4.17,3.73,4.25,3.85,2.77,4.26,3.61,3.88,4.12,4.32,4.48,4.14,2.91,4.04,4.08,4.19,4.3,3.17,4.24,4.29,3.48,3.59,3.93,3.86,"PC-RF-238"
0.88,3.91,4.34,4.48,3.15,2.24,3.43,3.09,3.57,3.88,3.82,4.37,3.85,2.06,3.82,3.69,4.36,4.09,3.08,4.61,3.73,2.8,3.15,3.61,4.03,"PC-RF-239"
0.92,3.07,2.51,3.92,2.97,2.04,3.17,2.64,3.61,3.48,3.06,3.54,3.68,2.18,3.79,3.73,4.67,3.37,2.37,3.39,3.84,3.34,3.55,3.2,3.19,"PC-RF-240"
1.18,3.93,4.45,4.7,4.33,2.06,3.79,2.18,3.91,3.81,4.46,5.11,3.9,3.55,4.31,3.78,4.75,4.5,2.73,4.42,3.07,2.36,3.67,4.59,4.82,"PC-RF-241"
1.14,3.25,2.02,3.57,3.01,1.86,3.06,2.59,3.01,3.07,3.34,2.69,2.98,2.4,3.48,2.3,3.43,3.46,2.73,3.4,3.32,2.77,3.32,3.25,3.22,"PC-RF-242"
0.98,3.91,3.88,4.03,3.66,2.88,3.93,3.27,4.24,3.92,4.25,4.16,3.91,3.16,4.35,3.98,3.63,4.17,3.13,3.77,4.06,3.1,3.38,3.98,3.64,"PC-RF-243"
0.99,4.07,3.58,3.9,3.79,2.78,4.3,3.87,3.95,4.11,4.46,4.21,4.5,2.66,4.42,3.46,4.41,4.3,3.65,4.48,4.32,3.41,3.42,3.93,4.01,"PC-RF-244"
1.79,2.95,3.46,3.77,2.75,2.33,3.23,2.82,3.1,3.25,3.36,3.34,3.43,2.29,3.35,2.07,2.97,3.49,2.34,3,3.21,2.97,2.94,3.55,3.46,"PC-RF-245"
0.71,4,3.59,4.2,3.77,2.23,4.09,3.7,3.73,3.67,4.43,4.27,4.82,2.55,4.41,4.14,4.6,4.1,2.74,3.93,4.83,2.69,3.17,4.54,3.51,"PC-RF-246"
1.12,3.77,3.75,4.07,3.67,2.54,4.2,4.01,3.94,4.27,4.13,3.77,4.22,2.73,4.11,3.97,4.24,4.09,3.49,3.95,4.36,2.98,3.21,3.88,3.38,"PC-RF-247"
1.21,3.82,3.23,3.29,3.7,3.25,4.12,4.64,3.18,4.4,4.22,3.67,3.91,2,3.7,3,2.5,3.6,2.55,3.73,4.71,3.82,3.5,4.27,4.33,"PC-RF-248"
0.73,4.35,4.22,4.3,4.16,2.52,4.24,3.57,4.05,4.39,4.26,4.52,4.49,2.99,4.34,4.2,4.54,4.3,3.98,4.55,4.67,3.19,3.64,4.28,4.1,"PC-RF-249"
0.79,3.51,3.69,4.14,3.47,2.09,3.21,2.62,2.91,3.63,2.62,3.7,3.4,3.2,3.9,3.04,3.29,3.45,2.63,3.77,3.6,3.53,3.16,3.51,3.1,"PC-RF-250"
1.62,2.97,2.72,3.69,2.82,2.18,3.03,2.21,3.36,3.45,3.11,3.13,3.69,2.64,2.73,3.18,3.09,2.64,2.01,3.48,3.3,2.74,2.95,3.37,3.55,"PC-RF-251"
1.98,4.38,4.27,4.66,4.39,2.88,3.96,3.41,4.06,4.42,4.14,4.09,4.46,3.27,4.14,3.52,4.42,4.72,3.59,4.85,4.42,3.24,3.97,4.61,4.44,"PC-RF-252"
0.83,4,3.99,4.16,3.61,2.72,4.13,2.95,4.07,4.07,4.14,4.14,4.48,3.36,4.09,3.82,3.8,3.98,3.3,4.44,4.57,3.28,3.45,3.93,3.7,"PC-RF-253"
1.1,3.48,4.03,3.99,3.64,2.8,3.49,3.28,3.68,3.35,3.98,4.04,3.5,2.68,3.41,2.72,4.25,3.83,3.13,3.85,3.61,2.97,3.14,3.81,3.54,"PC-RF-254"
0.76,2.45,2.69,3.75,2.53,1.22,2.67,3.3,2.41,3.23,2.58,2.46,3.65,2.26,2.74,1.64,3.71,2.78,2.09,3.33,3.44,2.87,2.85,3.11,3.05,"PC-RF-255"
1.11,3.48,3.52,5.39,2.56,2.02,3.48,3.11,3.88,3.86,3.67,4.11,3.74,2.05,4.45,3.5,3.59,3.31,2.91,3.85,4.33,2.8,2.8,3.84,3.62,"PC-RF-256"
2.18,4.22,4.17,3.42,4.13,2.67,3.7,3.66,4.19,3.98,4.21,3.93,4.23,3.27,4.02,3.05,3.53,3.93,3.45,4.22,3.63,3.25,3.31,3.85,3.79,"PC-RF-257"
1.79,2.84,3.33,3.24,2.84,1.94,2.9,2.97,2.75,3.08,3.68,3.07,2.91,1.97,3.49,2.98,3.49,3.18,2.2,3.08,3.08,2.78,3.17,3.42,3.29,"PC-RF-258"
1.9,3.9,3.23,4.19,3.64,3.07,4,3.42,3.56,3.75,3.79,3.88,4.25,2.74,3.96,3.96,4.19,4,3.96,4.18,4.43,3.77,3.59,3.81,3.62,"PC-RF-259"
0.82,4.41,3.89,4.2,3.63,2.29,4.06,3.49,3.85,3.87,4.31,4.38,4.68,2.11,4.09,3.87,4.3,4.41,3.18,4.09,4.18,3.1,3.57,3.87,3.76,"PC-RF-260"
1.42,4.15,2.92,3.48,3.52,2.24,3.72,3.56,3.27,3.47,3.72,3.9,3.79,2.16,3.15,3.27,3.75,3.46,2.97,3.95,4.07,2.91,3.44,3.19,3.66,"PC-RF-261"
1.32,3.34,3,3.6,2.81,2.33,3.48,3.03,3.17,3.59,3.58,3.21,3.54,2.18,3.34,2.58,3.82,3.35,2.74,3.58,3.66,3.04,3.19,3.61,3.56,"PC-RF-262"
0.79,4.05,4.23,4.43,3.43,2.23,4.21,4.11,3.82,4.39,3.82,4.58,4.76,2.92,3.91,4.01,4.74,4.37,3.36,4.47,4.82,3.42,3.63,4.18,3.5,"PC-RF-263"
2.1,3.64,3.17,4.38,3.49,2.67,3.65,2.57,3.83,3.73,3.53,3.55,3.62,2.69,3.6,3.19,3.3,4.02,1.96,3.31,2.98,3.16,3.28,3.58,3.91,"PC-RF-264"
2.21,4.57,4.1,4.38,3.84,2.74,4.11,3.77,3.84,4.41,4.31,4.21,4.6,3.21,4.08,3.2,3.99,4.29,3.35,4.07,4.48,3.18,3.85,4.17,4.2,"PC-RF-265"
1.66,4.05,4.1,4.27,3.86,2.96,4.19,3.46,3.99,4.25,4.13,4.21,4.64,3.26,4.13,3.94,4.21,4.44,3.48,4.19,4.67,3.23,3.56,4.1,4.16,"PC-RF-266"
1.11,4.59,3.77,4.57,3.66,2.41,3.76,3.25,3.8,4.21,4.26,4.15,4.33,2.39,4.16,3.54,3.98,4.3,3,4.28,4.66,3.2,3.01,3.64,3.78,"PC-RF-267"
0.82,3.19,2.96,3.25,2.87,1.76,3.53,2.86,3.29,3.67,3.13,3.43,3.05,2,3.26,2.37,2.45,2.85,2.27,3.27,3,2.19,3.48,3.65,3.32,"PC-RF-268"
0.75,4.5,4.32,4.45,3.15,2.48,3.95,3.89,3.89,4.18,4.35,4,4.23,2.58,4.06,3.48,3.83,4.14,3.68,4.75,5.58,3.32,3.44,4,3.96,"PC-RF-269"
1.89,2.77,2.61,2.9,2.24,1.93,2.7,2.29,2.99,3.02,3.01,2.86,2.69,2.16,2.73,2.22,2.69,3.07,2.62,3.23,2.84,2.71,2.73,2.8,3.02,"PC-RF-270"
0.77,3.8,3.34,4.22,3.51,1.82,4.05,3.68,3.73,4.17,4.11,4.15,4.41,2.85,4.06,3.86,4.39,3.7,3.02,4.13,4.2,3.18,3.23,4.03,3.62,"PC-RF-271"
1.92,4.08,3.63,4.04,3.95,2.68,3.85,3.43,3.88,4.16,4.04,4.15,4.59,2.95,3.96,3.52,3.99,4.15,3.4,4.38,4.31,3.45,3.69,4.14,4.36,"PC-RF-272"
0.69,3.82,4.12,4.22,3.58,1.8,4.34,4,3.82,4.53,4.81,4.75,5.07,3,4.11,3.98,4.35,4.27,3.81,4.4,4.52,2.94,3.53,3.7,4.15,"PC-RF-273"
1.04,3.73,3.87,3.85,3.24,1.95,3.73,2.77,3.72,3.8,3.84,3.82,4.1,3.1,3.73,3.12,3.71,3.79,2.84,4.11,3.53,3.49,3.72,3.6,3.81,"PC-RF-274"
0.85,3.87,3.9,4.24,3.18,2.15,4.33,3.37,3.94,4.09,4.58,4.28,4.52,2.78,4.08,3.86,4.29,3.95,3.09,4.46,5,2.99,3.22,4.14,4.19,"PC-RF-275"
1.07,3.56,3.42,3.59,2.45,2.2,3.59,3.23,3.49,3.26,3.62,3.13,3.5,2.49,3.17,2.92,3.55,4.2,2.74,3.85,4.06,2.35,3.29,3.85,3.04,"PC-RF-276"
1.47,3.64,2.89,3.77,3.76,2.51,3.4,2.91,3.3,3.73,3.66,3.69,3.9,2.32,3.75,3.28,3.45,3.88,2.88,3.67,4.19,2.82,3.26,3.82,3.75,"PC-RF-277"
0.95,4.18,3.91,4.29,3.62,2.37,4.13,3.5,3.81,3.68,4.05,4.21,4.22,3.22,4.05,3.63,4.35,4.01,3.46,4.39,4.23,3.08,3.19,3.95,3.7,"PC-RF-278"
1.94,3.33,2.7,3.29,2.1,2.07,2.61,1.8,2.64,3.34,2.78,2.39,3.31,2.28,3.47,3,2.75,3.14,2.51,3.34,3.4,2.39,2.78,3.12,3.32,"PC-RF-279"
1.01,3.97,4.02,4.23,3.61,2.64,4.07,3.9,4.55,3.98,4.44,4.67,4.78,2.86,4.27,3.75,4.27,4.44,4.44,4.38,4.73,2.79,3.44,4.38,4.11,"PC-RF-280"
0.77,4.32,3.78,4.14,3.91,2.86,3.78,3.81,3.27,4.32,4.05,4.48,4.37,3.06,4.42,3.59,4.09,4.33,3.54,4.09,4.45,3.11,3.9,4.48,4.06,"PC-RF-281"
1,4.35,4.13,5.45,3.4,2.59,3.93,4,4.19,4,4.62,5.47,4.83,3.44,3.5,3.41,4.21,4.27,2.8,3.38,4.25,3,3.81,4.4,4.81,"PC-RF-282"
1.85,3.85,3.62,4.02,3.79,2.73,4.03,3.32,3.9,3.95,3.48,4.1,4.1,3.37,4.18,4.15,4.04,3.6,3.11,4,3.99,3.24,3.85,4.37,3.9,"PC-RF-283"
1.44,4.15,4.27,4.64,3.78,2.48,4.1,2.6,3.44,4.19,3.87,4.49,4.51,3.15,4.46,3.69,4.08,4.02,3.4,4.02,4.72,3.25,3.23,3.89,3.8,"PC-RF-284"
0.81,4.03,4.24,4.47,4.2,2.41,4.2,3.95,3.9,4.28,4.49,4.52,4.63,3.01,4.39,4.45,4.68,3.83,3.8,3.96,4.67,3.68,4.07,4.27,4.02,"PC-RF-285"
1.47,4.56,3.22,2.5,3.5,2,3.26,3.21,3.24,3.67,3.51,3.6,3.29,1.88,3.38,3.33,2.62,4.2,2.72,3.81,3.68,3.34,3.22,3.84,3.17,"PC-RF-286"
0.75,4.18,4.04,4.42,3.89,2.89,4.35,3.93,3.83,4.36,4.33,4.71,4.53,2.7,4.31,3.95,4.56,4.47,4.05,4.22,4.77,3.59,3.67,4.13,3.84,"PC-RF-287"
0.73,4.34,3.82,4.28,3.48,2.51,4.27,3.94,3.69,4.32,4.32,4.74,4.43,2.44,4.4,3.95,4.22,4.29,3.64,4.22,4.85,3.16,3.33,3.85,4.01,"PC-RF-288"
0.69,4.1,3.86,4.32,3.26,1.84,3.77,3.27,3.45,4.22,4.29,4,4.13,2.21,4.34,3.38,4,4.42,3.42,3.65,4.38,3.04,3.34,4.16,3.48,"PC-RF-289"
1.56,3.59,3.7,3.54,3.45,2.12,3.52,2.87,3.57,3.65,4.31,4.16,4.27,2.52,3.68,3.01,3.48,3.96,3.07,3.91,4.2,3.05,3.46,3.58,4.01,"PC-RF-290"
0.82,3.57,3.95,4.16,3.55,2.77,4.06,3.19,3.68,3.92,4.06,3.87,4.65,2.44,3.81,3.35,3.49,4.18,3.22,4.1,3.93,3.1,3.06,3.68,3.58,"PC-RF-291"
1.53,4.01,3.79,4.15,3.82,2.88,4.11,3.66,4.01,3.91,4.15,4.2,4.38,3.55,3.8,3.63,4.01,4.35,3.93,4.61,4.02,3.28,3.77,4.08,3.95,"PC-RF-292"
1.66,3.7,3.15,3.73,3.79,2.42,3.65,2.89,3.71,3.71,3.77,3.55,4.15,2.84,3.87,2.58,3.75,3.64,3.18,4.03,3.82,3.05,3.34,3.86,3.57,"PC-RF-293"
2.07,3.7,3.31,3.99,3.26,2.9,3.82,3.36,3.84,3.5,3.9,3.74,4.3,2.63,4.23,3.13,3.59,3.62,3.65,3.82,4.21,3.13,3.39,3.97,3.57,"PC-RF-294"
2.42,3.4,2.77,3.8,3.23,2.5,2.73,2.51,2.87,2.58,3.63,2.94,3.28,2.5,3.09,2.25,3.13,2.93,2.09,2.81,3.62,3.26,3.11,3.6,3.68,"PC-RF-295"
1.3,4.07,3.72,3.84,3.7,2.58,4.43,3.88,3.29,4.33,3.78,4.03,4.28,2.7,3.84,4.17,4.02,4.5,2.81,3.83,4.14,3.48,3.8,4.25,3.61,"PC-RF-296"
1.71,4.01,3.98,4.14,3.61,3.23,3.96,3.3,3.72,3.88,4.26,4.3,4.52,2.72,4.44,3.26,3.79,4.01,3.47,4.33,4.36,3.24,3.57,4.23,4.28,"PC-RF-297"
1.46,4.53,4.43,4.51,3.78,2.28,4.21,3.72,3.26,4.3,4.24,4.85,4.57,3.36,4.03,3.49,4.7,4.22,3.23,4.26,4.88,2.98,3.62,3.93,4.25,"PC-RF-298"
1.07,3.66,3.5,3.64,3.37,2.38,3.9,3.05,3.83,3.79,4.01,3.88,4.18,2.63,3.65,3.58,3.95,3.85,3.32,3.86,4.52,2.99,3.46,3.91,3.91,"PC-RF-299"
0.97,4.4,4.25,4.61,4.2,2.42,4.34,3.67,3.96,4.38,4.42,4.79,4.71,2.64,4.95,4.17,4.73,4.26,3.49,4.07,5.11,3.2,3.42,3.99,3.65,"PC-RF-300"
2.06,4.18,3.95,4.23,3.63,2.6,3.45,3.36,3.44,4.02,3.61,4.32,4.1,2.8,3.82,3.39,3.87,3.63,2.96,4.06,4.01,3.33,3.74,4.07,4.12,"PC-RF-301"
0.97,4.13,3.71,4.11,3.5,2.31,4.18,3.59,3.32,4.1,4.22,3.91,4.6,2.72,4.29,3.15,4.41,3.88,3.31,4.31,4.4,3.2,3.47,4.11,3.69,"PC-RF-302"
1.93,4.16,3.68,4.28,4.29,2.87,4.26,3.51,3.44,4.45,4.45,4.52,3.74,3.54,3.96,3.35,4.49,4.23,3.5,4.05,4.4,3.24,3.75,3.77,3.79,"PC-RF-303"
1.19,3.74,3.4,3.76,2.91,2.04,4.02,2.68,3.33,3.74,3.72,3.71,3.9,2.21,3.28,3.77,3.95,3.66,2.56,3.62,3.99,2.98,3.04,3.36,3.25,"PC-RF-304"
0.77,4.42,4.42,4.82,4.56,2.77,4.41,3.55,3.97,4.34,4.71,4.38,4.67,3.47,4.33,4.02,4.71,4.31,3.75,4.13,4.94,3.48,3.54,4.4,4.28,"PC-RF-305"
2.06,3.52,3.9,3.97,3.49,2.76,3.42,2.89,3.17,3.58,3.98,3.21,3.33,2.83,3.83,3.4,3.3,3.96,2.76,3.85,3.3,3.48,3.5,4.03,4.04,"PC-RF-306"
0.7,4.16,3.86,4.18,4.43,2.57,4.22,3.7,4.11,4.51,4.35,4.47,4.97,3.19,4.53,4.04,4.62,4,3.52,4.24,4.78,3.29,3.28,4.75,3.88,"PC-RF-307"
1.14,3.6,3.9,3.27,3.47,2.44,3.69,3.14,3.98,3.15,4.17,4.19,4.11,2.51,3.89,3.38,3.87,3.27,3.27,4.06,3.93,2.77,3.64,3.67,3.59,"PC-RF-308"
1.22,4.21,3.72,4.17,3.7,2.2,3.87,3.96,4.15,4.11,3.49,3.99,3.91,2.74,4.1,3.66,3.72,4.02,2.74,3.73,4.33,3.23,3.61,3.94,3.56,"PC-RF-309"
0.94,3.77,3.68,3.83,3.13,2.28,4.07,3.53,3.51,4.11,4.03,3.81,4.43,2.23,4.1,3.75,3.79,4.36,2.94,3.87,4.01,3.22,3.23,4.09,3.65,"PC-RF-310"
1.38,4.19,3.46,3.57,3.88,1.9,3.52,2.16,3.08,3.07,4,4,3.87,2.07,3.8,3.48,3.44,3.39,3,3.7,3.8,3.03,3.5,3.26,3.67,"PC-RF-311"
1.29,4.33,3.62,3.68,3.5,3.05,3.62,3.85,3.83,4.01,4.16,4.19,4.26,2.46,4.16,3.53,3.35,3.55,3.35,3.26,4.16,3.32,3.75,3.86,3.72,"PC-RF-312"
1.93,3.82,3.68,3.87,3.73,2.94,4.11,3.48,3.83,4.2,4,3.99,4.29,2.82,4.33,4.01,4.01,4.36,3.49,4.25,4.02,3.16,3.58,4.22,4.58,"PC-RF-313"
1.16,4.6,4.1,4.6,4.19,2.7,4.49,3.53,4.06,4.41,4.55,4.66,4.98,3,4.57,3.96,4.66,4.42,3.66,4.39,5.1,3.23,3.31,4.14,4.11,"PC-RF-314"
0.62,4.43,4.33,3.57,3.33,2.62,4.67,4.58,3.75,4.42,4.5,4.82,6,3.3,4.33,4.36,4.96,4.82,3.43,4.65,4.96,3.08,3.58,3.58,4.08,"PC-RF-315"
0.76,4.16,4.2,4.33,4,2.63,4.46,4.08,3.85,4.18,3.96,4.72,4.49,3.04,4.31,3.73,4.3,4.31,3.57,4.09,4.59,3.31,3.73,4.34,3.62,"PC-RF-316"
0.9,4.25,4.55,4.34,3.76,2.79,4.6,3.83,3.92,4.72,4.87,4.79,5.04,3.05,4.77,3.76,4.96,4.7,3.31,4.56,4.74,3.35,3.66,4.38,3.97,"PC-RF-317"
1.68,4.15,4.22,4.49,3.51,2.68,4.17,3.26,3.81,4.33,3.88,4.21,4.54,2.73,4.01,3.54,3.72,4.1,3.18,4.11,4.82,3.09,3.63,4.35,3.7,"PC-RF-318"
1.99,4,3.7,4.33,3.78,2.94,4.16,3.44,3.93,4,4.21,4.19,4.63,3,4.32,3.79,3.72,4.15,3.27,4.3,4.8,3.21,3.66,4.25,4.16,"PC-RF-319"
1.13,4.07,3.96,4.12,3.5,2.43,4.25,3.56,3.76,4.07,4.51,4.39,4.4,2.77,4.38,3.42,4.4,4.29,3.01,3.9,4.93,3.2,3.4,3.98,3.86,"PC-RF-320"
0.78,3.23,3.64,3.33,3.2,2.19,3.64,3.15,3.62,3,3.68,3.19,3.94,1.6,3.8,3.26,3.89,3.53,3.22,3.78,4.13,3.22,2.96,3.68,3.39,"PC-RF-321"
1.23,3.61,3.29,3.98,2.59,2.15,3.4,2.2,2.93,3.08,2.95,2.96,3.94,2.5,3.16,3.22,2.88,3.67,2.16,4.22,4.38,2.46,3.21,3.65,2.85,"PC-RF-322"
0.67,4.45,3.8,3.25,3.15,1.95,3.56,2.8,3.53,4.62,4.12,4.36,4.12,1.74,4.5,2.69,4.73,4.2,3.5,4.43,3.86,3.25,3.12,4.12,3.21,"PC-RF-323"
1.11,3.84,3.95,3.68,3.82,2.71,4.03,3.43,3.69,4.17,4.01,3.76,4.35,2.92,3.84,3.87,4.22,4.05,3.58,4.32,4.61,3.1,3.63,3.94,3.79,"PC-RF-324"
2.31,3,3.64,3.73,3.92,1.92,3.62,2.25,3.25,3.88,3.4,3.21,3.11,3.4,3.54,2.62,3.5,2.78,2.2,3.33,4,2.83,3.36,3.5,3.87,"PC-RF-325"
0.82,2.93,2.63,3.15,3.32,1.84,3.4,2.43,3.59,2.85,3.25,2.36,3.23,2.72,3.45,3.19,3.37,3.54,2.16,4,2.06,2.74,2.92,3.48,3.15,"PC-RF-326"
0.72,3.72,4.06,4.12,3.39,2.54,3.88,3.6,3.25,4.3,3.25,3.95,3.64,2.36,3.8,2.66,4.06,3,3.04,3.91,3.83,3.39,3.57,3.86,3.26,"PC-RF-327"
0.72,4.07,4.01,4.47,3.92,2.77,4.05,4.33,3.86,4.54,4.8,4.92,4.89,3.44,4.8,4.22,4.73,4.69,4.13,4.55,4.96,3.22,3.45,4.57,3.97,"PC-RF-328"
1.27,3.35,3.29,3.98,3.26,3.1,3.26,4.1,3.21,4.12,4.43,3.9,4.23,2.55,4.34,3.77,3.87,4.26,3.59,3.94,4.7,3,3.19,3.61,4.39,"PC-RF-329"
0.78,4.17,3.82,4.77,3.51,2.68,4.27,3.92,3.87,4.29,4.73,5.14,4.89,3.38,4.49,3.75,4.27,4.34,3.73,4.43,5.13,3.53,3.57,4.42,4.18,"PC-RF-330"
1,3.75,4.01,4.6,3.77,2.06,4.08,2.74,3.42,3.96,3.78,4.06,4.6,2.49,3.93,3.22,3.98,4.15,3.23,3.79,4.38,3,3.04,3.85,3.83,"PC-RF-331"
1.1,2.62,4.11,3.58,3.11,2.5,3.56,3.8,2.75,2.67,3,3.2,2,1,3,2.78,3.22,2.67,1.83,4.17,2.88,2.29,3.47,4,3.5,"PC-RF-332"
1.42,4.29,3.67,4.52,3.4,2.35,3.9,3.28,3.83,3.93,4.31,4.28,4.42,2.21,3.63,3.47,3.97,3.9,3.52,4.07,4.69,3.02,3.44,4.15,3.93,"PC-RF-333"
0.9,4.01,3.81,4.12,3.05,2.48,4.45,3.93,3.7,3.94,4.31,5.07,5.15,2.21,4.57,3.87,4.83,4.11,3.61,4.74,4.33,3.08,3.4,4.04,3.75,"PC-RF-334"
1.17,4.4,4.24,4.73,4.05,2.02,4.53,3.62,3.71,4.9,4.08,5.02,4.77,3,4.24,3.8,4.69,4.4,3.55,4.22,4.85,3.41,3.45,4.21,4.08,"PC-RF-335"
1.28,4.07,3.55,4.19,3.49,2.43,3.83,2.54,3.6,3.64,4.18,3.88,4.28,2.55,4.27,3.08,4.6,4.12,3.08,4.04,4.33,2.86,3.41,4.04,3.99,"PC-RF-336"
1.14,4.21,3.36,4.06,3.65,2.5,3.75,3.91,3.49,4.28,4.06,3.85,3.92,3.06,3.77,3.46,3.98,4.57,3.32,4.02,4.38,3.62,3.67,4.11,4.02,"PC-RF-337"
0.78,4.14,3.51,3.84,3.39,2.14,3.91,2.98,3.48,3.87,4.14,3.55,3.69,2.15,3.64,3.38,4.33,3.64,3.23,3.79,3.89,2.98,3.28,3.65,3.65,"PC-RF-338"
1.15,4.26,4.01,4.22,3.76,2.56,4.18,3.3,3.29,3.81,3.76,4.31,4.69,2.89,4.01,3.57,4.29,3.92,3.57,4.14,4.38,3.3,3.6,3.99,3.58,"PC-RF-339"
0.7,3.73,3.73,3.99,3.09,2.12,3.75,3.16,3.28,3.56,3.98,4.03,3.83,2.21,4.06,3.24,4.26,3.46,3.33,3.53,4.33,3.11,3.05,3.6,3.47,"PC-RF-340"
0.66,3.82,3.5,3.83,3.32,2.43,4.05,3.5,3.99,4.06,4.31,4.06,4.12,2.43,4.2,3.58,4.38,4.21,3.56,3.89,4.36,3.17,3.67,3.91,3.7,"PC-RF-341"
0.79,3.35,3.3,2.93,3.17,2.02,3.56,2.89,3.74,3.74,3.52,3.21,3.1,2.41,3.22,3.05,3.55,3.09,2.13,4.17,4.09,2.88,3.03,3.49,3.18,"PC-RF-342"
2.16,4.09,4.01,4.75,4,3.13,4.4,3.31,4.25,4.17,4.02,3.99,4.2,3.38,4.16,3.67,4.26,4.26,3.44,4.47,4.37,3.26,3.42,4.23,3.9,"PC-RF-343"
0.77,3.99,3.5,4.14,3.63,2.51,3.72,3.53,3.15,3.92,4.09,4.41,4.01,2.47,3.9,3.16,4.39,3.82,2.95,4.14,4.44,3.27,3.43,3.8,3.46,"PC-RF-344"
1.01,3.95,4.13,4.11,3.76,2.42,3.99,3.2,3.37,4.04,3.9,3.99,4.41,2.21,3.59,3.43,3.69,3.9,3.44,3.94,4.42,3.13,3.36,3.91,3.56,"PC-RF-345"
1.34,4.21,3.59,3.65,3.71,3.14,4.22,3.42,3.79,3.81,4,3.43,4.03,2.69,2.97,3.9,3.58,3.67,3.26,3.8,3.34,3.51,3.57,4.02,3.71,"PC-RF-346"
0.9,4.11,3.79,4.29,3.85,2.46,3.74,3.49,2.93,3.62,4.44,3.88,4.04,3.54,3.81,2.94,4.19,3.85,3.39,3.83,4.74,2.83,3.5,3.82,3.1,"PC-RF-347"
0.37,3.56,3.08,4,3.63,2.87,4.06,4.78,4,4.48,4.77,4.26,4.38,2.87,3.83,4.76,4.75,4.35,3,4.35,4.43,3.8,3.23,4,4.41,"PC-RF-348"
1.62,4.32,3.83,4.12,3.73,2.87,4.59,3.31,3.97,4.03,4,3.98,4.53,3.23,4.09,3.97,4.1,4.19,3.13,4.44,4.75,3.35,3.58,4.2,3.88,"PC-RF-349"
0.76,4,4.42,3.58,3.5,2.4,4.16,2.91,3.77,3.77,3.78,3.85,3.08,2.69,4.79,3.47,4.05,3.62,3.59,4,4.09,3.24,3.13,3.92,3.66,"PC-RF-350"
1.63,3.04,2.76,2.95,2.19,1.99,2.8,1.98,2.59,2.71,2.78,2.41,2.67,2.27,2.67,1.84,2.75,2.81,2.23,3.4,2.96,2.47,3.02,3.38,3.44,"PC-RF-351"
0.73,3.42,3.85,3.72,3.15,1.85,3.6,2.98,3.67,3.26,3.83,3.49,3.48,2.08,3.54,3.01,4.39,3.54,2.67,3.69,3.42,3.11,3.19,3.95,3.23,"PC-RF-352"
0.97,4.63,4.11,4.71,3.83,2.75,4.16,4.15,4.23,4.28,4.06,4.3,4.89,3.47,4.72,4.31,4.37,4.89,3.35,4.85,5.04,3.63,3.24,4.09,3.93,"PC-RF-353"
0.81,3.42,3.29,3.83,3.12,1.8,3.5,2.86,3.25,3.72,3.62,3.56,3.7,2.16,3.95,3.52,3.46,3.5,2.84,3.56,3.97,2.98,3.48,3.76,3.12,"PC-RF-354"
1.45,4.08,3.82,4.5,3.95,2.61,4.33,3.4,3.88,4.15,4.28,4.55,4.71,3.26,4.23,3.51,4.63,4.3,3.51,4.29,4.86,3.17,3.63,4.02,3.81,"PC-RF-355"
1.61,3.8,4.13,4.54,3.85,2.54,3.89,3.49,3.87,4.78,4.37,4.17,4.61,3.06,4.32,3.98,4.1,4.54,2.98,4.42,4.49,3.43,3.38,3.86,4.08,"PC-RF-356"
0.74,4.05,3.77,4.13,3.26,2.42,3.05,2.66,3.55,3.17,3.72,4.22,3.97,1.98,3.87,3.67,4.26,3.96,2.5,3.34,3.94,2.8,3.29,3.49,4,"PC-RF-357"
1.14,3.65,3.59,3.78,3.49,2.31,3.84,3.34,3.59,3.41,3.89,3.98,4.44,2.01,3.57,3.16,3.68,3.62,2.34,3.54,3.81,2.76,3.09,3.98,3.48,"PC-RF-358"
0.67,4.56,4.05,4.38,4.14,2.86,4.63,4.15,3.8,4.59,4.4,4.68,4.85,2.99,4.24,4.23,4.66,4.79,3.82,4.72,5,3.79,3.61,3.93,3.47,"PC-RF-359"
0.84,3.74,3.8,4.16,4.05,2.78,4.12,3.88,3.12,4.25,4.06,4.65,3.14,2.37,3.79,3.43,3.83,4.41,2.79,4,3.65,2.85,3.59,4.21,4.48,"PC-RF-360"
0.69,4.01,3.86,4.43,3.89,2.82,4.13,3.89,4.24,4.44,4,4.39,4.31,2.74,4.12,4.46,4.53,4.38,3.74,4.16,4.42,3.64,3.71,4.19,3.66,"PC-RF-361"
1,4.39,4.23,4.58,4.11,3.18,4.08,3.88,3.79,4.35,4.36,4.77,4.8,3.08,4.53,3.59,4.59,4.57,3.66,4.51,4.92,3.09,4.04,3.96,4.19,"PC-RF-362"
0.87,3.64,3.62,3.84,3.56,1.92,3.91,3.21,3.28,3.56,4.06,3.94,3.85,2.41,3.64,3.74,4.89,3.8,2.48,4.52,4.18,2.86,3.46,3.55,3.57,"PC-RF-363"
0.62,4.38,3.11,3.18,3,2.9,3.3,4,3.69,4.89,4.44,4.45,3.67,2.67,4.87,3.23,4.14,5.67,4.33,4.55,5.57,3.69,3.14,3.13,4.18,"PC-RF-364"
2.32,3.26,2.09,3.08,2.7,1.95,2.49,2.93,2.55,2.98,2.84,3.3,3.5,2.29,2.88,2.19,3.27,3.24,2.43,2.88,3.62,2.9,3.36,3.93,3.54,"PC-RF-365"
1.06,3.73,3.44,3.77,3.38,2.23,4.13,3.51,3.54,3.91,3.77,3.73,3.9,2.44,3.97,3.85,4.02,3.81,3.01,3.36,4.4,2.62,3.13,3.62,3.55,"PC-RF-366"
1.8,4.07,3.81,4.49,3.91,2.8,4.01,3.7,3.66,4.35,4.25,4.53,4.76,3.54,4.2,3.84,4.44,4.59,3.05,4.31,4.58,3.2,3.64,4.34,4.39,"PC-RF-367"
1.93,3.24,3.05,3.6,2.78,1.97,3.26,2.31,3.27,3.63,2.83,3.55,3.07,2.89,3.16,3.12,2.66,3.29,2.49,3.51,3.73,2.92,3.47,3.67,3.43,"PC-RF-368"
0.77,3.68,4.03,4.03,3.31,2.17,4.39,3.45,3.63,4.35,3.59,4.04,3.83,2.26,4.13,3.57,4.44,4.18,3.25,4.21,4.62,2.99,3.21,4.42,3.71,"PC-RF-369"
1.18,4.27,3.84,4.82,4.19,2.49,3.98,3.79,3.91,4.43,4.65,5.01,4.96,3.12,4.69,3.85,4.66,4.55,3.77,4.66,4.68,3.22,3.85,4.35,4.23,"PC-RF-370"
1.55,4.15,3.14,4.13,3.71,2.41,3.61,3.27,3.56,4.01,4.05,4.48,4.5,2.79,3.95,3.64,4.02,3.98,3.26,3.98,4.48,3.17,3.4,4.11,4.47,"PC-RF-371"
0.98,4.58,4.22,4.75,3.38,2.45,4.43,4.21,4.4,4.87,4.14,4.75,4.09,2.64,4.47,3.85,4.74,4.62,3.33,4.26,4.46,3.06,3.36,4.55,3.95,"PC-RF-372"
1,4.07,3.97,4.39,4.1,2.57,4.55,3.59,3.8,5.18,4.11,4.85,4.75,2.84,4.42,3.19,4.24,4.3,3.85,4.35,4.85,3.41,3.61,4.66,4.13,"PC-RF-373"
1.67,4.13,3.89,4.22,3.9,2.78,4.23,3.47,4.02,4.36,4.46,4.38,4.49,2.88,4.11,3.9,4.5,4.66,3.52,4.64,4.9,3.4,3.56,3.89,4.09,"PC-RF-374"
1.63,3.8,4.03,4.24,3.52,1.9,4.14,2.54,3.56,4.13,4,3.93,3.51,2.28,4.19,3.03,3.68,4.25,3.02,3.79,4.6,3.06,3.39,4.03,3.54,"PC-RF-375"
0.88,3.48,3.54,4.01,3.04,2.06,3.65,2.95,3.47,3.13,3.55,3.48,3.42,2.38,3.99,3.42,3.43,3.47,2.72,3.91,3.32,2.85,3.03,3.54,3.54,"PC-RF-376"
2.1,3.86,3.14,3.95,3.33,2.4,3.94,2.8,3.8,3.87,3.3,3.72,4.03,3.05,3.85,3.19,3.54,3.6,3.1,3.59,4.06,3.22,2.93,3.64,3.87,"PC-RF-377"
1.37,4.46,4.18,4.32,3.73,3.14,4.31,3.97,3.93,4.53,4.33,4.69,4.91,2.82,4.2,3.62,4.48,4.16,3.47,4.04,4.73,3.2,3.56,4.28,4.07,"PC-RF-378"
1.63,4.67,3.56,4.09,4,2.31,4.76,3.4,2.89,5.04,3.93,3.84,4.22,2.71,2.87,3.58,3.53,4.22,2.64,4.05,4.39,3.74,4.13,4.19,3.7,"PC-RF-379"
2.07,3.95,3.66,4.08,3.63,2.75,3.76,3.14,3.64,4.12,3.94,4.13,4.29,3.03,4.23,3.28,4,3.98,2.89,4.05,4.32,3.36,3.6,4.16,4.25,"PC-RF-380"
1.21,4.38,4.56,4.46,4.35,2.3,4.65,3.47,3.71,4.28,4.37,4.54,3.91,2.7,4.55,4.42,4.63,4.57,3.05,3.86,5.04,3.65,3.95,4.46,4.26,"PC-RF-381"
2.02,4.07,3.79,4.65,4.17,3.41,4.16,3.15,3.8,4.08,4.55,4.88,4.46,2.39,4.33,3.79,3.69,3.96,3.16,4.6,4.56,3.74,3.7,4.5,4.18,"PC-RF-382"
0.76,4.57,4.21,4.77,4.07,2.68,4.65,3.8,3.8,4.64,4.67,4.8,4.73,3.2,4.89,3.89,4.76,5.02,3.88,4.53,4.9,3.57,3.42,4.57,4.21,"PC-RF-383"
1.97,3.69,3.56,3.57,3.03,2.25,4.15,2.58,3.48,3.99,3.75,3.96,3.58,2.93,3.69,3.6,3.95,3.83,2.57,3.47,3.83,3.06,3.36,4.13,3.66,"PC-RF-384"
0.94,3.71,3.34,4.1,3,2.64,3.58,3.91,3.91,3.68,3.96,3.62,3.94,1.89,4.03,3.09,4.22,4.17,3.37,3.84,3.87,3.17,3.11,3.71,3.67,"PC-RF-385"
1.57,4.37,4.19,4.01,3.98,2.75,4.49,4.13,3.62,4.07,4.23,4.55,4.74,2.48,4.39,4.04,4.48,3.97,3.46,4.15,4.47,3.26,4.01,4.27,4.25,"PC-RF-386"
0.87,4.64,3.98,4.57,4.01,2.57,4.62,3.97,3.55,4.73,4.27,4.36,5.07,3.08,4.52,4.08,4.7,4.74,3.54,4.31,4.96,3.11,3.53,4.23,4.15,"PC-RF-387"
1.73,3.68,3.95,3.99,3.72,2.99,3.9,3.2,3.46,3.99,3.98,3.8,3.74,3.1,4.29,3.78,4.05,3.99,3.48,4.02,3.64,3.48,3.42,4.39,3.69,"PC-RF-388"
0.7,4.02,4.14,4.73,3.97,3.07,4.45,3.93,3.86,4.74,4.43,4.86,4.88,2.85,4.71,3.94,4.39,4.77,3.77,4.28,4.84,3.44,3.6,4.37,4.04,"PC-RF-389"
0.83,3.32,3.46,3.05,2.5,2.53,2.87,2.78,3.37,3.15,3.76,3.52,3.8,2.11,3.4,2.74,3.47,2.73,2.3,3.21,3.94,2.96,3.2,3.8,3.01,"PC-RF-390"
0.81,3.4,3.48,4.26,3.38,1.92,4.13,3.88,3.65,3.66,3.94,3.67,4.49,2.25,3.81,3.63,3.8,3.98,3.15,4.08,3.91,2.63,3.33,4.18,3.54,"PC-RF-391"
0.81,4.42,4.2,4.65,3.71,2.46,4.56,3.9,4.08,4.56,4.42,4.86,4.57,3.09,4.49,4.02,4.91,4.68,3.87,4.54,4.83,3.2,3.32,4.1,3.95,"PC-RF-392"
0.98,3.32,3.28,3.81,3.32,2.42,3.68,3.33,3.81,3.85,3.57,4,4.71,1.96,4.04,3.65,4.87,3.77,3.39,3.63,4.55,2.92,3.47,3.95,3.11,"PC-RF-393"
0.9,3.2,3,4.33,4.33,3,3.88,4,3.75,3.38,5,4,5,4,5.17,3.38,4.5,4.6,2.38,3.86,3.75,2.71,2.17,4.67,3,"PC-RF-394"
1.81,3.51,3.47,3.87,3.46,2.49,3.98,2.94,3.67,4.06,3.88,4.39,4.19,2.71,4.1,3.51,4.06,4.05,2.91,3.85,4.28,3.36,3.66,3.87,3.8,"PC-RF-395"
1.04,4,3.25,4.15,4.32,2.12,3.89,3.47,3.98,3.48,4.03,4.65,3.96,1.96,4.05,3.58,4.24,3.43,3.02,3.89,3.96,2.77,3.66,4.23,3.87,"PC-RF-396"
1.43,4.22,3.4,3.52,3.97,2.07,2.97,2.69,3.51,3.07,3.23,3.41,3.52,3.02,3.5,3.39,4.39,3.91,3.29,4.18,5.26,3.07,3.3,4.03,3.32,"PC-RF-397"
0.87,4.45,4.44,4.6,4.02,2.74,4.92,3.57,3.75,4.39,4.91,4.88,4.83,2.78,4.56,3.69,4.84,4.13,3.83,4.75,4.49,3.2,3.78,4.46,3.79,"PC-RF-398"
0.59,2.95,3.71,3.94,3,1.81,3.85,3.47,4.21,4.57,3.33,3.75,3.88,2.32,4.41,3.42,4.39,3.67,3.55,4.22,4.27,3.55,3.4,3.7,3.45,"PC-RF-399"
1.62,4.34,4.34,4.17,3.83,2.74,4.03,3.5,3.55,3.89,4.59,4.05,4.71,2.45,3.85,3.32,4.34,4.15,3.56,4.22,4.78,3.16,3.45,4.64,3.86,"PC-RF-400"
1.71,3.93,3.93,4.29,3.64,2.97,4.24,3.8,3.3,4.33,3.73,4.8,4.77,2.89,4.34,4.32,4.75,4.86,3.52,4.22,4.75,3.48,3.22,4.38,3.92,"PC-RF-401"
1.11,4,4.26,4.4,3.96,2.13,3.88,3.38,3.76,4,4.82,4.21,4.4,1.92,4.33,3.93,4.67,4.13,3.35,4.72,4.06,3.62,3.17,4.12,3.64,"PC-RF-402"
1.25,3.75,3.31,3.83,2.97,2.27,3.82,2.98,3.28,3.93,3.44,3.7,3.65,2.42,4.02,3.12,4.11,3.3,2.93,3.5,4.39,2.87,3.12,3.62,3.32,"PC-RF-403"
1.07,4.17,3.61,4.28,4.31,2.59,4.09,3.39,4.14,4.47,4.16,4.35,4.19,3.47,4.44,3.94,4.38,4,3.29,4.82,5,3.29,3.69,3.97,3.67,"PC-RF-404"
1.77,4.36,4.05,4.44,3.86,3.02,4.25,3.18,3.87,4.44,4.42,4.29,4.32,3.17,4.36,3.62,4.37,4.45,3.52,4.84,4.6,3.56,3.82,3.98,3.77,"PC-RF-405"
1.32,4.04,4.18,4.52,4.05,2.51,4.42,3.53,3.79,4.01,4.61,4.58,4.34,3.06,4.67,4.12,4.58,4.25,3.69,4.48,4.64,3.06,3.46,4.11,3.82,"PC-RF-406"
0.7,4.29,4.1,3.96,3.86,2.5,4.53,4.07,4.1,4.64,5.01,4.43,4.98,3.64,4.82,4.15,4.59,4.43,3.28,4.66,4.43,3.39,3.93,4.15,4.13,"PC-RF-407"
1.94,3.48,2.05,3.31,2.63,1.92,3.27,1.86,2.68,2.79,3.09,3.19,3.06,2.31,3.61,2.51,2.02,3.52,2.7,3,3.2,3.01,2.62,3.43,3.4,"PC-RF-408"
1.2,4.03,4.04,3.36,3.63,2.86,3.89,4.21,3.66,4.2,4.76,4.69,4.53,2.82,4.43,3.37,4.04,4.26,3.67,4.31,4.28,3.44,3.64,4.31,4.43,"PC-RF-409"
1.23,4.14,2.67,2.75,3,2.08,4.5,2,3.67,4.29,3.42,2.86,3,2.5,4,2.62,4.33,4.14,2.33,3.44,2.75,2.86,4,3,3.07,"PC-RF-410"
0.75,4.15,4.26,4.35,3.81,2.8,4.26,3.45,3.84,4.07,4.06,4.33,4.17,2.55,3.94,3.98,4.22,4.22,3.68,4.55,4.5,3.46,3.48,4.1,3.92,"PC-RF-411"
0.8,4.03,3.06,3.39,2.34,1.8,3.61,2.11,3.83,3.53,3.4,3.67,4.06,2.64,4.27,3.24,3.85,3.45,2.77,2.9,4.09,2.86,2.69,3.22,2.9,"PC-RF-412"
1.76,3.21,3.34,3.86,3.06,2.22,3.32,3.1,3.27,3.11,3.29,3.7,3.73,2.05,3.13,3.2,3.93,3.58,2.77,3.11,3.71,2.99,3.2,3.95,3.46,"PC-RF-413"
0.69,4.34,3.16,4.18,3.36,1.7,3.94,3.31,3.43,3.94,4.71,3.83,4.45,3.15,3.75,4,3.76,3.79,2.65,4.1,3.92,2.93,2.9,3.65,3.65,"PC-RF-414"
1.83,3.89,3.67,4.2,4.3,3.07,3.67,3.17,3.58,3.9,4.29,3.99,4.95,2.76,4.65,3.61,4.54,4.26,3.11,4.09,4.42,3.1,3.81,4.09,4.02,"PC-RF-415"
1.6,3.2,2.91,3.44,3.17,2.23,3.28,2.29,3.53,3.25,3.42,3.32,3.81,2.21,3.12,3.11,3.49,3.44,2.7,2.9,3.51,2.78,3.53,3.43,3.18,"PC-RF-416"
1.55,3.06,3.21,2.74,2.66,1.84,2.81,2,2.77,2.87,2.94,2.76,3.21,1.68,2.52,2.82,3.05,2.8,2.09,3.28,3.47,2.61,3.27,2.68,2.89,"PC-RF-417"
1.1,3.44,3.06,3.34,2.78,1.88,3.22,2.71,3.2,3.42,3.66,3.28,3.6,1.41,3.43,2.5,3.48,3.36,2.94,3.84,3.39,2.52,3.01,3.46,3.12,"PC-RF-418"
1.91,4.17,3.77,4.31,4.3,3.26,3.96,3.36,4.08,4.41,4.22,4.22,4.36,3.41,3.99,4.01,3.75,4.22,3.6,4.29,4.23,3.51,3.53,4.31,4.04,"PC-RF-419"
1.23,4.02,3.7,4.39,3.6,2.84,3.41,3.47,3.71,3.91,3.68,4.18,4.21,3.31,3.69,2.76,3.94,3.68,3.71,4.09,4.48,2.94,3.66,3.95,4.03,"PC-RF-420"
1.22,4.03,4.11,3.83,3.5,2.7,4.16,3.56,3.13,4.05,3.67,3.92,4.56,2.77,4.09,3.11,4.22,4.21,3.09,4,4.3,3.64,3.26,3.85,3.64,"PC-RF-421"
1.96,3.6,3.75,4.18,4,2.95,3.47,4.05,3.94,3.57,3.2,4.23,4.5,3.85,2.89,2.76,3.64,4.43,2.88,4,4.4,2.75,3.61,3.6,4.35,"PC-RF-422"
0.62,3.72,3.75,4.3,3.04,2.57,4.21,3.73,3.81,4.04,4.18,4.65,4.35,2.91,3.87,3.84,4.46,4.04,3.09,3.91,4.37,3.18,3.55,4.26,3.29,"PC-RF-423"
1.2,4.71,4.06,4.14,3.8,2.22,4.57,3.88,4.17,4.21,4.4,4.76,4.55,2.89,4.41,3.95,4.37,4.15,3.7,4.58,4.98,3.26,3.46,4.36,4.23,"PC-RF-424"
1.74,3.92,4.19,4.86,3.86,2.91,4.2,3.4,3.66,4.6,4.61,4.61,4.42,3.21,4.17,3.61,4.46,4.45,3.46,4.04,4.75,3.62,3.79,4.32,3.98,"PC-RF-425"
2.12,3.38,2.66,3.59,3.14,2.08,3.32,2.58,3.31,3.41,3.07,3.44,3.08,3.21,3.3,3.01,3.05,3.28,2.44,3.35,3.01,2.93,2.83,3.59,3.51,"PC-RF-426"
1.35,4.42,3.77,4.5,3.81,2.45,3.91,3.63,3.89,4.09,4.33,4.35,4.58,3.51,4.48,3.47,4.58,4.21,3.7,4.36,4.68,3.29,3.67,4.02,3.97,"PC-RF-427"
0.94,3.69,3.09,3.62,3.52,2.35,3.5,3.04,3.73,3.4,3.63,3.8,4.09,2.15,3.64,2.77,3.76,3.02,2.89,3.76,3.95,2.87,3.19,3.34,3.12,"PC-RF-428"
0.63,4.19,4.07,4.31,3.3,2.53,4.62,4,4.51,4.52,4.46,5.02,4.86,2.94,4.93,4.45,4.74,4.4,3.85,4.52,4.88,3.36,3.66,4.23,4.17,"PC-RF-429"
0.88,3.5,2.44,3.73,2.79,1.19,3.03,2.84,3.08,2.88,3.17,3.6,3.9,2.71,3.48,2.78,3.71,3.6,2.01,3,3.28,2.46,2.86,3.55,2.95,"PC-RF-430"
0.86,3.92,3.9,4.13,3.7,2.64,4.18,4.13,3.92,4.08,4.36,4.39,4.26,3.08,4.31,3.85,4.08,4.6,3.69,4.27,4.6,3.42,3.66,4.13,4.04,"PC-RF-431"
0.67,3.9,3.29,3.54,3.72,1.93,3.2,3.7,3.74,3.9,3.69,3.5,4.36,2.18,3.52,3.72,4.78,3.6,3.02,3.88,4,2.91,2.86,3.74,3.68,"PC-RF-432"
0.7,3.76,3.36,4.03,2.87,2.15,3.48,2.88,3.66,3.63,3.66,3.76,3.77,2.52,4.12,3.39,4.39,4.22,2.91,4.32,4.05,3.41,3.28,3.72,3.64,"PC-RF-433"
1.07,3.41,2.63,3.36,2.85,2.35,3.56,2.66,2.98,3.57,3.01,3.59,3.28,2.15,3.8,2.86,3.8,3.49,2.41,3.64,3.54,2.79,3.25,3.7,3.27,"PC-RF-434"
1.59,4.24,4.18,4.69,3.74,2.99,4.25,3.08,4.2,4.45,3.9,4.59,4.44,3.08,4.43,4.1,3.91,4.12,3.54,4.24,4.32,3.71,3.69,4.09,4.37,"PC-RF-435"
1.03,3.98,4.36,4.52,4.06,2.22,4.59,3.46,3.77,4.65,4.55,4.45,4.62,3.18,4.2,4.22,4.48,4.74,3.84,4.54,4.45,3.49,3.38,4.27,4.24,"PC-RF-436"
0.72,3.76,3.84,4.29,3.32,2.45,3.77,3.55,3.82,3.71,4.45,4.1,4.56,2.36,4.24,3.62,4.73,3.88,3.64,4.01,4.36,2.9,3.05,3.78,3.35,"PC-RF-437"
1,3.83,4.09,4.28,3.77,2.67,4.03,3.63,3.62,4.3,3.97,4.38,4.31,2.63,4.49,3.66,4.32,4.22,3.27,4.37,4.62,3.22,3.38,3.94,3.75,"PC-RF-438"
1.09,4.41,4.4,4.37,3.63,3.02,4.32,3.63,4.13,4.59,4.47,4.5,4.84,2.53,4.48,4.44,3.98,4.29,3.46,4,4.65,3.35,3.73,4.01,3.86,"PC-RF-439"
1.24,4.29,4.04,4.2,3.47,2.39,3.98,3.43,4.25,4,4.09,4,4.66,2.75,4.2,3.61,4.64,3.53,3.27,4.26,4.58,3.22,3.07,4.17,3.95,"PC-RF-440"
2.04,3.89,2.98,3.62,3.53,2.54,3.46,3.47,3.46,3.86,3.44,3.91,3.99,3.05,3.84,2.72,3.69,3.6,2.85,3.22,3.58,3.13,3.12,4.02,3.99,"PC-RF-441"
1.09,4.32,4.13,4.63,3.26,2.11,3.83,3.62,3.65,4.25,4.28,4.34,4.52,2.99,4.18,3.28,4.28,4.42,3.31,3.95,4.69,3.03,3.42,4.1,3.81,"PC-RF-442"
0.95,4.05,4.26,4.7,3.76,2.53,4.48,3.27,4.5,4,4.26,3.93,4.61,2.43,4.41,3.41,4.35,4.49,3.42,4.32,3.97,3.76,3.47,4.09,4.03,"PC-RF-443"
1.5,4.24,3.55,4.28,3.54,2.36,4.15,2.69,4.02,3.81,4.03,4.07,4.61,2.69,4.12,3.79,4.03,3.78,3.43,4.42,4.31,3.38,3.73,4.36,4.52,"PC-RF-444"
0.7,3.55,2.8,4.36,3.15,1.76,4.1,2.93,3.5,3.4,1.86,4.17,3.9,2.63,2.9,3.14,3.88,3.6,2.67,3.38,5,2.45,2.9,3.29,3,"PC-RF-445"
1.73,4.36,4.08,4.4,4.07,2.91,4.14,3.47,3.68,4.47,4.29,4.38,4.6,3.17,4.35,3.21,4.43,4.42,3.41,4.33,4.5,3.6,3.53,4.27,4.25,"PC-RF-446"
1.89,3.68,4.24,4.09,3.57,2.69,4.19,4.12,4.01,3.83,4.18,4.59,4.9,3.38,3.86,4.07,4.35,4.31,3.3,3.87,4.35,3.55,3.61,4.25,3.95,"PC-RF-447"
1.98,3.37,2.96,3.42,3.25,2.43,3.01,3.19,3.37,3.02,3.5,3.55,3.3,2.8,3.42,2.63,3.98,3.25,2.74,3.62,3.58,2.81,3.28,3.8,3.89,"PC-RF-448"
1.13,3.98,4.32,4.37,4.16,2.71,4.67,3.6,3.47,4.58,4.65,4.45,4.73,2.31,4.35,4.14,4.71,4.57,3.47,4.11,4.47,3.02,3.63,4.24,3.71,"PC-RF-449"
1.06,4.26,3.73,3.61,2.86,2.02,3.41,3.66,3.41,3.95,3.94,3.84,3.84,2.37,3.98,3.42,4.27,3.47,2.24,4.19,3.93,2.93,3.1,3.74,3.37,"PC-RF-450"
0.64,3.35,3.57,3.32,3.37,2.13,3.25,2.85,3.51,3.77,3.43,4.24,3.8,2.7,3.9,3.38,4.23,3.94,2.65,3.74,3.88,3.07,3.23,3.87,3.46,"PC-RF-451"
2.06,4.53,3.93,4.3,4,3.05,4.43,3.07,3.52,4.15,4.38,4.36,4.37,2.66,4.79,3.58,4.02,3.72,3.71,4.07,5.07,2.66,4.03,4.24,4.16,"PC-RF-452"
1.31,3.73,3.32,4,3.39,2.25,3.64,3.42,3.89,3.57,3.97,3.95,3.75,2.67,4.2,3.43,4.33,3.48,2.62,3.33,3.95,2.82,3.7,4.15,3.69,"PC-RF-453"
1.3,3.95,4.42,4.58,3.19,2.72,4.46,4.19,4.35,3.81,3.96,4.57,4.45,2.86,4.33,4.12,4.84,4.07,3.39,4.42,4.82,3.76,3.8,4.07,3.95,"PC-RF-454"
0.9,4.42,4.59,4.63,3.86,2.59,4.38,3.75,4.05,4.52,4.64,4.97,4.96,2.91,4.55,3.9,4.77,4.45,3.1,4.25,4.94,3.4,3.71,4.09,4.14,"PC-RF-455"
1.14,4.45,4.09,4.32,3.81,2.94,4.26,3.76,3.76,4.15,4.47,4.34,4.61,2.9,4.38,4.36,4.67,4.39,3.32,4.71,4.78,3.64,3.68,4.03,3.79,"PC-RF-456"
1.06,3.46,3.14,4.31,2.99,2.08,3.6,2.91,3.16,4.14,3.47,3.29,4.12,2.48,3.97,3.3,4.28,3.4,2.51,3.64,3.91,2.93,3.04,3.68,3.7,"PC-RF-457"
1.42,4.12,3.42,4.96,4.3,3,4.27,3.58,4,4.19,3.96,4.81,4.44,4.15,3.63,3.56,4.12,5,3.88,4.41,4.24,3.31,3.73,4.36,3.73,"PC-RF-458"
1.45,3.51,3.83,4.22,3.54,2.71,3.74,3.58,3.14,4,3.63,4.21,3.92,2.49,3.48,3.07,4,3.86,3.57,4.05,4.19,2.73,3.38,3.3,3.38,"PC-RF-459"
1.59,4.69,3.58,3.83,3.17,2,4.22,4.24,3.79,3.58,4.55,4.79,4.5,1.5,3.7,3.5,3.69,3.33,3.69,3.45,3,3.59,3.36,3.5,4.17,"PC-RF-460"
2.1,3.62,3.45,3.66,3.59,2.3,3.53,2.6,3.21,3.49,3.69,3.47,3.61,2.74,3.18,3.09,3.32,3.67,2.66,3.52,3.07,2.93,3.36,3.82,3.44,"PC-RF-461"
1.2,3.95,3.46,3.65,2.95,1.96,4,3.17,2.95,3.19,3.87,2.79,3.47,2.62,4,3.5,3.04,3.75,2.64,4,3.14,3.52,3.04,3.9,3.2,"PC-RF-462"
1.12,3.83,3.59,3.5,3.29,1.96,3.15,2.35,3.41,3.45,3.79,3.76,3.78,2.13,3.94,3.05,3.71,3.01,2.81,3.82,3.9,2.91,3.39,3.57,3.43,"PC-RF-463"
0.95,3.78,4.35,4.65,4.52,2.61,4.36,3.56,4.01,4.54,4.32,4.81,5.2,3.1,5.11,4,4.55,4.29,3.61,4.49,4.75,3.26,3.54,4.43,3.85,"PC-RF-464"
1.36,3.96,3.8,3.76,3.6,2.48,3.79,2.91,3.87,3.7,4.01,3.98,4.22,2.79,3.97,3.33,3.89,3.45,2.84,4.29,4.35,3.2,3.26,3.76,3.61,"PC-RF-465"
0.86,4.38,4.07,4.43,4.09,2.71,4.35,3.64,4.39,4.39,4.4,4.82,4.9,2.92,4.09,4.43,4.51,4.49,3.74,4.59,5.2,3.3,3.46,4.6,4.14,"PC-RF-466"
1.92,4.31,3.58,4.13,3.43,2.61,3.8,3.83,3.7,3.55,4.01,3.87,4.36,2.94,4.02,2.98,3.8,3.84,3.31,4.06,4.28,3.29,3.64,4.17,4.29,"PC-RF-467"
0.77,3.61,2.81,3.26,3.01,2.35,3.26,3.49,3.25,3.27,3.21,4.04,3.93,2.46,3.58,3.11,3.88,3.59,3.03,3.62,4.1,2.83,3.41,3.65,3.14,"PC-RF-468"
1.94,3.19,3.46,3.03,3,2,3.07,2.24,3,2.71,2.24,3.71,3.35,2.11,2.81,2.49,3.35,3.14,2.39,2.57,3.45,2.67,3.43,3.35,3.42,"PC-RF-469"
0.78,4.31,4.1,4.31,4.28,2.69,4.24,3.63,4.11,4.66,4.22,4.33,4.71,3.31,4.3,3.96,4.03,4.51,3.86,4.92,4.62,3.29,3.3,4.14,4.02,"PC-RF-470"
0.95,3.67,3.47,3.79,3.37,1.84,3.57,3.18,3.32,3.19,3.8,3.42,3.49,2.48,3.95,3.18,3.85,3.26,2.71,3.77,3.53,2.82,2.88,3.45,3.28,"PC-RF-471"
0.96,4.43,3.92,4.55,3.9,2.35,3.89,3.11,3.84,4.2,4.41,4.62,4.63,3.3,4.58,4.12,4.14,4.32,3.61,4.38,4.95,3.3,3.15,4.14,3.72,"PC-RF-472"
1.23,4.11,4.09,4.49,3.69,2.73,4.03,3.99,3.76,4.55,4.48,4.65,4.55,3.54,4.46,3.71,4.51,4.45,3.86,4.15,4.57,3.25,3.69,4.14,3.82,"PC-RF-473"
1.14,4.41,4.08,4.08,3.91,2.11,3.84,3.76,3.99,3.81,3.7,4.28,4.47,2.9,4.07,3.43,3.78,3.88,3.68,3.79,4.22,3.25,3.9,3.88,3.99,"PC-RF-474"
1.75,2.7,2.31,3.03,2.57,2.1,2.79,2.42,2.54,2.75,2.59,2.75,3.09,2.59,2.95,2.8,2.96,2.98,1.9,3.25,3.07,2.58,2.91,3.42,2.92,"PC-RF-475"
1.33,4.09,4.15,4.7,3.66,2.32,3.83,3.87,3.95,3.84,3.85,4.35,4.84,2.6,3.96,4.05,3.83,3.58,2.49,4.31,3.9,3.13,3.82,4.19,4.48,"PC-RF-476"
1.33,4.04,3.48,4.2,3.53,2.8,3.72,3.41,3.99,4.22,3.93,4.38,4.06,2.85,3.88,3.45,4.01,3.73,3.44,4.17,4.48,3.13,3.58,4.22,3.7,"PC-RF-477"
1.77,4.62,3.44,4.26,3.65,3.11,3.2,2.21,3.19,3.64,4.33,3.79,4.4,2.56,3.58,3.63,4.59,3.41,2.67,3.91,3.9,2.89,3.56,5.06,3.54,"PC-RF-478"
0.87,3.48,3,3.26,2.86,2.08,3.04,2.27,3.02,3.19,2.9,3.07,3.15,1.49,2.77,3.19,3.48,3.28,2.29,3.11,3.22,3.17,3.02,3.24,2.97,"PC-RF-479"
0.92,4.39,3.85,4.2,4.11,2.82,4.21,4.03,3.93,4.38,4.57,4.31,4.88,2.51,4.55,4.04,5.03,4.07,3.78,4.32,4.55,3.17,3.52,4.25,3.93,"PC-RF-480"
1.01,3.53,2.75,3.47,2.5,1.54,3.81,2.56,3.13,3.54,3.48,3.3,3.67,2.14,3.66,3.1,3.12,3.81,2.84,3.29,3.15,2.68,2.89,2.84,3.2,"PC-RF-481"
1.71,4.02,4.07,4.73,3.78,2.53,4.08,3.73,3.65,3.89,4.25,4.4,4.6,2.93,4.2,3.26,4.46,4.19,3.23,4.01,4.51,3.09,3.51,4.46,3.95,"PC-RF-482"
1.7,3.79,3.05,3.83,3.54,2.42,3.34,2.87,3.17,4.16,3.38,3.66,3.95,2.46,3.89,3.14,3.08,3.69,3.34,3.58,3.8,3.12,3.55,3.78,4.47,"PC-RF-483"
0.95,3.64,3.48,3.78,3.05,2.07,3.67,3.26,3.74,3.79,3.73,3.72,4.23,2.7,4.7,3.83,3.76,3.96,1.9,3.6,4.09,3.61,3.14,3.91,3.88,"PC-RF-484"
1.51,4.58,3.82,4.45,3.37,3.28,4.11,3.94,3.98,4.45,4.11,4.62,4.85,3.04,4.26,4.09,4.03,4.5,3.09,4.21,4.7,3.23,3.45,4.24,3.71,"PC-RF-485"
1.41,3.89,3.95,3.22,3.61,2.2,4.27,3.15,3.74,4.31,3.71,3.4,3.91,1.98,3.73,3.76,4.56,3.47,3,4.12,4.28,3.26,3.62,4.38,3.53,"PC-RF-486"
0.83,4.49,4.2,4.63,4.16,2.4,4.21,4.19,3.83,4.89,4.34,4.48,4.93,3.21,4.62,3.68,4.74,4.94,3.75,4.4,5.19,3.07,3.44,4.21,4.42,"PC-RF-487"
1.74,3.99,3.79,4.51,3.95,2.99,3.67,3.66,3.88,3.85,3.9,4.38,4.51,2.75,3.7,3.34,4.1,4.4,3.32,4.02,4.38,3.53,3.25,3.92,4.07,"PC-RF-488"
1.32,4.73,4.37,4.57,4.01,2.61,4.47,3.45,3.87,4.22,4.51,4.67,4.64,3.12,4.57,3.92,4.38,4.45,3.5,4.37,4.98,3.25,3.49,4.39,4.07,"PC-RF-489"
0.82,4.54,4.2,4.67,4.04,2.41,4.59,4.4,3.91,4.62,4.64,5.05,5.02,2.92,4.62,4.11,4.74,4.55,3.64,4.93,4.67,3.23,3.25,3.92,4.2,"PC-RF-490"
1.45,3.92,4.43,3.67,4,2.47,3.71,3,4.53,4.6,4.12,4.29,3.57,3.05,5.2,3.63,3.5,4.23,3.31,3.18,3.54,3.38,4.29,5,4.61,"PC-RF-491"
1.21,3.72,3.61,3.94,3.82,2.39,4.38,3.58,4.03,4.15,3.53,3.74,3.98,2.78,3.94,3.48,3.83,4.2,2.64,3.9,4.05,3.51,3.38,3.72,3.59,"PC-RF-492"
1.59,3.71,3.64,3.37,2.81,3.39,2.73,3.89,3.76,3.75,3.82,4.27,4.11,3.88,3.53,3.77,2.58,3.22,3.12,4.6,4.24,3.15,3.35,4.5,4.47,"PC-RF-493"
1.01,4,3.25,3.76,2.99,2.54,3.52,3.45,3.93,3.94,3.85,4.11,3.46,2.7,3.98,3.26,3.8,4.12,3.31,3.87,3.7,3.28,3.47,3.84,3.27,"PC-RF-494"
1.97,4.17,3.63,3.61,3.19,2.41,3.76,3.14,3.55,3.46,3,3.77,4.47,3.28,2.75,3.43,3.35,4.43,3.39,3.68,3.95,3.1,3.03,4.03,3.4,"PC-RF-495"
1.5,3.43,3.88,3.89,3,2.09,3.24,2.84,3.31,3.2,3.61,4.12,4.16,2.43,3.52,3.5,3.18,3.75,2.8,3.79,3.79,2.99,3.64,3.86,3.56,"PC-RF-496"
0.79,4.08,3.48,4.03,3.7,2.33,3.93,3.21,3.32,4.48,3.73,3.9,4.33,3.36,4.35,3.19,4.81,3.95,2.5,3.88,3.82,2.63,3.68,3.67,3.96,"PC-RF-497"
0.54,4.23,5,4.74,4.42,2.96,4.31,4.42,4.45,5.3,4.43,4.75,4.83,2.73,4.48,3.15,4.95,4.96,3.84,4.46,4.83,3.46,3.27,4.69,4.12,"PC-RF-498"
1.11,4.1,3.92,4.45,3.87,2.34,4.09,3.62,3.8,4.2,3.78,3.66,4.28,3.64,4.08,3.52,4.44,4.26,2.98,4.37,4.38,3.56,3.75,4.04,3.83,"PC-RF-499"
1.5,3.17,2.2,3.5,2,1.33,1.5,1,4,3,2.5,2,3.6,1.4,3.75,3.33,1.5,3.33,1.8,2.33,2.33,2,2.75,3,2.89,"PC-RF-500"
