Skeleton ID,Branch length,V1 x,V1 y,V1 z,V2 x,V2 y,V2 z,Euclidean distance,running average length,average intensity (inner 3rd),average intensity
1,0.406,0.866,18.308,0,0.498,18.361,0,0.371,0.382,255,255
1,0.391,0.787,18.570,0,0.498,18.361,0,0.357,0.348,255,255
1,0.369,0.184,18.334,0,0.498,18.361,0,0.316,0.348,255,255
1,0.299,0.472,18.649,0,0.498,18.361,0,0.290,0.289,255,255
2,0.168,0.236,7.187,0,0.262,7.344,0,0.160,0.158,255,255
3,0.422,0.315,4.721,0,0.682,4.590,0,0.390,0.398,255,255
4,0.216,0.315,10.623,0,0.393,10.439,0,0.200,0.211,255,255
5,0.201,0.341,13.692,0,0.498,13.639,0,0.166,0.164,255,255
6,0.127,0.367,7.108,0,0.472,7.161,0,0.117,0.109,255,255
7,0.063,0.420,1.259,0,0.446,1.311,0,0.059,0.056,255,255
8,0.306,0.420,6.793,0,0.472,6.531,0,0.267,0.276,255,255
8,0.295,0.944,6.715,0,0.682,6.636,0,0.274,0.272,255,255
8,0.253,0.472,6.531,0,0.682,6.636,0,0.235,0.180,255,255
8,0.247,0.656,6.872,0,0.682,6.636,0,0.238,0.237,255,255
8,0.127,0.525,6.426,0,0.472,6.531,0,0.117,0.127,255,255
9,0.570,0.420,24.577,0,0.761,24.944,0,0.501,0.518,255,255
9,0.179,0.918,24.892,0,0.761,24.944,0,0.166,0.165,255,255
9,0.175,0.708,25.075,0,0.761,24.944,0,0.141,0.168,255,255
10,0.063,0.446,12.905,0,0.498,12.931,0,0.059,0.056,255,255
11,0.079,0.525,4.354,0,0.603,4.354,0,0.079,0.079,255,255
12,0.942,0.525,22.059,0,1.390,22.033,0,0.866,0.894,255,255
12,0.332,1.626,22.269,0,1.705,22.007,0,0.274,0.312,255,255
12,0.326,1.390,22.033,0,1.705,22.007,0,0.316,0.262,255,255
12,0.242,1.889,21.902,0,1.705,22.007,0,0.211,0.216,255,255
12,0.232,1.443,22.243,0,1.390,22.033,0,0.216,0.227,255,255
13,0.242,0.630,5.744,0,0.787,5.823,0,0.176,0.213,255,255
14,0.516,0.682,9.652,0,1.154,9.757,0,0.484,0.482,255,255
14,0.496,1.574,9.889,0,1.154,9.757,0,0.440,0.458,255,255
14,0.142,1.128,9.889,0,1.154,9.757,0,0.134,0.147,255,255
15,0.164,0.708,4.170,0,0.734,4.302,0,0.134,0.162,255,255
16,0.478,1.311,4.511,0,1.285,4.957,0,0.447,0.454,255,255
16,0.452,0.787,5.141,0,1.207,5.167,0,0.420,0.431,255,255
16,0.374,1.390,5.849,0,1.469,5.508,0,0.350,0.362,255,255
16,0.349,1.102,5.639,0,1.311,5.377,0,0.336,0.335,255,255
16,0.280,1.521,4.852,0,1.285,4.957,0,0.258,0.250,255,255
16,0.253,1.207,5.167,0,1.311,5.377,0,0.235,0.180,255,255
16,0.242,1.207,5.167,0,1.285,4.957,0,0.224,0.159,255,255
16,0.212,1.311,5.377,0,1.469,5.508,0,0.205,0.120,255,255
16,0.179,1.626,5.561,0,1.469,5.508,0,0.166,0.174,255,255
17,0.800,0.918,12.354,0,0.970,11.620,0,0.736,0.756,255,255
17,0.489,1.416,11.672,0,0.970,11.620,0,0.449,0.461,255,255
17,0.365,0.787,11.331,0,0.970,11.620,0,0.342,0.339,255,255
18,0.347,0.970,12.826,0,1.285,12.748,0,0.324,0.249,255,255
18,0.253,1.075,13.036,0,0.970,12.826,0,0.235,0.251,255,255
18,0.238,0.787,12.695,0,0.970,12.826,0,0.226,0.233,255,255
18,0.232,1.364,12.564,0,1.285,12.748,0,0.200,0.214,255,255
18,0.116,1.311,12.852,0,1.285,12.748,0,0.108,0.116,255,255
19,0.485,1.128,6.741,0,0.944,7.134,0,0.434,0.467,255,255
19,0.168,0.944,7.134,0,1.102,7.161,0,0.160,0.079,255,255
19,0.138,0.839,7.056,0,0.944,7.134,0,0.131,0.120,255,255
19,0.090,1.180,7.134,0,1.102,7.161,0,0.083,0.082,255,255
19,0.063,1.128,7.213,0,1.102,7.161,0,0.059,0.063,255,255
20,0.164,1.023,14.059,0,0.997,13.928,0,0.134,0.140,255,255
20,0.127,1.102,13.928,0,0.997,13.928,0,0.105,0.131,255,255
20,0.090,1.023,13.849,0,0.997,13.928,0,0.083,0.094,255,255
21,0.485,1.128,1.600,0,1.207,1.784,0,0.200,0.446,255,255
22,0.090,1.207,20.879,0,1.259,20.931,0,0.074,0.080,255,255
23,0.677,1.495,2.807,0,1.862,3.331,0,0.640,0.542,255,255
23,0.327,2.020,3.069,0,1.862,3.331,0,0.306,0.294,255,255
23,0.284,1.233,2.859,0,1.495,2.807,0,0.267,0.272,255,255
23,0.269,1.810,3.541,0,1.862,3.331,0,0.216,0.163,255,255
23,0.153,1.862,3.672,0,1.810,3.541,0,0.141,0.147,255,255
23,0.105,1.705,3.541,0,1.810,3.541,0,0.105,0.105,255,255
23,0.074,1.548,2.754,0,1.495,2.807,0,0.074,0.074,255,255
24,0.142,1.443,13.246,0,1.311,13.220,0,0.134,0.147,255,255
24,0.100,1.233,13.167,0,1.311,13.220,0,0.095,0.087,255,255
24,0.090,1.285,13.298,0,1.311,13.220,0,0.083,0.082,255,255
25,0.153,1.285,0.787,0,1.338,0.656,0,0.141,0.141,255,255
26,1.476,3.620,18.544,0,3.121,19.646,0,1.209,1.421,255,255
26,1.190,2.780,19.934,0,3.698,20.590,0,1.128,1.121,255,255
26,1.040,2.964,18.623,0,3.016,19.620,0,0.998,1.025,255,255
26,1.009,1.757,20.118,0,2.702,19.961,0,0.957,0.949,255,255
26,0.928,2.413,20.748,0,2.702,19.961,0,0.838,0.880,255,255
26,0.919,3.856,20.039,0,3.121,19.646,0,0.833,0.873,255,255
26,0.629,1.416,19.646,0,1.757,20.118,0,0.582,0.583,255,255
26,0.459,2.780,19.934,0,3.016,19.620,0,0.393,0.368,255,255
26,0.439,1.416,20.302,0,1.757,20.118,0,0.387,0.311,255,255
26,0.336,1.364,20.616,0,1.416,20.302,0,0.319,0.322,255,255
26,0.179,3.856,20.538,0,3.698,20.590,0,0.166,0.165,255,255
26,0.116,3.016,19.620,0,3.121,19.646,0,0.108,0.052,255,255
26,0.090,2.702,19.961,0,2.780,19.934,0,0.083,0.026,255,255
26,0.063,1.364,20.275,0,1.416,20.302,0,0.059,0.056,255,255
26,0.063,3.725,20.643,0,3.698,20.590,0,0.059,0.063,255,255
27,0.127,1.443,10.387,0,1.521,10.466,0,0.111,0.108,255,255
27,0.105,1.626,10.466,0,1.521,10.466,0,0.105,0.079,255,255
27,0.063,1.495,10.518,0,1.521,10.466,0,0.059,0.026,255,255
28,0.332,1.574,26.098,0,1.705,25.836,0,0.293,0.309,255,255
29,0.284,1.784,10.938,0,1.862,11.174,0,0.249,0.277,255,255
30,0.354,1.836,6.689,0,1.993,6.400,0,0.329,0.354,255,255
31,0.301,2.125,14.793,0,1.915,14.977,0,0.279,0.277,255,255
31,0.090,1.941,15.056,0,1.915,14.977,0,0.083,0.082,255,255
31,0.063,1.862,14.951,0,1.915,14.977,0,0.059,0.056,255,255
32,0.664,1.889,12.302,0,2.098,12.774,0,0.517,0.599,255,255
33,0.227,1.915,1.862,0,1.967,1.679,0,0.191,0.192,255,255
34,0.358,2.072,24.367,0,2.125,24.052,0,0.319,0.336,255,255
35,0.138,2.125,14.138,0,2.203,14.033,0,0.131,0.144,255,255
36,0.026,2.151,25.836,0,2.177,25.836,0,0.026,0.026,255,255
37,0.201,2.203,15.397,0,2.334,15.528,0,0.185,0.187,255,255
38,0.280,2.466,24.079,0,2.230,23.974,0,0.258,0.293,255,255
38,0.063,2.256,23.921,0,2.230,23.974,0,0.059,0.063,255,255
38,0.026,2.203,23.974,0,2.230,23.974,0,0.026,0.026,255,255
39,0.242,2.230,5.587,0,2.439,5.666,0,0.224,0.220,255,255
40,0.564,2.938,26.203,0,2.439,26.308,0,0.509,0.568,255,255
40,0.295,2.230,26.439,0,2.439,26.308,0,0.247,0.266,255,255
40,0.090,2.413,26.230,0,2.439,26.308,0,0.083,0.080,255,255
41,0.142,2.256,4.643,0,2.282,4.511,0,0.134,0.132,255,255
42,0.079,2.308,25.233,0,2.308,25.311,0,0.079,0.079,255,255
43,0.295,2.361,14.295,0,2.387,14.557,0,0.264,0.267,255,255
44,0.290,2.780,2.833,0,2.597,3.016,0,0.260,0.234,255,255
44,0.205,2.597,3.200,0,2.597,3.016,0,0.184,0.163,255,255
44,0.127,2.492,2.964,0,2.597,3.016,0,0.117,0.113,255,255
45,0.264,2.570,22.085,0,2.780,22.216,0,0.247,0.248,255,255
46,0.275,2.597,1.941,0,2.754,1.731,0,0.262,0.275,255,255
47,0.063,2.623,6.951,0,2.675,6.925,0,0.059,0.056,255,255
48,0.052,2.623,9.626,0,2.675,9.626,0,0.052,0.052,255,255
49,0.463,2.702,0.603,0,3.121,0.708,0,0.433,0.442,255,255
50,0.026,2.728,23.370,0,2.754,23.370,0,0.026,0.026,255,255
51,0.380,3.121,2.439,0,3.279,2.125,0,0.352,0.277,255,255
51,0.354,3.541,1.993,0,3.279,2.125,0,0.293,0.336,255,255
51,0.247,2.885,2.466,0,3.121,2.439,0,0.238,0.239,255,255
51,0.179,3.331,1.967,0,3.279,2.125,0,0.166,0.165,255,255
51,0.153,3.252,2.492,0,3.121,2.439,0,0.141,0.143,255,255
52,0.138,2.911,0.262,0,3.016,0.289,0,0.108,0.133,255,255
53,0.063,2.911,18.387,0,2.964,18.361,0,0.059,0.066,255,255
54,0.843,2.938,11.489,0,3.174,10.780,0,0.747,0.809,255,255
54,0.539,3.593,10.492,0,3.174,10.780,0,0.509,0.527,255,255
54,0.380,3.016,10.466,0,3.174,10.780,0,0.352,0.346,255,255
55,0.469,2.990,26.439,0,3.357,26.544,0,0.382,0.427,255,255
56,0.164,3.069,5.220,0,3.200,5.141,0,0.153,0.158,255,255
57,0.295,3.069,9.967,0,3.095,9.705,0,0.264,0.273,255,255
58,1.238,5.193,16.551,0,5.010,15.475,0,1.091,1.184,255,255
58,1.154,4.249,14.636,0,5.010,15.475,0,1.133,1.126,255,255
58,1.142,3.384,16.079,0,4.407,15.790,0,1.063,1.053,255,255
58,0.825,3.987,16.420,0,4.407,15.790,0,0.757,0.801,255,255
58,0.821,6.216,16.131,0,5.613,15.659,0,0.766,0.796,255,255
58,0.745,6.216,15.318,0,5.613,15.659,0,0.693,0.702,255,255
58,0.712,4.407,15.790,0,5.010,15.475,0,0.680,0.575,255,255
58,0.601,5.089,15.475,0,5.613,15.659,0,0.556,0.506,255,255
58,0.358,3.069,16.131,0,3.384,16.079,0,0.319,0.341,255,255
58,0.242,3.305,16.289,0,3.384,16.079,0,0.224,0.203,255,255
58,0.175,5.193,15.344,0,5.089,15.475,0,0.168,0.168,255,255
58,0.079,5.010,15.475,0,5.089,15.475,0,0.079,0.026,255,255
59,0.295,3.121,6.164,0,3.384,6.243,0,0.274,0.276,255,255
59,0.216,3.436,6.085,0,3.384,6.243,0,0.166,0.189,255,255
59,0.164,3.462,6.374,0,3.384,6.243,0,0.153,0.153,255,255
60,0.653,3.121,8.656,0,3.384,9.102,0,0.517,0.592,255,255
61,0.037,3.200,17.679,0,3.226,17.652,0,0.037,0.037,255,255
62,0.100,3.200,26.020,0,3.279,26.072,0,0.095,0.098,255,255
63,0.533,3.357,12.879,0,3.515,13.325,0,0.473,0.513,255,255
63,0.247,3.279,13.351,0,3.515,13.325,0,0.238,0.253,255,255
63,0.153,3.593,13.430,0,3.515,13.325,0,0.131,0.139,255,255
64,0.063,3.331,17.810,0,3.357,17.862,0,0.059,0.056,255,255
65,0.026,3.384,7.397,0,3.384,7.423,0,0.026,0.026,255,255
66,0.284,3.515,24.656,0,3.567,24.393,0,0.267,0.265,255,255
67,0.295,3.646,0.525,0,3.908,0.551,0,0.264,0.210,255,255
67,0.205,3.593,0.708,0,3.646,0.525,0,0.191,0.201,255,255
67,0.184,3.908,0.734,0,3.908,0.551,0,0.184,0.184,255,255
67,0.157,4.066,0.551,0,3.908,0.551,0,0.157,0.157,255,255
67,0.116,3.620,0.420,0,3.646,0.525,0,0.108,0.106,255,255
68,0.507,3.803,3.252,0,3.987,2.859,0,0.434,0.418,255,255
68,0.417,3.803,2.518,0,3.987,2.859,0,0.387,0.379,255,255
68,0.378,4.354,2.833,0,3.987,2.859,0,0.368,0.374,255,255
68,0.338,3.803,3.252,0,4.013,3.489,0,0.316,0.265,255,255
68,0.290,3.593,3.410,0,3.803,3.252,0,0.262,0.258,255,255
68,0.153,4.066,3.620,0,4.013,3.489,0,0.141,0.147,255,255
68,0.079,4.092,3.489,0,4.013,3.489,0,0.079,0.079,255,255
69,0.100,3.593,23.528,0,3.646,23.449,0,0.095,0.098,255,255
70,0.168,3.646,11.331,0,3.672,11.489,0,0.160,0.158,255,255
71,0.100,3.751,2.230,0,3.830,2.177,0,0.095,0.087,255,255
72,0.732,4.380,26.282,0,4.039,25.784,0,0.604,0.678,255,255
72,0.594,4.748,25.574,0,4.197,25.679,0,0.561,0.579,255,255
72,0.539,4.485,26.098,0,4.197,25.679,0,0.509,0.505,255,255
72,0.526,3.803,25.338,0,4.092,25.652,0,0.427,0.493,255,255
72,0.260,3.856,25.967,0,4.039,25.784,0,0.260,0.260,255,255
72,0.153,4.039,25.784,0,4.092,25.652,0,0.141,0.090,255,255
72,0.116,4.092,25.652,0,4.197,25.679,0,0.108,0.052,255,255
73,0.116,3.830,5.534,0,3.934,5.508,0,0.108,0.110,255,255
74,0.238,3.856,8.131,0,4.039,8.000,0,0.226,0.239,255,255
75,0.216,4.066,17.338,0,4.144,17.521,0,0.200,0.197,255,255
76,1.271,6.846,17.600,0,5.823,17.862,0,1.056,1.214,255,255
76,0.974,4.092,18.072,0,4.957,17.862,0,0.891,0.917,255,255
76,0.952,5.823,17.862,0,6.557,18.387,0,0.903,0.865,255,255
76,0.782,5.770,17.443,0,6.164,16.839,0,0.720,0.733,255,255
76,0.716,5.561,16.813,0,5.770,17.443,0,0.664,0.682,255,255
76,0.693,5.587,18.623,0,5.561,17.941,0,0.682,0.693,255,255
76,0.650,4.905,18.544,0,5.272,18.046,0,0.619,0.620,255,255
76,0.478,5.770,17.443,0,5.823,17.862,0,0.423,0.391,255,255
76,0.391,4.957,17.862,0,5.272,18.046,0,0.364,0.348,255,255
76,0.354,5.272,18.046,0,5.561,17.941,0,0.307,0.265,255,255
76,0.295,5.561,17.941,0,5.823,17.862,0,0.274,0.216,255,255
76,0.290,6.426,18.623,0,6.557,18.387,0,0.270,0.261,255,255
76,0.269,6.243,16.656,0,6.164,16.839,0,0.200,0.244,255,255
76,0.253,5.954,16.787,0,6.164,16.839,0,0.216,0.214,255,255
76,0.238,4.774,17.731,0,4.957,17.862,0,0.226,0.177,255,255
76,0.127,6.662,18.439,0,6.557,18.387,0,0.117,0.120,255,255
77,0.148,4.223,22.898,0,4.118,22.793,0,0.148,0.148,255,255
77,0.063,4.092,22.846,0,4.118,22.793,0,0.059,0.063,255,255
77,0.052,4.118,22.741,0,4.118,22.793,0,0.052,0.052,255,255
78,0.026,4.144,4.748,0,4.144,4.774,0,0.026,0.026,255,255
79,0.175,4.197,24.734,0,4.249,24.866,0,0.141,0.176,255,255
79,0.090,4.223,24.944,0,4.249,24.866,0,0.083,0.082,255,255
80,1.899,5.246,5.010,0,7.003,5.298,0,1.781,1.771,255,255
80,1.684,5.141,4.643,0,5.377,3.252,0,1.410,1.450,255,255
80,1.517,6.400,3.934,0,7.213,5.115,0,1.433,1.446,255,255
80,1.292,6.164,6.505,0,6.951,5.561,0,1.229,1.269,255,255
80,1.176,6.164,4.485,0,7.003,5.298,0,1.169,1.162,255,255
80,1.163,8.498,3.882,0,7.921,4.748,0,1.040,1.136,255,255
80,1.105,4.302,4.826,0,5.141,4.643,0,0.859,1.033,255,255
80,1.034,5.089,6.584,0,5.167,5.666,0,0.921,0.909,255,255
80,1.033,6.951,5.561,0,7.266,6.426,0,0.921,0.917,255,255
80,0.965,5.089,6.584,0,5.902,6.951,0,0.892,0.808,255,255
80,0.932,5.875,4.144,0,5.141,4.643,0,0.888,0.905,255,255
80,0.925,4.223,7.161,0,4.879,6.584,0,0.873,0.883,255,255
80,0.913,5.377,3.252,0,6.164,2.938,0,0.848,0.763,255,255
80,0.816,7.711,5.115,0,8.289,5.692,0,0.816,0.742,255,255
80,0.808,4.223,6.216,0,4.879,6.584,0,0.752,0.771,255,255
80,0.764,4.748,7.685,0,4.984,7.056,0,0.672,0.731,255,255
80,0.745,4.538,4.302,0,5.141,4.643,0,0.693,0.715,255,255
80,0.688,5.167,5.666,0,5.246,5.010,0,0.660,0.606,255,255
80,0.675,4.852,3.174,0,5.377,3.252,0,0.530,0.639,255,255
80,0.636,4.564,5.744,0,5.167,5.666,0,0.608,0.631,255,255
80,0.588,8.446,4.774,0,7.921,4.748,0,0.525,0.592,255,255
80,0.559,6.636,2.780,0,6.164,2.938,0,0.498,0.489,255,255
80,0.542,7.816,4.249,0,7.921,4.748,0,0.509,0.483,255,255
80,0.539,8.603,6.085,0,8.289,5.692,0,0.504,0.500,255,255
80,0.537,4.984,7.056,0,5.089,6.584,0,0.484,0.453,255,255
80,0.520,4.984,7.554,0,4.984,7.056,0,0.498,0.512,255,255
80,0.520,7.213,5.115,0,7.711,5.115,0,0.498,0.446,255,255
80,0.505,8.761,5.718,0,8.289,5.692,0,0.473,0.480,255,255
80,0.465,7.528,6.767,0,7.266,6.426,0,0.430,0.433,255,255
80,0.460,6.977,6.767,0,7.266,6.426,0,0.447,0.441,255,255
80,0.454,7.711,5.115,0,7.921,4.748,0,0.423,0.377,255,255
80,0.435,5.141,4.643,0,5.246,5.010,0,0.382,0.315,255,255
80,0.411,7.816,4.249,0,7.921,3.882,0,0.382,0.387,255,255
80,0.397,7.554,3.961,0,7.816,4.249,0,0.390,0.376,255,255
80,0.384,6.243,6.846,0,5.902,6.951,0,0.357,0.366,255,255
80,0.384,5.456,3.593,0,5.377,3.252,0,0.350,0.377,255,255
80,0.364,7.003,5.298,0,7.213,5.115,0,0.279,0.268,255,255
80,0.323,6.374,3.174,0,6.164,2.938,0,0.316,0.302,255,255
80,0.301,6.951,5.561,0,7.003,5.298,0,0.267,0.237,255,255
80,0.264,5.902,6.951,0,5.980,7.161,0,0.224,0.231,255,255
80,0.232,4.879,6.584,0,5.089,6.584,0,0.210,0.174,255,255
80,0.205,7.869,3.698,0,7.921,3.882,0,0.191,0.190,255,255
80,0.201,6.138,7.266,0,5.980,7.161,0,0.189,0.180,255,255
80,0.153,5.928,7.292,0,5.980,7.161,0,0.141,0.138,255,255
80,0.063,7.974,3.908,0,7.921,3.882,0,0.059,0.063,255,255
81,0.511,4.249,21.875,0,4.407,22.321,0,0.473,0.486,255,255
81,0.179,4.302,22.426,0,4.407,22.321,0,0.148,0.165,255,255
81,0.100,4.485,22.321,0,4.407,22.321,0,0.079,0.093,255,255
82,0.127,4.302,18.387,0,4.302,18.492,0,0.105,0.109,255,255
83,0.037,4.302,26.597,0,4.328,26.623,0,0.037,0.037,255,255
84,0.380,4.564,19.934,0,4.380,19.646,0,0.342,0.346,255,255
84,0.127,4.380,19.541,0,4.380,19.646,0,0.105,0.120,255,255
84,0.026,4.354,19.646,0,4.380,19.646,0,0.026,0.026,255,255
85,0.179,4.380,11.252,0,4.433,11.095,0,0.166,0.167,255,255
86,1.422,4.407,23.764,0,5.272,23.292,0,0.986,1.337,255,255
86,0.555,5.403,22.426,0,5.272,22.846,0,0.440,0.504,255,255
86,0.468,5.272,22.846,0,5.272,23.292,0,0.446,0.372,255,255
86,0.270,5.456,23.475,0,5.272,23.292,0,0.260,0.153,255,255
86,0.207,5.430,23.213,0,5.272,23.292,0,0.176,0.207,255,255
86,0.100,5.351,22.846,0,5.272,22.846,0,0.079,0.104,255,255
87,0.395,4.433,10.649,0,4.616,10.833,0,0.260,0.361,255,255
88,0.138,4.669,17.207,0,4.774,17.128,0,0.131,0.138,255,255
89,0.548,4.695,21.062,0,4.879,21.534,0,0.507,0.515,255,255
90,1.155,5.980,20.905,0,5.692,20.039,0,0.912,1.068,255,255
90,0.993,6.374,19.252,0,6.138,20.039,0,0.822,0.940,255,255
90,0.937,7.318,21.377,0,7.082,20.538,0,0.872,0.894,255,255
90,0.896,6.138,20.039,0,6.925,20.302,0,0.829,0.742,255,255
90,0.814,7.266,19.672,0,6.925,20.302,0,0.716,0.774,255,255
90,0.754,5.587,19.226,0,5.403,19.882,0,0.681,0.725,255,255
90,0.751,4.826,19.462,0,5.403,19.882,0,0.714,0.721,255,255
90,0.741,7.082,20.538,0,7.790,20.459,0,0.713,0.656,255,255
90,0.446,5.692,20.039,0,6.138,20.039,0,0.446,0.420,255,255
90,0.354,5.403,19.882,0,5.692,20.039,0,0.329,0.268,255,255
90,0.317,6.925,20.302,0,7.082,20.538,0,0.284,0.275,255,255
90,0.312,8.000,20.249,0,7.790,20.459,0,0.297,0.279,255,255
90,0.249,7.974,20.616,0,7.790,20.459,0,0.242,0.228,255,255
91,0.116,4.905,1.285,0,4.931,1.180,0,0.108,0.107,255,255
92,0.238,4.957,11.069,0,5.089,11.252,0,0.226,0.224,255,255
93,0.127,4.957,16.997,0,5.036,16.918,0,0.111,0.126,255,255
94,0.074,5.036,13.246,0,5.010,13.220,0,0.037,0.000,0,0
94,0.063,5.036,13.167,0,5.010,13.220,0,0.059,0.026,255,255
94,0.037,4.984,13.246,0,5.010,13.220,0,0.037,0.037,255,255
95,0.338,5.010,12.170,0,5.193,11.908,0,0.320,0.334,255,255
96,0.439,5.010,21.797,0,5.246,21.456,0,0.415,0.426,255,255
97,0.522,5.141,25.574,0,5.482,25.810,0,0.415,0.494,255,255
97,0.358,5.954,25.941,0,5.639,25.993,0,0.319,0.304,255,255
97,0.249,5.482,25.810,0,5.639,25.993,0,0.242,0.138,255,255
97,0.232,5.482,25.600,0,5.482,25.810,0,0.210,0.227,255,255
97,0.063,5.613,26.046,0,5.639,25.993,0,0.059,0.056,255,255
98,0.618,5.298,23.869,0,5.666,24.236,0,0.519,0.581,255,255
98,0.395,6.007,24.367,0,5.666,24.236,0,0.365,0.394,255,255
98,0.306,5.561,24.498,0,5.666,24.236,0,0.283,0.286,255,255
99,0.933,7.187,9.652,0,6.374,9.469,0,0.834,0.881,255,255
99,0.924,7.108,9.364,0,6.374,9.364,0,0.734,0.877,255,255
99,0.863,6.295,8.577,0,6.374,9.364,0,0.791,0.820,255,255
99,0.730,5.534,9.443,0,6.243,9.495,0,0.710,0.715,255,255
99,0.142,6.243,9.495,0,6.374,9.469,0,0.134,0.066,255,255
99,0.127,6.243,9.600,0,6.243,9.495,0,0.105,0.131,255,255
99,0.127,6.374,9.364,0,6.374,9.469,0,0.105,0.063,255,255
100,0.358,5.613,22.007,0,5.928,22.111,0,0.332,0.339,255,255
101,0.295,5.980,13.692,0,5.954,13.954,0,0.264,0.280,255,255
101,0.242,6.164,13.980,0,5.954,13.954,0,0.211,0.229,255,255
101,0.116,5.928,14.059,0,5.954,13.954,0,0.108,0.120,255,255
102,0.227,6.007,13.325,0,6.190,13.220,0,0.211,0.208,255,255
103,0.247,6.111,10.308,0,6.348,10.282,0,0.238,0.240,255,255
103,0.201,6.452,10.439,0,6.348,10.282,0,0.189,0.195,255,255
103,0.063,6.374,10.230,0,6.348,10.282,0,0.059,0.063,255,255
104,0.074,6.190,12.984,0,6.243,13.036,0,0.074,0.074,255,255
106,0.164,6.216,11.698,0,6.348,11.620,0,0.153,0.161,255,255
107,0.127,6.400,7.187,0,6.400,7.292,0,0.105,0.108,255,255
108,0.880,6.531,7.344,0,7.161,7.764,0,0.757,0.805,255,255
108,0.531,7.239,8.262,0,7.161,7.764,0,0.505,0.516,255,255
108,0.443,7.528,7.580,0,7.161,7.764,0,0.411,0.426,255,255
109,0.111,6.584,6.872,0,6.662,6.951,0,0.111,0.111,255,255
109,0.079,6.662,7.030,0,6.662,6.951,0,0.079,0.079,255,255
109,0.063,6.715,6.925,0,6.662,6.951,0,0.059,0.063,255,255
110,0.718,6.610,15.711,0,7.082,16.157,0,0.649,0.668,255,255
111,0.395,6.636,14.898,0,6.715,15.187,0,0.299,0.366,255,255
112,0.500,7.239,13.613,0,6.793,13.534,0,0.453,0.463,255,255
112,0.164,6.872,13.403,0,6.793,13.534,0,0.153,0.160,255,255
112,0.142,6.662,13.561,0,6.793,13.534,0,0.134,0.148,255,255
113,0.253,6.689,11.357,0,6.793,11.148,0,0.235,0.233,255,255
114,0.258,6.898,12.485,0,6.977,12.275,0,0.224,0.239,255,255
114,0.205,7.056,12.433,0,6.977,12.275,0,0.176,0.186,255,255
114,0.201,7.082,12.118,0,6.977,12.275,0,0.189,0.180,255,255
115,0.258,6.898,13.325,0,7.082,13.220,0,0.211,0.238,255,255
115,0.190,7.239,13.298,0,7.082,13.220,0,0.176,0.152,255,255
115,0.063,7.108,13.167,0,7.082,13.220,0,0.059,0.026,255,255
116,0.874,7.659,16.787,0,8.446,16.577,0,0.814,0.753,255,255
116,0.627,6.925,17.049,0,7.397,16.892,0,0.498,0.572,255,255
116,0.437,8.551,16.839,0,8.918,16.970,0,0.390,0.354,255,255
116,0.343,8.446,16.577,0,8.551,16.839,0,0.283,0.260,255,255
116,0.327,7.397,16.892,0,7.659,16.787,0,0.283,0.230,255,255
116,0.301,7.161,16.734,0,7.397,16.892,0,0.284,0.272,255,255
116,0.280,8.813,17.207,0,8.918,16.970,0,0.258,0.277,255,255
116,0.148,8.446,16.944,0,8.551,16.839,0,0.148,0.148,255,255
116,0.142,8.472,16.446,0,8.446,16.577,0,0.134,0.142,255,255
116,0.138,7.738,16.682,0,7.659,16.787,0,0.131,0.135,255,255
116,0.052,8.970,16.970,0,8.918,16.970,0,0.052,0.052,255,255
117,0.301,7.292,19.279,0,7.082,19.095,0,0.279,0.273,255,255
117,0.190,7.161,18.938,0,7.082,19.095,0,0.176,0.178,255,255
117,0.131,6.951,19.095,0,7.082,19.095,0,0.131,0.131,255,255
118,0.638,6.977,24.708,0,7.187,24.157,0,0.589,0.595,255,255
119,0.585,7.056,14.820,0,7.344,15.239,0,0.509,0.542,255,255
120,0.063,7.082,15.816,0,7.134,15.790,0,0.059,0.066,255,255
121,0.380,7.108,11.148,0,7.370,11.148,0,0.262,0.318,255,255
122,0.063,7.318,21.587,0,7.344,21.639,0,0.059,0.056,255,255
123,0.100,7.318,21.954,0,7.370,22.033,0,0.095,0.098,255,255
124,0.090,7.344,1.469,0,7.370,1.390,0,0.083,0.080,255,255
125,0.153,7.449,2.177,0,7.528,2.282,0,0.131,0.130,255,255
126,0.607,7.948,13.875,0,7.607,14.295,0,0.541,0.539,255,255
126,0.280,7.502,14.111,0,7.607,14.295,0,0.211,0.254,255,255
126,0.074,7.580,14.321,0,7.607,14.295,0,0.037,0.000,0,0
127,0.221,7.580,9.731,0,7.607,9.521,0,0.211,0.227,255,255
128,0.026,7.711,10.911,0,7.738,10.911,0,0.026,0.026,255,255
129,0.238,7.764,15.370,0,7.921,15.528,0,0.223,0.224,255,255
130,0.301,7.816,7.974,0,8.052,7.869,0,0.258,0.286,255,255
131,0.090,7.816,21.797,0,7.843,21.718,0,0.083,0.094,255,255
132,0.127,7.869,11.331,0,7.948,11.252,0,0.111,0.126,255,255
133,0.576,7.948,19.515,0,8.367,19.856,0,0.541,0.539,255,255
134,0.437,8.210,21.193,0,8.315,20.800,0,0.407,0.320,255,255
134,0.301,8.157,20.564,0,8.315,20.800,0,0.284,0.272,255,255
134,0.168,8.052,21.220,0,8.210,21.193,0,0.160,0.164,255,255
134,0.090,8.289,21.220,0,8.210,21.193,0,0.083,0.082,255,255
134,0.063,8.367,20.774,0,8.315,20.800,0,0.059,0.037,255,255
135,1.540,8.944,11.305,0,9.731,12.380,0,1.333,1.368,255,255
135,1.358,10.151,12.380,0,11.226,11.856,0,1.197,1.310,255,255
135,1.264,10.938,13.272,0,10.151,12.380,0,1.189,1.216,255,255
135,0.879,8.813,12.223,0,9.443,12.826,0,0.872,0.858,255,255
135,0.869,11.541,12.695,0,11.226,11.987,0,0.775,0.801,255,255
135,0.854,9.469,14.190,0,9.705,13.456,0,0.771,0.808,255,255
135,0.699,8.813,12.905,0,9.443,12.826,0,0.634,0.667,255,255
135,0.690,9.049,10.702,0,8.944,11.305,0,0.612,0.652,255,255
135,0.679,9.574,12.852,0,9.705,13.456,0,0.617,0.580,255,255
135,0.590,8.184,11.226,0,8.708,11.384,0,0.548,0.561,255,255
135,0.572,8.393,11.803,0,8.708,11.384,0,0.525,0.544,255,255
135,0.537,9.574,12.852,0,9.731,12.380,0,0.498,0.422,255,255
135,0.460,10.020,13.770,0,9.705,13.456,0,0.445,0.439,255,255
135,0.441,9.731,12.380,0,10.151,12.380,0,0.420,0.371,255,255
135,0.269,8.708,11.384,0,8.944,11.305,0,0.249,0.171,255,255
135,0.179,11.384,11.803,0,11.226,11.856,0,0.166,0.165,255,255
135,0.153,11.226,11.856,0,11.226,11.987,0,0.131,0.090,255,255
135,0.142,9.443,12.826,0,9.574,12.852,0,0.134,0.079,255,255
135,0.111,11.148,12.066,0,11.226,11.987,0,0.111,0.111,255,255
136,0.201,8.210,1.993,0,8.315,1.836,0,0.189,0.188,255,255
137,0.190,8.367,2.282,0,8.525,2.203,0,0.176,0.171,255,255
138,0.063,8.498,7.764,0,8.551,7.738,0,0.059,0.066,255,255
139,0.775,8.656,9.233,0,9.128,9.652,0,0.632,0.672,255,255
139,0.306,8.892,9.731,0,9.128,9.652,0,0.249,0.276,255,255
139,0.275,8.866,9.128,0,8.656,9.233,0,0.235,0.234,255,255
139,0.164,9.207,9.784,0,9.128,9.652,0,0.153,0.150,255,255
139,0.116,8.551,9.207,0,8.656,9.233,0,0.108,0.110,255,255
140,0.052,8.577,2.754,0,8.630,2.754,0,0.052,0.052,255,255
141,0.216,8.734,13.770,0,8.761,13.954,0,0.185,0.203,255,255
142,0.205,8.734,23.843,0,8.787,23.659,0,0.191,0.209,255,255
143,0.592,8.892,24.367,0,8.892,24.813,0,0.446,0.561,255,255
144,0.815,9.993,8.420,0,9.233,8.289,0,0.772,0.790,255,255
144,0.644,9.364,7.764,0,9.233,8.289,0,0.541,0.609,255,255
144,0.391,8.918,8.105,0,9.233,8.289,0,0.364,0.372,255,255
145,0.190,8.944,7.633,0,9.049,7.502,0,0.168,0.180,255,255
146,0.574,9.049,4.354,0,9.207,4.826,0,0.498,0.533,255,255
147,0.164,9.075,19.331,0,9.207,19.252,0,0.153,0.150,255,255
148,0.074,9.128,5.141,0,9.180,5.193,0,0.074,0.074,255,255
149,0.528,9.285,25.784,0,9.626,26.125,0,0.482,0.387,255,255
149,0.437,9.338,26.282,0,9.626,26.125,0,0.329,0.409,255,255
149,0.249,9.784,25.941,0,9.626,26.125,0,0.242,0.191,255,255
149,0.138,9.207,25.889,0,9.285,25.784,0,0.131,0.131,255,255
149,0.138,9.259,25.679,0,9.285,25.784,0,0.108,0.063,255,255
149,0.090,9.180,25.705,0,9.259,25.679,0,0.083,0.083,255,255
149,0.063,9.311,25.652,0,9.259,25.679,0,0.059,0.063,255,255
150,0.116,9.207,20.170,0,9.311,20.144,0,0.108,0.106,255,255
151,0.205,9.285,16.944,0,9.469,16.892,0,0.191,0.205,255,255
152,0.616,9.311,24.603,0,9.757,24.393,0,0.493,0.569,255,255
153,0.063,9.338,15.895,0,9.364,15.843,0,0.059,0.066,255,255
154,0.544,9.364,0.708,0,9.784,0.446,0,0.495,0.509,255,255
154,0.428,9.784,0.446,0,9.862,0.787,0,0.350,0.325,255,255
154,0.349,10.046,0.236,0,9.784,0.446,0,0.336,0.349,255,255
154,0.295,9.757,0.184,0,9.784,0.446,0,0.264,0.282,255,255
154,0.212,9.705,0.918,0,9.862,0.787,0,0.205,0.191,255,255
154,0.127,9.941,0.866,0,9.862,0.787,0,0.111,0.113,255,255
155,0.817,9.364,25.128,0,9.521,24.734,0,0.424,0.755,255,255
156,0.037,9.495,17.416,0,9.521,17.390,0,0.037,0.037,255,255
157,0.564,9.521,5.666,0,9.731,5.220,0,0.493,0.528,255,255
157,0.179,9.889,5.272,0,9.731,5.220,0,0.166,0.187,255,255
157,0.168,9.757,5.062,0,9.731,5.220,0,0.160,0.168,255,255
158,0.395,9.626,14.977,0,9.967,14.898,0,0.350,0.376,255,255
159,0.548,9.652,3.567,0,10.046,3.830,0,0.473,0.510,255,255
159,0.516,9.993,3.357,0,10.046,3.830,0,0.475,0.508,255,255
159,0.402,10.046,3.830,0,10.256,4.144,0,0.378,0.272,255,255
159,0.236,10.492,4.144,0,10.256,4.144,0,0.236,0.210,255,255
159,0.232,10.203,4.354,0,10.256,4.144,0,0.216,0.227,255,255
160,0.928,10.334,17.993,0,10.833,17.364,0,0.803,0.773,255,255
160,0.871,11.462,17.836,0,10.833,17.364,0,0.787,0.817,255,255
160,0.826,10.518,18.728,0,10.334,17.993,0,0.757,0.798,255,255
160,0.522,9.889,17.810,0,10.334,17.993,0,0.482,0.427,255,255
160,0.395,9.862,17.469,0,9.889,17.810,0,0.342,0.363,255,255
160,0.343,10.702,17.075,0,10.833,17.364,0,0.317,0.221,255,255
160,0.301,10.466,16.918,0,10.702,17.075,0,0.284,0.272,255,255
160,0.290,10.859,16.866,0,10.702,17.075,0,0.262,0.262,255,255
160,0.242,9.705,17.915,0,9.889,17.810,0,0.211,0.231,255,255
161,0.026,9.757,7.685,0,9.757,7.711,0,0.026,0.026,255,255
162,0.190,9.889,20.118,0,10.046,20.039,0,0.176,0.186,255,255
163,1.238,9.941,19.121,0,10.938,19.593,0,1.103,1.152,255,255
163,0.090,10.911,19.672,0,10.938,19.593,0,0.083,0.093,255,255
163,0.063,10.990,19.567,0,10.938,19.593,0,0.059,0.063,255,255
164,0.138,9.993,7.502,0,10.072,7.607,0,0.131,0.144,255,255
165,0.090,10.098,15.764,0,10.151,15.816,0,0.074,0.080,255,255
166,0.153,10.098,16.603,0,10.151,16.734,0,0.141,0.141,255,255
167,0.766,10.177,2.203,0,10.623,2.754,0,0.709,0.722,255,255
167,0.496,11.043,2.938,0,10.623,2.754,0,0.458,0.476,255,255
167,0.469,10.282,2.990,0,10.623,2.754,0,0.415,0.444,255,255
168,0.111,10.177,8.682,0,10.256,8.603,0,0.111,0.111,255,255
169,0.365,10.230,6.846,0,10.492,6.636,0,0.336,0.334,255,255
170,0.190,10.230,14.898,0,10.308,14.741,0,0.176,0.165,255,255
171,0.100,10.308,17.023,0,10.387,16.970,0,0.095,0.106,255,255
172,0.194,10.308,20.039,0,10.492,20.066,0,0.185,0.190,255,255
173,0.480,10.361,9.416,0,10.702,9.574,0,0.376,0.437,255,255
174,0.253,10.413,26.361,0,10.518,26.151,0,0.235,0.230,255,255
175,0.273,10.492,25.731,0,10.518,25.469,0,0.264,0.263,255,255
175,0.242,10.597,25.259,0,10.518,25.469,0,0.224,0.238,255,255
175,0.190,10.675,25.548,0,10.518,25.469,0,0.176,0.169,255,255
176,0.216,10.702,7.239,0,10.728,7.056,0,0.185,0.191,255,255
177,0.290,10.754,18.807,0,10.938,18.990,0,0.260,0.259,255,255
178,0.175,10.990,0.630,0,10.885,0.761,0,0.168,0.176,255,255
178,0.026,10.859,0.761,0,10.885,0.761,0,0.026,0.026,255,255
178,0.026,10.885,0.761,0,10.885,0.761,0,0.000,0.000,0,0
179,0.976,10.911,23.292,0,11.725,23.685,0,0.903,0.942,255,255
179,0.851,11.725,23.685,0,12.328,24.210,0,0.799,0.774,255,255
179,0.797,11.987,24.866,0,12.328,24.210,0,0.739,0.772,255,255
179,0.792,12.092,22.741,0,11.725,23.344,0,0.706,0.754,255,255
179,0.526,11.593,22.872,0,11.725,23.344,0,0.490,0.497,255,255
179,0.363,11.725,23.344,0,11.725,23.685,0,0.341,0.299,255,255
179,0.127,12.433,24.262,0,12.328,24.210,0,0.117,0.113,255,255
180,0.090,10.938,6.505,0,11.016,6.531,0,0.083,0.080,255,255
181,0.395,10.938,21.456,0,11.069,21.797,0,0.365,0.371,255,255
181,0.175,10.938,21.902,0,11.069,21.797,0,0.168,0.120,255,255
181,0.168,11.226,21.823,0,11.069,21.797,0,0.160,0.137,255,255
182,0.526,10.990,1.338,0,11.462,1.259,0,0.479,0.496,255,255
182,0.517,11.725,1.652,0,11.462,1.259,0,0.473,0.476,255,255
182,0.253,11.567,1.049,0,11.462,1.259,0,0.235,0.241,255,255
183,0.127,11.121,16.105,0,11.069,16.210,0,0.117,0.131,255,255
183,0.063,11.121,16.236,0,11.069,16.210,0,0.059,0.063,255,255
183,0.026,11.043,16.210,0,11.069,16.210,0,0.026,0.026,255,255
184,0.542,11.121,0.446,0,11.436,0.210,0,0.393,0.510,255,255
185,0.090,11.121,8.498,0,11.148,8.577,0,0.083,0.094,255,255
186,0.280,11.174,3.384,0,11.410,3.489,0,0.258,0.271,255,255
187,0.422,11.252,21.272,0,11.331,20.905,0,0.376,0.391,255,255
188,0.138,11.489,14.479,0,11.462,14.584,0,0.108,0.119,255,255
188,0.100,11.515,14.662,0,11.462,14.584,0,0.095,0.093,255,255
188,0.063,11.410,14.610,0,11.462,14.584,0,0.059,0.056,255,255
189,0.417,11.436,2.807,0,11.620,3.148,0,0.387,0.387,255,255
190,0.190,11.515,3.803,0,11.672,3.777,0,0.160,0.168,255,255
190,0.090,11.751,3.803,0,11.672,3.777,0,0.083,0.082,255,255
190,0.063,11.646,3.830,0,11.672,3.777,0,0.059,0.063,255,255
191,0.063,11.541,9.941,0,11.567,9.993,0,0.059,0.066,255,255
192,0.321,11.593,9.023,0,11.725,8.787,0,0.270,0.287,255,255
194,0.052,11.593,15.475,0,11.646,15.475,0,0.052,0.052,255,255
195,0.249,11.698,19.279,0,11.856,19.462,0,0.242,0.253,255,255
196,0.026,11.777,11.777,0,11.803,11.777,0,0.026,0.026,255,255
197,0.116,11.856,16.105,0,11.908,16.184,0,0.095,0.104,255,255
198,0.315,11.882,13.482,0,12.197,13.482,0,0.315,0.315,255,255
199,0.384,11.934,14.164,0,11.987,13.823,0,0.345,0.364,255,255
200,1.659,13.744,4.800,0,12.485,5.692,0,1.543,1.565,255,255
200,1.343,12.748,6.689,0,12.485,5.692,0,1.031,1.269,255,255
200,0.489,12.039,5.797,0,12.485,5.692,0,0.458,0.458,255,255
201,0.360,12.170,15.266,0,12.433,15.502,0,0.353,0.339,255,255
202,0.664,12.328,9.757,0,12.485,9.180,0,0.598,0.622,255,255
203,0.100,12.328,11.751,0,12.380,11.672,0,0.095,0.106,255,255
204,0.074,12.354,4.511,0,12.407,4.459,0,0.074,0.074,255,255
205,0.306,12.459,13.482,0,12.564,13.220,0,0.283,0.282,255,255
205,0.153,12.695,13.272,0,12.564,13.220,0,0.141,0.140,255,255
205,0.100,12.564,13.141,0,12.564,13.220,0,0.079,0.093,255,255
206,0.284,12.669,19.751,0,12.721,19.489,0,0.267,0.238,255,255
206,0.269,12.721,19.489,0,12.957,19.410,0,0.249,0.218,255,255
206,0.212,12.590,19.331,0,12.721,19.489,0,0.205,0.198,255,255
206,0.138,12.748,19.856,0,12.669,19.751,0,0.131,0.087,255,255
206,0.127,13.010,19.305,0,12.957,19.410,0,0.117,0.120,255,255
206,0.116,12.564,19.777,0,12.669,19.751,0,0.108,0.106,255,255
206,0.026,12.957,19.410,0,12.957,19.410,0,0.000,0.000,0,0
207,0.338,12.590,17.075,0,12.774,17.338,0,0.320,0.346,255,255
208,0.063,12.616,2.964,0,12.669,2.938,0,0.059,0.056,255,255
209,0.937,13.010,1.757,0,12.879,0.918,0,0.850,0.875,255,255
209,0.258,12.800,0.656,0,12.800,0.892,0,0.236,0.243,255,255
209,0.253,12.669,1.075,0,12.800,0.892,0,0.226,0.232,255,255
209,0.242,13.036,0.682,0,12.957,0.892,0,0.224,0.228,255,255
209,0.242,13.167,0.970,0,12.957,0.892,0,0.224,0.221,255,255
209,0.090,12.800,0.892,0,12.879,0.918,0,0.083,0.000,0,0
209,0.090,12.879,0.918,0,12.957,0.892,0,0.083,0.052,255,255
210,0.996,13.508,10.938,0,12.800,11.410,0,0.851,0.940,255,255
210,0.153,12.852,11.541,0,12.800,11.410,0,0.141,0.147,255,255
210,0.116,12.695,11.436,0,12.800,11.410,0,0.108,0.110,255,255
211,0.242,12.721,17.757,0,12.931,17.784,0,0.211,0.224,255,255
212,0.164,12.774,21.141,0,12.800,21.010,0,0.134,0.136,255,255
213,0.332,12.800,20.433,0,12.957,20.564,0,0.205,0.303,255,255
214,0.253,12.879,11.856,0,13.010,12.039,0,0.226,0.223,255,255
215,0.332,12.957,13.875,0,12.905,13.587,0,0.293,0.322,255,255
215,0.269,13.141,13.508,0,12.905,13.587,0,0.249,0.257,255,255
215,0.026,12.879,13.587,0,12.905,13.587,0,0.026,0.026,255,255
216,0.238,12.931,2.177,0,13.115,2.046,0,0.226,0.232,255,255
217,0.127,12.931,8.603,0,12.984,8.708,0,0.117,0.116,255,255
218,0.315,13.298,14.793,0,13.613,14.793,0,0.315,0.262,255,255
218,0.253,12.957,14.793,0,13.167,14.689,0,0.235,0.243,255,255
218,0.190,13.167,14.689,0,13.298,14.793,0,0.168,0.098,255,255
218,0.179,13.220,14.531,0,13.167,14.689,0,0.166,0.185,255,255
218,0.172,13.718,14.689,0,13.613,14.793,0,0.148,0.177,255,255
218,0.168,13.770,14.820,0,13.613,14.793,0,0.160,0.160,255,255
218,0.100,13.666,14.872,0,13.613,14.793,0,0.095,0.093,255,255
218,0.063,13.272,14.846,0,13.298,14.793,0,0.059,0.063,255,255
219,0.644,14.085,20.879,0,13.561,20.957,0,0.530,0.633,255,255
219,0.627,14.085,21.325,0,13.534,21.141,0,0.581,0.590,255,255
219,0.594,13.377,21.797,0,13.377,21.246,0,0.551,0.529,255,255
219,0.411,13.010,21.351,0,13.377,21.246,0,0.382,0.383,255,255
219,0.216,13.377,21.246,0,13.534,21.141,0,0.189,0.186,255,255
219,0.194,13.534,21.141,0,13.561,20.957,0,0.185,0.131,255,255
219,0.168,13.534,20.800,0,13.561,20.957,0,0.160,0.164,255,255
220,0.063,13.062,18.911,0,13.115,18.938,0,0.059,0.056,255,255
221,0.621,13.115,8.026,0,13.692,8.131,0,0.587,0.585,255,255
221,0.363,14.033,8.131,0,13.692,8.131,0,0.341,0.344,255,255
221,0.295,13.718,8.393,0,13.692,8.131,0,0.264,0.291,255,255
222,0.258,13.141,7.397,0,13.193,7.161,0,0.242,0.249,255,255
223,0.295,13.167,2.439,0,13.351,2.544,0,0.211,0.257,255,255
224,0.227,13.193,20.197,0,13.377,20.144,0,0.191,0.211,255,255
225,0.343,13.220,23.685,0,13.508,23.816,0,0.317,0.322,255,255
226,0.452,13.666,18.754,0,14.085,18.833,0,0.427,0.358,255,255
226,0.428,14.374,18.570,0,14.085,18.833,0,0.390,0.420,255,255
226,0.415,13.272,18.807,0,13.666,18.754,0,0.397,0.414,255,255
226,0.354,14.243,19.121,0,14.085,18.833,0,0.329,0.328,255,255
226,0.347,13.639,18.439,0,13.666,18.754,0,0.316,0.333,255,255
227,0.280,13.430,9.180,0,13.587,9.364,0,0.242,0.262,255,255
228,0.037,13.534,16.997,0,13.561,17.023,0,0.037,0.037,255,255
229,0.970,13.823,11.908,0,14.584,12.302,0,0.856,0.867,255,255
229,0.522,13.561,12.223,0,13.823,11.908,0,0.410,0.484,255,255
229,0.496,14.793,12.695,0,14.584,12.302,0,0.446,0.470,255,255
229,0.284,13.875,11.646,0,13.823,11.908,0,0.267,0.284,255,255
229,0.242,14.793,12.223,0,14.584,12.302,0,0.224,0.229,255,255
230,0.411,13.797,13.377,0,13.744,13.010,0,0.371,0.400,255,255
230,0.295,14.164,12.721,0,13.902,12.800,0,0.274,0.274,255,255
230,0.275,13.744,13.010,0,13.902,12.800,0,0.262,0.188,255,255
230,0.205,13.954,12.616,0,13.902,12.800,0,0.191,0.211,255,255
230,0.157,13.587,13.010,0,13.744,13.010,0,0.157,0.157,255,255
231,0.432,13.718,9.233,0,13.849,9.574,0,0.365,0.398,255,255
233,0.533,15.161,22.190,0,14.715,22.400,0,0.493,0.492,255,255
233,0.502,15.082,22.689,0,14.715,22.400,0,0.467,0.473,255,255
233,0.443,13.797,22.216,0,14.164,22.400,0,0.411,0.404,255,255
233,0.384,14.164,22.400,0,14.505,22.295,0,0.357,0.343,255,255
233,0.253,14.505,22.295,0,14.715,22.400,0,0.235,0.175,255,255
233,0.183,14.479,22.138,0,14.505,22.295,0,0.160,0.170,255,255
233,0.142,14.138,22.531,0,14.164,22.400,0,0.134,0.105,255,255
233,0.100,14.584,22.243,0,14.505,22.295,0,0.095,0.100,255,255
234,0.052,13.823,24.052,0,13.875,24.052,0,0.052,0.052,255,255
235,0.164,13.849,11.357,0,13.954,11.252,0,0.148,0.145,255,255
236,0.275,13.902,20.118,0,14.111,19.961,0,0.262,0.273,255,255
237,0.542,13.928,16.839,0,14.007,17.311,0,0.479,0.506,255,255
238,0.417,14.164,6.243,0,14.505,6.426,0,0.387,0.346,255,255
238,0.395,14.243,5.902,0,14.164,6.243,0,0.350,0.344,255,255
238,0.365,13.954,6.505,0,14.164,6.243,0,0.336,0.338,255,255
238,0.253,14.715,6.531,0,14.505,6.426,0,0.235,0.234,255,255
238,0.194,14.479,6.610,0,14.505,6.426,0,0.185,0.200,255,255
240,0.079,14.007,15.633,0,14.007,15.711,0,0.079,0.079,255,255
241,0.026,14.033,4.485,0,14.033,4.511,0,0.026,0.026,255,255
242,0.369,14.059,15.974,0,14.374,15.843,0,0.341,0.372,255,255
242,0.205,14.426,16.026,0,14.374,15.843,0,0.191,0.196,255,255
242,0.063,14.426,15.816,0,14.374,15.843,0,0.059,0.063,255,255
243,0.548,14.059,24.079,0,14.295,23.764,0,0.393,0.490,255,255
244,0.227,14.190,11.252,0,14.321,11.095,0,0.205,0.209,255,255
245,0.332,14.243,10.649,0,14.479,10.754,0,0.258,0.312,255,255
246,0.026,14.243,23.502,0,14.243,23.528,0,0.026,0.026,255,255
247,0.422,14.452,0.393,0,14.321,0.761,0,0.390,0.410,255,255
247,0.100,14.374,0.839,0,14.321,0.761,0,0.095,0.093,255,255
247,0.026,14.295,0.761,0,14.321,0.761,0,0.026,0.026,255,255
248,0.111,14.715,23.948,0,14.636,24.026,0,0.111,0.074,255,255
248,0.063,14.662,24.079,0,14.636,24.026,0,0.059,0.026,255,255
248,0.026,14.610,24.026,0,14.636,24.026,0,0.026,0.026,255,255
249,0.127,14.636,13.561,0,14.715,13.482,0,0.111,0.108,255,255
250,0.127,14.636,19.961,0,14.715,19.882,0,0.111,0.108,255,255
251,0.142,14.741,3.279,0,14.846,3.331,0,0.117,0.129,255,255
252,1.459,17.600,5.534,0,16.315,5.167,0,1.337,1.380,255,255
252,1.201,14.872,5.875,0,15.895,5.534,0,1.078,1.105,255,255
252,1.112,15.974,6.505,0,15.895,5.534,0,0.974,1.058,255,255
252,1.032,16.734,6.243,0,16.105,5.508,0,0.967,1.008,255,255
252,0.797,17.154,4.564,0,16.498,4.800,0,0.697,0.771,255,255
252,0.531,16.420,4.302,0,16.498,4.800,0,0.505,0.512,255,255
252,0.443,16.315,5.167,0,16.498,4.800,0,0.411,0.344,255,255
252,0.428,16.105,5.508,0,16.315,5.167,0,0.400,0.340,255,255
252,0.242,15.895,5.534,0,16.105,5.508,0,0.211,0.178,255,255
252,0.168,14.925,6.007,0,14.872,5.875,0,0.141,0.158,255,255
252,0.142,14.741,5.849,0,14.872,5.875,0,0.134,0.137,255,255
253,1.929,19.830,9.180,0,18.230,9.180,0,1.600,1.810,255,255
253,1.388,16.472,8.525,0,17.784,8.708,0,1.324,1.349,255,255
253,1.280,16.393,6.951,0,16.577,8.052,0,1.117,1.213,255,255
253,1.129,15.607,9.049,0,16.472,8.525,0,1.012,0.979,255,255
253,1.064,17.915,10.230,0,18.203,9.285,0,0.987,0.943,255,255
253,1.059,18.990,9.941,0,18.203,9.285,0,1.024,1.026,255,255
253,1.037,18.413,7.948,0,17.784,8.708,0,0.987,1.002,255,255
253,0.891,15.921,9.810,0,15.607,9.049,0,0.823,0.863,255,255
253,0.817,14.898,8.787,0,15.607,9.049,0,0.755,0.721,255,255
253,0.703,17.784,8.708,0,18.230,9.180,0,0.649,0.618,255,255
253,0.661,18.334,10.754,0,17.941,10.308,0,0.595,0.621,255,255
253,0.618,17.075,7.764,0,16.577,8.052,0,0.576,0.578,255,255
253,0.605,14.925,8.236,0,14.898,8.787,0,0.551,0.574,255,255
253,0.548,17.757,10.780,0,17.941,10.308,0,0.507,0.525,255,255
253,0.516,16.472,8.525,0,16.577,8.052,0,0.484,0.479,255,255
253,0.286,17.705,10.413,0,17.915,10.230,0,0.279,0.272,255,255
253,0.168,14.741,8.813,0,14.898,8.787,0,0.160,0.174,255,255
253,0.127,17.915,10.230,0,17.941,10.308,0,0.083,0.063,255,255
253,0.116,18.203,9.285,0,18.230,9.180,0,0.108,0.052,255,255
254,0.063,14.793,24.656,0,14.820,24.708,0,0.059,0.056,255,255
255,0.179,14.872,18.964,0,15.003,18.990,0,0.134,0.171,255,255
256,0.100,14.898,3.882,0,14.977,3.830,0,0.095,0.087,255,255
257,0.063,15.003,16.997,0,15.030,17.049,0,0.059,0.066,255,255
258,0.306,15.161,15.056,0,15.213,15.318,0,0.267,0.287,255,255
258,0.253,15.423,15.423,0,15.213,15.318,0,0.235,0.229,255,255
258,0.142,15.082,15.344,0,15.213,15.318,0,0.134,0.148,255,255
259,0.074,15.108,16.551,0,15.161,16.498,0,0.074,0.074,255,255
260,1.112,15.134,12.249,0,15.318,11.279,0,0.988,1.050,255,255
260,0.930,16.787,10.780,0,16.105,11.305,0,0.860,0.860,255,255
260,0.841,15.318,11.279,0,16.105,11.305,0,0.787,0.721,255,255
260,0.655,15.869,12.066,0,16.210,11.567,0,0.604,0.566,255,255
260,0.517,16.630,11.803,0,16.210,11.567,0,0.482,0.479,255,255
260,0.332,15.580,12.170,0,15.869,12.066,0,0.307,0.342,255,255
260,0.327,16.105,11.305,0,16.210,11.567,0,0.283,0.291,255,255
260,0.100,15.869,12.144,0,15.869,12.066,0,0.079,0.104,255,255
260,0.063,15.266,11.252,0,15.318,11.279,0,0.059,0.056,255,255
261,0.644,15.187,19.043,0,15.659,19.384,0,0.582,0.603,255,255
262,0.269,15.239,23.108,0,15.318,22.872,0,0.249,0.268,255,255
263,0.216,15.502,16.289,0,15.580,16.105,0,0.200,0.200,255,255
264,0.295,15.633,23.056,0,15.895,23.082,0,0.264,0.273,255,255
265,1.114,15.659,24.446,0,16.472,25.023,0,0.997,1.050,255,255
266,0.522,15.685,13.718,0,15.895,13.298,0,0.469,0.483,255,255
266,0.365,15.921,13.062,0,15.895,13.298,0,0.238,0.292,255,255
266,0.327,16.000,13.036,0,15.948,13.298,0,0.267,0.312,255,255
266,0.127,16.052,13.351,0,15.948,13.298,0,0.117,0.113,255,255
266,0.052,15.895,13.298,0,15.948,13.298,0,0.052,0.026,255,255
267,0.738,15.685,17.784,0,16.315,17.521,0,0.682,0.695,255,255
267,0.689,16.498,16.918,0,16.315,17.521,0,0.631,0.678,255,255
267,0.434,16.734,17.469,0,16.315,17.521,0,0.423,0.424,255,255
267,0.242,16.289,17.731,0,16.315,17.521,0,0.211,0.242,255,255
268,0.485,16.105,20.774,0,16.262,20.354,0,0.448,0.359,255,255
268,0.201,16.262,20.826,0,16.105,20.774,0,0.166,0.171,255,255
268,0.190,15.948,20.852,0,16.105,20.774,0,0.176,0.171,255,255
268,0.153,16.393,20.302,0,16.262,20.354,0,0.141,0.113,255,255
268,0.127,16.157,20.302,0,16.262,20.354,0,0.117,0.113,255,255
269,0.422,16.131,18.859,0,16.184,18.518,0,0.345,0.385,255,255
270,0.063,16.262,14.374,0,16.315,14.348,0,0.059,0.066,255,255
271,0.469,16.262,23.685,0,16.603,23.921,0,0.415,0.445,255,255
272,0.142,16.393,1.679,0,16.420,1.548,0,0.134,0.132,255,255
273,0.238,16.420,16.262,0,16.577,16.105,0,0.223,0.232,255,255
274,0.706,16.446,19.987,0,16.630,19.357,0,0.656,0.660,255,255
275,0.605,16.734,23.685,0,16.866,23.134,0,0.566,0.554,255,255
275,0.592,17.338,22.846,0,16.866,23.134,0,0.553,0.531,255,255
275,0.273,16.603,23.108,0,16.866,23.134,0,0.264,0.263,255,255
276,0.395,16.656,0.682,0,16.970,0.787,0,0.332,0.365,255,255
277,0.537,17.207,17.574,0,17.259,18.046,0,0.475,0.506,255,255
277,0.500,16.970,18.623,0,16.997,18.177,0,0.447,0.466,255,255
277,0.347,16.997,18.177,0,17.259,18.046,0,0.293,0.255,255,255
277,0.306,16.734,18.282,0,16.997,18.177,0,0.283,0.299,255,255
277,0.264,17.469,17.915,0,17.259,18.046,0,0.247,0.237,255,255
278,0.127,16.787,20.511,0,16.892,20.511,0,0.105,0.120,255,255
279,0.037,16.839,15.056,0,16.866,15.082,0,0.037,0.037,255,255
280,0.574,16.918,10.387,0,17.180,10.020,0,0.451,0.528,255,255
281,0.507,17.049,6.610,0,17.233,6.216,0,0.434,0.478,255,255
281,0.153,17.311,6.111,0,17.233,6.216,0,0.131,0.150,255,255
281,0.100,17.154,6.164,0,17.233,6.216,0,0.095,0.087,255,255
282,0.074,17.075,11.672,0,17.128,11.620,0,0.074,0.074,255,255
283,0.621,17.102,21.167,0,17.679,21.220,0,0.579,0.595,255,255
283,0.491,18.282,20.931,0,17.967,21.246,0,0.445,0.455,255,255
283,0.391,17.889,21.561,0,17.967,21.246,0,0.324,0.361,255,255
283,0.299,17.679,21.220,0,17.967,21.246,0,0.290,0.236,255,255
283,0.216,17.757,21.036,0,17.679,21.220,0,0.200,0.202,255,255
284,0.127,17.180,14.505,0,17.233,14.400,0,0.117,0.113,255,255
285,0.175,17.233,23.895,0,17.338,24.026,0,0.168,0.153,255,255
286,0.269,17.259,13.928,0,17.495,13.902,0,0.238,0.259,255,255
287,0.786,17.443,12.826,0,17.784,12.197,0,0.716,0.723,255,255
287,0.706,18.413,12.380,0,17.784,12.197,0,0.656,0.669,255,255
287,0.592,18.282,11.672,0,17.810,11.961,0,0.553,0.558,255,255
287,0.476,18.072,11.436,0,17.705,11.646,0,0.423,0.427,255,255
287,0.358,17.705,11.646,0,17.810,11.961,0,0.332,0.304,255,255
287,0.349,17.495,11.384,0,17.705,11.646,0,0.336,0.247,255,255
287,0.253,17.285,11.489,0,17.495,11.384,0,0.235,0.229,255,255
287,0.247,17.784,12.197,0,17.810,11.961,0,0.238,0.184,255,255
287,0.116,17.521,11.279,0,17.495,11.384,0,0.108,0.083,255,255
288,0.179,17.626,1.128,0,17.469,1.075,0,0.166,0.165,255,255
288,0.168,17.311,1.102,0,17.469,1.075,0,0.160,0.158,255,255
288,0.074,17.521,1.023,0,17.469,1.075,0,0.074,0.074,255,255
289,0.480,17.338,19.148,0,17.731,19.305,0,0.424,0.451,255,255
289,0.317,17.862,19.043,0,17.731,19.305,0,0.293,0.304,255,255
289,0.242,17.941,19.384,0,17.731,19.305,0,0.224,0.226,255,255
290,0.190,17.443,16.551,0,17.521,16.708,0,0.176,0.186,255,255
291,0.079,17.521,22.898,0,17.600,22.898,0,0.079,0.079,255,255
292,0.074,17.600,5.744,0,17.652,5.797,0,0.074,0.074,255,255
293,0.105,17.652,24.105,0,17.757,24.105,0,0.105,0.105,255,255
294,0.037,17.679,3.803,0,17.705,3.830,0,0.037,0.037,255,255
295,0.553,17.784,23.030,0,18.020,23.423,0,0.459,0.435,255,255
295,0.332,18.020,23.423,0,18.256,23.266,0,0.284,0.247,255,255
295,0.299,17.993,23.711,0,18.020,23.423,0,0.290,0.295,255,255
295,0.232,18.203,23.056,0,18.256,23.266,0,0.216,0.219,255,255
295,0.142,17.757,22.898,0,17.784,23.030,0,0.134,0.132,255,255
295,0.063,17.836,23.056,0,17.784,23.030,0,0.059,0.063,255,255
295,0.063,18.308,23.292,0,18.256,23.266,0,0.059,0.063,255,255
296,1.020,19.384,13.298,0,18.859,14.085,0,0.946,0.996,255,255
296,1.009,18.807,13.062,0,18.623,13.797,0,0.757,0.965,255,255
296,0.930,18.885,14.243,0,19.593,14.741,0,0.866,0.819,255,255
296,0.832,19.515,15.475,0,19.593,14.741,0,0.739,0.730,255,255
296,0.697,18.046,13.508,0,18.623,13.797,0,0.645,0.591,255,255
296,0.683,18.413,14.715,0,18.885,14.243,0,0.668,0.662,255,255
296,0.386,18.623,13.797,0,18.859,14.085,0,0.373,0.346,255,255
296,0.386,17.784,13.770,0,18.046,13.508,0,0.371,0.364,255,255
296,0.378,19.961,14.767,0,19.593,14.741,0,0.368,0.370,255,255
296,0.194,19.331,15.449,0,19.515,15.475,0,0.185,0.190,255,255
296,0.168,18.859,14.085,0,18.885,14.243,0,0.160,0.105,255,255
296,0.164,18.020,13.377,0,18.046,13.508,0,0.134,0.120,255,255
296,0.090,19.567,15.528,0,19.515,15.475,0,0.074,0.082,255,255
297,0.684,17.993,15.475,0,18.072,16.105,0,0.634,0.632,255,255
297,0.647,18.675,16.210,0,18.072,16.105,0,0.612,0.626,255,255
297,0.400,17.967,16.446,0,18.072,16.105,0,0.357,0.373,255,255
297,0.323,17.784,15.239,0,17.993,15.475,0,0.316,0.302,255,255
297,0.238,18.125,15.292,0,17.993,15.475,0,0.226,0.177,255,255
298,0.052,17.915,5.823,0,17.967,5.823,0,0.052,0.052,255,255
299,0.111,18.020,7.082,0,18.098,7.161,0,0.111,0.111,255,255
300,0.074,18.046,4.538,0,18.098,4.485,0,0.074,0.074,255,255
301,0.063,18.046,6.374,0,18.072,6.426,0,0.059,0.056,255,255
302,0.164,18.125,0.184,0,18.256,0.105,0,0.153,0.158,255,255
303,0.026,18.125,3.803,0,18.151,3.803,0,0.026,0.026,255,255
304,0.301,18.203,18.544,0,18.439,18.439,0,0.258,0.258,255,255
304,0.090,18.518,18.466,0,18.439,18.439,0,0.083,0.056,255,255
304,0.063,18.413,18.387,0,18.439,18.439,0,0.059,0.026,255,255
305,0.264,18.597,1.154,0,18.413,1.311,0,0.242,0.240,255,255
305,0.201,18.544,1.443,0,18.413,1.311,0,0.185,0.182,255,255
305,0.116,18.308,1.285,0,18.413,1.311,0,0.108,0.121,255,255
306,0.221,18.387,21.377,0,18.413,21.587,0,0.211,0.211,255,255
307,0.295,18.466,2.282,0,18.728,2.308,0,0.264,0.268,255,255
308,0.797,18.492,11.305,0,19.016,10.833,0,0.706,0.750,255,255
308,0.321,19.016,10.833,0,19.043,10.544,0,0.290,0.248,255,255
308,0.284,19.305,10.544,0,19.043,10.544,0,0.262,0.270,255,255
308,0.205,18.859,10.492,0,19.043,10.544,0,0.191,0.192,255,255
308,0.090,19.016,10.833,0,19.016,10.833,0,0.000,0.063,255,255
309,0.179,18.492,25.574,0,18.570,25.443,0,0.153,0.162,255,255
310,1.526,21.482,4.852,0,22.662,4.984,0,1.188,1.398,255,255
310,1.507,20.748,6.190,0,20.852,4.879,0,1.316,1.421,255,255
310,1.441,21.613,3.672,0,21.089,4.852,0,1.292,1.395,255,255
310,1.263,20.144,4.852,0,20.407,3.698,0,1.184,1.127,255,255
310,1.194,20.538,3.331,0,21.377,2.623,0,1.098,1.088,255,255
310,1.124,19.436,5.561,0,20.144,4.852,0,1.002,0.966,255,255
310,0.995,20.092,6.269,0,19.436,5.561,0,0.965,0.964,255,255
310,0.921,19.725,3.121,0,20.407,3.698,0,0.893,0.886,255,255
310,0.893,18.649,5.115,0,19.357,5.561,0,0.837,0.859,255,255
310,0.878,20.039,2.675,0,20.538,3.331,0,0.824,0.836,255,255
310,0.840,18.518,6.689,0,19.148,6.216,0,0.787,0.827,255,255
310,0.743,19.148,6.216,0,19.357,5.561,0,0.688,0.632,255,255
310,0.719,20.144,4.852,0,20.852,4.879,0,0.709,0.656,255,255
310,0.694,18.780,6.741,0,19.148,6.216,0,0.640,0.671,255,255
310,0.664,21.954,2.623,0,21.377,2.623,0,0.577,0.633,255,255
310,0.640,19.148,6.216,0,19.620,6.636,0,0.632,0.479,255,255
310,0.599,19.174,6.767,0,19.148,6.216,0,0.551,0.599,255,255
310,0.535,21.482,4.852,0,21.849,4.485,0,0.519,0.471,255,255
310,0.508,22.216,4.144,0,21.849,4.485,0,0.501,0.487,255,255
310,0.452,22.269,4.459,0,21.849,4.485,0,0.420,0.439,255,255
310,0.422,20.407,3.698,0,20.538,3.331,0,0.390,0.375,255,255
310,0.415,21.089,4.852,0,21.482,4.852,0,0.393,0.342,255,255
310,0.415,22.925,5.036,0,22.977,5.430,0,0.397,0.342,255,255
310,0.400,23.266,5.587,0,22.977,5.430,0,0.329,0.385,255,255
310,0.386,21.613,2.334,0,21.377,2.623,0,0.373,0.376,255,255
310,0.332,22.610,4.695,0,22.662,4.984,0,0.293,0.305,255,255
310,0.284,22.662,4.984,0,22.925,5.036,0,0.267,0.192,255,255
310,0.247,20.852,4.879,0,21.089,4.852,0,0.238,0.184,255,255
310,0.216,23.108,5.062,0,22.925,5.036,0,0.185,0.191,255,255
310,0.116,19.725,6.610,0,19.620,6.636,0,0.108,0.108,255,255
310,0.100,19.357,5.561,0,19.436,5.561,0,0.079,0.037,255,255
310,0.090,22.951,5.508,0,22.977,5.430,0,0.083,0.093,255,255
310,0.063,19.646,6.689,0,19.620,6.636,0,0.059,0.063,255,255
311,0.369,18.675,1.049,0,18.990,1.180,0,0.341,0.346,255,255
312,0.437,18.964,19.882,0,19.016,19.489,0,0.397,0.434,255,255
312,0.232,18.807,19.541,0,19.016,19.489,0,0.216,0.220,255,255
312,0.205,19.069,19.305,0,19.016,19.489,0,0.191,0.211,255,255
313,0.063,18.833,25.049,0,18.885,25.075,0,0.059,0.056,255,255
315,0.253,18.990,0.210,0,19.174,0.341,0,0.226,0.225,255,255
315,0.168,19.200,0.498,0,19.174,0.341,0,0.160,0.168,255,255
315,0.153,19.305,0.289,0,19.174,0.341,0,0.141,0.150,255,255
316,0.026,19.016,11.069,0,19.016,11.095,0,0.026,0.026,255,255
317,0.758,20.905,17.102,0,20.223,17.128,0,0.682,0.723,255,255
317,0.655,19.357,16.813,0,19.882,16.761,0,0.527,0.616,255,255
317,0.655,19.410,17.311,0,19.934,16.997,0,0.612,0.539,255,255
317,0.594,19.934,16.210,0,19.882,16.761,0,0.553,0.530,255,255
317,0.555,19.961,17.836,0,20.223,17.390,0,0.517,0.506,255,255
317,0.426,19.489,17.705,0,19.410,17.311,0,0.401,0.417,255,255
317,0.384,19.069,17.207,0,19.410,17.311,0,0.357,0.355,255,255
317,0.375,20.459,17.652,0,20.223,17.390,0,0.353,0.348,255,255
317,0.358,19.934,16.997,0,20.223,17.128,0,0.317,0.244,255,255
317,0.284,20.223,17.128,0,20.223,17.390,0,0.262,0.221,255,255
317,0.280,19.882,16.761,0,19.934,16.997,0,0.242,0.237,255,255
318,0.116,19.095,12.407,0,19.200,12.433,0,0.108,0.121,255,255
319,0.168,19.252,3.200,0,19.226,3.043,0,0.160,0.168,255,255
319,0.131,19.357,3.043,0,19.226,3.043,0,0.131,0.131,255,255
319,0.100,19.148,2.990,0,19.226,3.043,0,0.095,0.098,255,255
320,0.384,19.148,8.105,0,19.489,8.157,0,0.345,0.352,255,255
320,0.280,19.620,7.948,0,19.489,8.157,0,0.247,0.263,255,255
320,0.138,19.515,8.262,0,19.489,8.157,0,0.108,0.130,255,255
321,0.332,19.331,1.364,0,19.620,1.259,0,0.307,0.304,255,255
322,0.090,19.357,17.862,0,19.436,17.889,0,0.083,0.083,255,255
323,0.310,19.384,2.623,0,19.436,2.334,0,0.293,0.283,255,255
323,0.242,19.646,2.256,0,19.436,2.334,0,0.224,0.193,255,255
323,0.063,19.384,2.308,0,19.436,2.334,0,0.059,0.056,255,255
324,0.111,19.567,0.551,0,19.646,0.472,0,0.111,0.111,255,255
325,0.026,19.620,15.816,0,19.646,15.816,0,0.026,0.026,255,255
326,0.238,19.620,25.338,0,19.751,25.521,0,0.226,0.250,255,255
327,0.828,20.066,23.397,0,19.777,22.689,0,0.765,0.819,255,255
327,0.649,19.646,22.190,0,19.777,22.689,0,0.515,0.604,255,255
327,0.157,19.934,22.689,0,19.777,22.689,0,0.157,0.157,255,255
328,0.052,19.777,24.105,0,19.830,24.105,0,0.052,0.052,255,255
329,0.511,20.170,20.197,0,20.013,20.643,0,0.473,0.489,255,255
329,0.502,19.803,21.036,0,20.013,20.643,0,0.446,0.456,255,255
329,0.332,20.302,20.748,0,20.013,20.643,0,0.307,0.313,255,255
330,0.079,19.961,11.331,0,20.039,11.331,0,0.079,0.079,255,255
331,0.417,20.092,19.148,0,20.354,18.885,0,0.371,0.374,255,255
332,0.284,20.223,25.626,0,20.275,25.364,0,0.267,0.270,255,255
332,0.242,20.197,25.154,0,20.275,25.364,0,0.224,0.217,255,255
332,0.205,20.459,25.311,0,20.275,25.364,0,0.191,0.216,255,255
333,0.100,20.223,2.256,0,20.302,2.203,0,0.095,0.106,255,255
334,0.037,20.223,11.672,0,20.249,11.698,0,0.037,0.037,255,255
335,0.238,20.354,11.646,0,20.538,11.515,0,0.226,0.239,255,255
336,0.269,20.380,18.466,0,20.407,18.230,0,0.238,0.239,255,255
337,0.906,22.872,21.456,0,22.531,22.190,0,0.810,0.859,255,255
337,0.792,23.292,22.164,0,22.662,22.557,0,0.742,0.758,255,255
337,0.775,22.295,23.134,0,22.662,22.557,0,0.684,0.719,255,255
337,0.769,21.666,22.295,0,22.321,22.059,0,0.697,0.689,255,255
337,0.677,20.407,23.607,0,20.905,23.213,0,0.635,0.641,255,255
337,0.587,21.220,23.318,0,21.613,22.925,0,0.556,0.530,255,255
337,0.553,21.534,22.793,0,21.666,22.295,0,0.515,0.460,255,255
337,0.476,20.695,22.846,0,20.905,23.213,0,0.423,0.433,255,255
337,0.443,22.295,21.692,0,22.321,22.059,0,0.368,0.418,255,255
337,0.422,22.531,22.190,0,22.662,22.557,0,0.390,0.327,255,255
337,0.406,21.534,23.790,0,21.351,23.475,0,0.364,0.380,255,255
337,0.358,20.905,23.213,0,21.220,23.318,0,0.332,0.278,255,255
337,0.306,21.613,23.370,0,21.351,23.475,0,0.283,0.280,255,255
337,0.264,22.321,22.059,0,22.531,22.190,0,0.247,0.185,255,255
337,0.227,21.220,23.318,0,21.351,23.475,0,0.205,0.180,255,255
337,0.194,21.534,22.793,0,21.613,22.925,0,0.153,0.105,255,255
337,0.164,21.534,22.216,0,21.666,22.295,0,0.153,0.140,255,255
337,0.100,21.692,22.925,0,21.613,22.925,0,0.079,0.104,255,255
337,0.063,21.482,22.820,0,21.534,22.793,0,0.059,0.056,255,255
338,0.216,20.485,6.898,0,20.564,6.715,0,0.200,0.191,255,255
339,0.232,20.643,9.259,0,20.590,9.049,0,0.216,0.221,255,255
339,0.164,20.721,8.970,0,20.590,9.049,0,0.153,0.164,255,255
339,0.090,20.511,9.023,0,20.590,9.049,0,0.083,0.083,255,255
340,0.896,20.590,18.308,0,21.272,18.675,0,0.775,0.834,255,255
341,0.074,20.643,0.393,0,20.695,0.341,0,0.074,0.074,255,255
342,0.431,20.748,20.931,0,20.774,20.511,0,0.420,0.367,255,255
342,0.269,20.984,21.010,0,20.748,20.931,0,0.249,0.247,255,255
342,0.194,20.957,20.538,0,20.774,20.511,0,0.185,0.190,255,255
342,0.138,20.643,21.010,0,20.748,20.931,0,0.131,0.120,255,255
342,0.063,20.748,20.459,0,20.774,20.511,0,0.059,0.056,255,255
343,0.459,20.669,1.311,0,20.931,1.023,0,0.390,0.416,255,255
343,0.269,21.167,1.102,0,20.931,1.023,0,0.249,0.249,255,255
343,0.164,21.062,0.944,0,20.931,1.023,0,0.153,0.164,255,255
343,0.063,20.905,0.970,0,20.931,1.023,0,0.059,0.056,255,255
344,0.142,20.957,10.466,0,20.984,10.597,0,0.134,0.137,255,255
345,0.127,20.984,7.318,0,21.036,7.213,0,0.117,0.127,255,255
346,0.384,21.141,11.803,0,21.246,11.462,0,0.357,0.361,255,255
346,0.347,21.089,11.226,0,21.246,11.462,0,0.284,0.262,255,255
346,0.247,21.482,11.436,0,21.246,11.462,0,0.238,0.239,255,255
346,0.127,20.984,11.279,0,21.089,11.226,0,0.117,0.113,255,255
346,0.063,21.115,11.174,0,21.089,11.226,0,0.059,0.063,255,255
347,0.505,21.193,16.079,0,21.666,16.157,0,0.479,0.402,255,255
347,0.317,20.984,15.948,0,21.193,16.079,0,0.247,0.288,255,255
347,0.216,21.849,16.079,0,21.666,16.157,0,0.200,0.195,255,255
347,0.142,21.167,16.210,0,21.193,16.079,0,0.134,0.147,255,255
347,0.063,21.692,16.210,0,21.666,16.157,0,0.059,0.063,255,255
348,0.100,21.062,7.030,0,21.141,7.082,0,0.095,0.087,255,255
349,0.190,21.062,14.059,0,21.167,14.085,0,0.108,0.139,255,255
350,0.338,21.089,9.521,0,21.351,9.705,0,0.320,0.331,255,255
351,0.153,21.089,9.993,0,21.220,9.993,0,0.131,0.133,255,255
352,0.585,21.089,12.590,0,21.325,12.170,0,0.482,0.527,255,255
353,1.234,21.193,12.957,0,22.243,12.879,0,1.052,1.142,255,255
353,0.579,22.374,12.354,0,22.243,12.879,0,0.541,0.551,255,255
353,0.358,22.243,12.879,0,22.557,12.984,0,0.332,0.262,255,255
353,0.321,22.636,13.272,0,22.557,12.984,0,0.299,0.302,255,255
353,0.131,22.689,12.984,0,22.557,12.984,0,0.131,0.131,255,255
354,0.317,21.246,15.030,0,21.482,15.187,0,0.284,0.291,255,255
355,0.116,21.298,10.570,0,21.403,10.544,0,0.108,0.106,255,255
356,0.670,21.351,20.564,0,21.587,21.115,0,0.599,0.626,255,255
356,0.443,21.403,21.482,0,21.587,21.115,0,0.411,0.413,255,255
356,0.275,21.587,21.115,0,21.797,21.272,0,0.262,0.185,255,255
356,0.116,21.902,21.246,0,21.797,21.272,0,0.108,0.119,255,255
356,0.090,21.823,21.351,0,21.797,21.272,0,0.083,0.090,255,255
357,0.131,21.561,19.515,0,21.430,19.515,0,0.131,0.105,255,255
357,0.074,21.403,19.541,0,21.430,19.515,0,0.037,0.000,0,0
357,0.037,21.403,19.489,0,21.430,19.515,0,0.037,0.037,255,255
358,0.116,21.561,15.397,0,21.666,15.370,0,0.108,0.107,255,255
359,0.542,21.639,6.348,0,22.138,6.295,0,0.501,0.514,255,255
360,1.205,21.718,24.918,0,22.479,24.105,0,1.113,1.142,255,255
361,0.026,21.744,20.118,0,21.770,20.118,0,0.026,0.026,255,255
362,0.100,21.902,23.738,0,21.980,23.738,0,0.079,0.082,255,255
363,0.295,22.007,7.633,0,22.269,7.607,0,0.264,0.271,255,255
363,0.205,22.452,7.554,0,22.269,7.607,0,0.191,0.191,255,255
363,0.063,22.295,7.659,0,22.269,7.607,0,0.059,0.063,255,255
364,0.655,22.531,14.243,0,22.479,14.715,0,0.475,0.600,255,255
364,0.450,22.741,15.056,0,22.479,14.715,0,0.430,0.380,255,255
364,0.273,22.216,14.689,0,22.479,14.715,0,0.264,0.184,255,255
364,0.227,22.111,14.872,0,22.216,14.689,0,0.211,0.218,255,255
364,0.116,22.243,14.584,0,22.216,14.689,0,0.108,0.121,255,255
365,0.710,22.243,0.944,0,22.898,1.023,0,0.660,0.616,255,255
365,0.321,23.003,0.761,0,22.898,1.023,0,0.283,0.309,255,255
365,0.301,23.134,1.128,0,22.898,1.023,0,0.258,0.280,255,255
365,0.210,22.872,1.207,0,22.898,1.023,0,0.185,0.206,255,255
365,0.037,22.216,0.970,0,22.243,0.944,0,0.037,0.037,255,255
365,0.026,22.243,0.944,0,22.243,0.944,0,0.000,0.000,0,0
366,0.913,22.243,25.154,0,22.898,25.626,0,0.808,0.868,255,255
366,0.856,23.475,25.784,0,24.000,25.207,0,0.780,0.774,255,255
366,0.658,22.898,25.626,0,23.475,25.784,0,0.598,0.607,255,255
366,0.555,23.475,25.784,0,23.738,26.230,0,0.517,0.442,255,255
366,0.374,24.079,26.203,0,23.738,26.230,0,0.342,0.365,255,255
366,0.369,23.659,26.544,0,23.738,26.230,0,0.324,0.352,255,255
366,0.273,24.262,25.180,0,24.000,25.207,0,0.264,0.269,255,255
366,0.190,22.977,25.469,0,22.898,25.626,0,0.176,0.156,255,255
366,0.063,23.974,25.154,0,24.000,25.207,0,0.059,0.056,255,255
367,0.910,22.426,9.548,0,22.898,10.230,0,0.829,0.807,255,255
367,0.897,23.502,9.862,0,23.685,9.128,0,0.757,0.759,255,255
367,0.755,22.898,10.230,0,23.502,9.862,0,0.706,0.637,255,255
367,0.570,22.898,10.230,0,23.161,10.675,0,0.517,0.466,255,255
367,0.474,23.580,10.754,0,23.161,10.675,0,0.427,0.443,255,255
367,0.380,23.974,9.311,0,23.685,9.128,0,0.342,0.363,255,255
367,0.290,22.557,9.311,0,22.426,9.548,0,0.270,0.288,255,255
367,0.242,22.689,10.308,0,22.898,10.230,0,0.224,0.220,255,255
367,0.153,22.295,9.600,0,22.426,9.548,0,0.141,0.141,255,255
367,0.127,23.738,9.023,0,23.685,9.128,0,0.117,0.131,255,255
367,0.116,23.134,10.780,0,23.161,10.675,0,0.108,0.108,255,255
367,0.100,23.580,9.915,0,23.502,9.862,0,0.095,0.093,255,255
368,0.116,22.374,11.279,0,22.479,11.252,0,0.108,0.110,255,255
369,0.513,22.898,17.311,0,22.505,17.600,0,0.488,0.500,255,255
369,0.131,22.374,17.600,0,22.505,17.600,0,0.131,0.131,255,255
369,0.063,22.531,17.652,0,22.505,17.600,0,0.059,0.063,255,255
370,0.775,22.374,18.885,0,22.820,18.597,0,0.531,0.712,255,255
371,0.380,22.452,19.593,0,22.767,19.751,0,0.352,0.354,255,255
372,0.317,22.479,0.577,0,22.636,0.341,0,0.284,0.290,255,255
373,0.238,22.610,3.698,0,22.767,3.541,0,0.223,0.228,255,255
374,0.037,22.793,13.770,0,22.820,13.744,0,0.037,0.037,255,255
375,0.037,22.793,17.023,0,22.820,17.049,0,0.037,0.037,255,255
376,0.052,22.820,4.302,0,22.872,4.302,0,0.052,0.052,255,255
377,0.164,22.872,1.521,0,22.977,1.574,0,0.117,0.138,255,255
378,1.160,22.872,18.334,0,23.685,17.757,0,0.997,1.116,255,255
378,0.653,24.157,17.915,0,24.341,18.492,0,0.606,0.568,255,255
378,0.537,23.685,17.757,0,24.157,17.915,0,0.498,0.482,255,255
378,0.432,24.708,18.387,0,24.341,18.492,0,0.382,0.423,255,255
378,0.411,23.633,17.390,0,23.685,17.757,0,0.371,0.389,255,255
378,0.354,24.157,18.754,0,24.341,18.492,0,0.320,0.262,255,255
378,0.232,24.157,18.964,0,24.157,18.754,0,0.210,0.227,255,255
378,0.179,24.315,17.862,0,24.157,17.915,0,0.166,0.165,255,255
378,0.052,24.105,18.754,0,24.157,18.754,0,0.052,0.052,255,255
379,0.232,23.030,24.131,0,22.977,23.921,0,0.216,0.227,255,255
379,0.142,23.108,23.895,0,22.977,23.921,0,0.134,0.133,255,255
379,0.116,22.872,23.895,0,22.977,23.921,0,0.108,0.110,255,255
380,0.164,23.161,20.852,0,23.292,20.826,0,0.134,0.159,255,255
381,0.205,23.239,24.498,0,23.292,24.315,0,0.191,0.193,255,255
381,0.205,23.292,24.131,0,23.292,24.315,0,0.184,0.201,255,255
381,0.079,23.370,24.315,0,23.292,24.315,0,0.079,0.079,255,255
382,0.153,23.370,21.534,0,23.370,21.403,0,0.131,0.147,255,255
382,0.100,23.449,21.351,0,23.370,21.403,0,0.095,0.100,255,255
382,0.063,23.318,21.377,0,23.370,21.403,0,0.059,0.056,255,255
383,0.327,23.370,6.872,0,23.528,7.134,0,0.306,0.329,255,255
384,0.365,23.370,18.911,0,23.659,19.095,0,0.342,0.332,255,255
385,0.164,23.397,16.682,0,23.528,16.708,0,0.134,0.143,255,255
386,0.480,23.423,5.954,0,23.685,6.295,0,0.430,0.458,255,255
386,0.448,23.921,6.636,0,23.685,6.295,0,0.415,0.429,255,255
386,0.286,23.502,6.505,0,23.685,6.295,0,0.279,0.286,255,255
386,0.262,23.921,6.269,0,23.685,6.295,0,0.238,0.248,255,255
387,0.238,23.475,8.052,0,23.607,8.184,0,0.185,0.205,255,255
388,0.459,23.895,23.030,0,23.738,23.423,0,0.424,0.428,255,255
388,0.306,23.475,23.528,0,23.738,23.423,0,0.283,0.278,255,255
388,0.280,23.974,23.528,0,23.738,23.423,0,0.258,0.264,255,255
390,1.758,23.633,12.223,0,24.498,13.010,0,1.170,1.663,255,255
391,0.063,23.685,15.921,0,23.738,15.895,0,0.059,0.066,255,255
392,0.280,23.764,5.534,0,23.921,5.718,0,0.242,0.254,255,255
393,0.867,24.393,3.515,0,24.787,2.833,0,0.787,0.861,255,255
393,0.858,24.026,2.964,0,24.787,2.833,0,0.772,0.745,255,255
393,0.849,23.895,3.620,0,24.026,2.964,0,0.669,0.800,255,255
393,0.695,25.731,2.780,0,25.102,2.623,0,0.649,0.664,255,255
393,0.635,25.600,1.836,0,25.128,2.230,0,0.615,0.615,255,255
393,0.432,24.787,2.833,0,25.102,2.623,0,0.378,0.344,255,255
393,0.428,24.918,1.889,0,25.128,2.230,0,0.400,0.391,255,255
393,0.426,25.102,2.623,0,25.128,2.230,0,0.394,0.353,255,255
393,0.227,23.843,2.859,0,24.026,2.964,0,0.211,0.200,255,255
394,0.127,23.869,1.652,0,23.974,1.652,0,0.105,0.120,255,255
395,0.052,23.869,15.790,0,23.921,15.790,0,0.052,0.052,255,255
396,0.576,24.393,9.810,0,23.974,10.151,0,0.541,0.530,255,255
396,0.063,23.921,10.177,0,23.974,10.151,0,0.059,0.056,255,255
396,0.063,24.000,10.203,0,23.974,10.151,0,0.059,0.026,255,255
397,0.079,23.974,10.780,0,24.052,10.780,0,0.079,0.079,255,255
398,1.024,25.128,3.987,0,24.472,4.616,0,0.909,0.968,255,255
398,0.528,24.052,4.879,0,24.472,4.616,0,0.495,0.490,255,255
398,0.502,24.944,5.089,0,24.551,4.826,0,0.473,0.478,255,255
398,0.454,24.341,5.193,0,24.551,4.826,0,0.423,0.435,255,255
398,0.280,24.472,4.616,0,24.551,4.826,0,0.224,0.203,255,255
399,0.105,24.052,5.430,0,24.052,5.534,0,0.105,0.105,255,255
401,0.290,24.105,16.472,0,24.236,16.236,0,0.270,0.279,255,255
402,0.100,24.131,14.925,0,24.210,14.872,0,0.095,0.087,255,255
403,0.100,24.210,7.738,0,24.289,7.790,0,0.095,0.087,255,255
404,0.100,24.236,20.748,0,24.289,20.826,0,0.095,0.087,255,255
405,0.469,24.498,24.105,0,24.551,24.472,0,0.371,0.431,255,255
405,0.326,24.236,24.498,0,24.551,24.472,0,0.316,0.321,255,255
405,0.138,24.630,24.577,0,24.551,24.472,0,0.131,0.124,255,255
406,0.100,24.472,1.075,0,24.551,1.075,0,0.079,0.090,255,255
407,0.179,24.472,8.472,0,24.525,8.630,0,0.166,0.182,255,255
408,0.238,24.630,13.875,0,24.656,14.059,0,0.185,0.218,255,255
409,0.295,24.656,13.403,0,24.734,13.141,0,0.274,0.294,255,255
410,0.063,24.656,17.233,0,24.708,17.207,0,0.059,0.066,255,255
411,0.164,24.708,1.285,0,24.839,1.259,0,0.134,0.152,255,255
412,0.168,24.761,0.341,0,24.787,0.498,0,0.160,0.174,255,255
413,0.090,24.892,25.311,0,24.918,25.233,0,0.083,0.083,255,255
414,0.363,25.023,5.954,0,25.075,6.243,0,0.293,0.337,255,255
415,0.550,25.102,18.623,0,25.416,19.043,0,0.525,0.521,255,255
415,0.317,25.416,19.462,0,25.285,19.200,0,0.293,0.261,255,255
415,0.247,25.652,19.016,0,25.416,19.043,0,0.238,0.216,255,255
415,0.212,25.285,19.200,0,25.416,19.043,0,0.205,0.144,255,255
415,0.142,25.154,19.226,0,25.285,19.200,0,0.134,0.132,255,255
416,0.090,25.128,24.997,0,25.207,24.970,0,0.083,0.080,255,255
418,0.242,25.207,0.498,0,25.416,0.577,0,0.224,0.217,255,255
419,0.725,25.233,15.685,0,25.757,15.738,0,0.527,0.682,255,255
419,0.317,26.020,15.607,0,25.757,15.738,0,0.293,0.303,255,255
419,0.164,25.679,15.607,0,25.757,15.738,0,0.153,0.147,255,255
420,0.395,25.233,23.370,0,25.364,23.711,0,0.365,0.370,255,255
421,0.306,25.364,23.003,0,25.600,22.872,0,0.270,0.287,255,255
422,0.354,25.416,20.984,0,25.652,21.193,0,0.316,0.324,255,255
422,0.131,25.784,21.193,0,25.652,21.193,0,0.131,0.131,255,255
422,0.100,25.652,21.272,0,25.652,21.193,0,0.079,0.093,255,255
423,0.238,25.469,8.577,0,25.600,8.393,0,0.226,0.225,255,255
424,0.063,25.652,12.669,0,25.679,12.721,0,0.059,0.056,255,255
425,0.063,25.731,22.846,0,25.784,22.872,0,0.059,0.066,255,255
426,0.063,25.836,8.210,0,25.862,8.262,0,0.059,0.056,255,255
427,0.592,25.862,5.115,0,26.256,4.748,0,0.538,0.546,255,255
427,0.369,26.334,4.433,0,26.256,4.748,0,0.324,0.297,255,255
427,0.249,26.098,4.564,0,26.256,4.748,0,0.242,0.191,255,255
428,0.443,26.308,18.046,0,26.072,18.361,0,0.393,0.375,255,255
428,0.238,25.889,18.492,0,26.072,18.361,0,0.226,0.233,255,255
428,0.164,26.151,18.492,0,26.072,18.361,0,0.153,0.113,255,255
429,0.437,25.967,2.072,0,26.361,2.020,0,0.397,0.403,255,255
429,0.079,26.439,2.020,0,26.361,2.020,0,0.079,0.079,255,255
429,0.063,26.387,2.072,0,26.361,2.020,0,0.059,0.063,255,255
430,0.299,25.967,24.341,0,26.256,24.367,0,0.290,0.292,255,255
430,0.253,26.361,24.157,0,26.256,24.367,0,0.235,0.249,255,255
430,0.201,26.387,24.498,0,26.256,24.367,0,0.185,0.193,255,255
431,0.306,26.308,3.148,0,26.308,3.410,0,0.262,0.274,255,255
432,0.026,26.413,6.767,0,26.439,6.767,0,0.026,0.026,255,255
433,0.142,26.570,13.849,0,26.597,13.718,0,0.134,0.137,255,255
