 ,Skeleton ID,Branch length,V1 x,V1 y,V1 z,V2 x,V2 y,V2 z,Euclidean distance,running average length,average intensity (inner 3rd),average intensity
1,1,0.037,0.131,7.921,0,0.157,7.895,0,0.037,0.037,255,255
2,2,0.190,0.131,18.911,0,0.289,18.833,0,0.176,0.190,255,255
3,3,0.052,0.184,16.813,0,0.236,16.813,0,0.052,0.052,255,255
4,4,0.258,0.236,18.649,0,0.472,18.597,0,0.242,0.254,255,255
5,5,0.507,0.315,8.734,0,0.551,9.128,0,0.459,0.462,255,255
6,5,0.380,1.049,9.285,0,0.734,9.128,0,0.352,0.344,255,255
7,5,0.297,0.944,8.918,0,0.734,9.128,0,0.297,0.297,255,255
8,5,0.205,0.551,9.128,0,0.734,9.128,0,0.184,0.134,255,255
9,5,0.153,0.446,9.207,0,0.551,9.128,0,0.131,0.139,255,255
10,6,0.871,0.393,22.872,0,1.075,22.715,0,0.700,0.795,255,255
11,6,0.522,1.469,22.479,0,1.075,22.715,0,0.459,0.463,255,255
12,6,0.317,0.944,22.452,0,1.075,22.715,0,0.293,0.252,255,255
13,7,0.782,0.420,0.420,0,1.049,0.525,0,0.638,0.714,255,255
14,8,1.419,0.630,25.075,0,1.784,24.472,0,1.302,1.270,255,255
15,8,1.293,3.305,24.787,0,2.230,24.315,0,1.174,1.241,255,255
16,8,0.887,1.705,23.580,0,2.072,24.315,0,0.821,0.843,255,255
17,8,0.823,2.230,24.315,0,2.911,23.974,0,0.762,0.763,255,255
18,8,0.698,3.200,24.026,0,3.698,23.580,0,0.669,0.616,255,255
19,8,0.616,1.731,25.023,0,1.784,24.472,0,0.553,0.523,255,255
20,8,0.507,3.567,24.289,0,3.200,24.026,0,0.451,0.464,255,255
21,8,0.402,3.121,23.659,0,2.911,23.974,0,0.378,0.378,255,255
22,8,0.354,1.784,24.472,0,2.072,24.315,0,0.329,0.236,255,255
23,8,0.338,1.967,25.233,0,1.731,25.023,0,0.316,0.317,255,255
24,8,0.317,1.600,25.285,0,1.731,25.023,0,0.293,0.292,255,255
25,8,0.310,2.911,23.974,0,3.200,24.026,0,0.293,0.240,255,255
26,8,0.295,3.672,23.318,0,3.698,23.580,0,0.264,0.282,255,255
27,8,0.184,0.446,25.075,0,0.630,25.075,0,0.184,0.184,255,255
28,8,0.157,2.072,24.315,0,2.230,24.315,0,0.157,0.131,255,255
29,8,0.100,0.682,25.154,0,0.630,25.075,0,0.095,0.093,255,255
30,8,0.026,3.698,23.580,0,3.698,23.580,0,0.000,0.000,0,0
31,9,0.100,0.498,18.151,0,0.577,18.151,0,0.079,0.090,255,255
32,10,0.559,0.944,2.964,0,0.630,3.331,0,0.484,0.514,255,255
33,10,0.432,0.525,3.698,0,0.630,3.331,0,0.382,0.419,255,255
34,10,0.026,0.603,3.331,0,0.630,3.331,0,0.026,0.026,255,255
35,11,0.437,0.577,24.131,0,0.708,23.816,0,0.341,0.405,255,255
36,12,1.151,1.390,5.534,0,1.548,6.479,0,0.957,1.021,255,255
37,12,0.795,0.656,7.082,0,1.364,6.872,0,0.739,0.769,255,255
38,12,0.469,1.364,6.872,0,1.548,6.479,0,0.434,0.406,255,255
39,12,0.253,1.180,5.639,0,1.390,5.534,0,0.235,0.245,255,255
40,12,0.232,1.390,5.325,0,1.390,5.534,0,0.210,0.223,255,255
41,12,0.216,1.731,6.452,0,1.548,6.479,0,0.185,0.201,255,255
42,12,0.179,1.416,7.030,0,1.364,6.872,0,0.166,0.137,255,255
43,13,0.116,0.866,25.731,0,0.761,25.757,0,0.108,0.109,255,255
44,13,0.090,0.682,25.731,0,0.761,25.757,0,0.083,0.080,255,255
45,13,0.090,0.787,25.836,0,0.761,25.757,0,0.083,0.082,255,255
46,14,0.026,0.708,2.570,0,0.734,2.570,0,0.026,0.026,255,255
47,15,0.052,0.866,26.361,0,0.918,26.361,0,0.052,0.052,255,255
48,16,0.782,1.075,19.331,0,1.338,19.961,0,0.682,0.692,255,255
49,16,0.402,1.548,20.275,0,1.338,19.961,0,0.378,0.370,255,255
50,16,0.347,1.023,19.934,0,1.338,19.961,0,0.316,0.326,255,255
51,16,0.253,0.892,19.462,0,1.075,19.331,0,0.226,0.243,255,255
52,16,0.221,1.049,19.121,0,1.075,19.331,0,0.211,0.157,255,255
53,16,0.127,1.128,19.043,0,1.049,19.121,0,0.111,0.124,255,255
54,16,0.026,1.023,19.121,0,1.049,19.121,0,0.026,0.026,255,255
55,17,0.369,0.892,21.587,0,0.970,21.272,0,0.324,0.332,255,255
56,18,0.242,1.075,16.262,0,0.997,16.472,0,0.224,0.242,255,255
57,18,0.212,1.154,16.603,0,0.997,16.472,0,0.205,0.194,255,255
58,18,0.199,1.049,16.656,0,0.997,16.472,0,0.191,0.193,255,255
59,18,0.079,0.918,16.472,0,0.997,16.472,0,0.079,0.079,255,255
60,19,0.507,0.944,1.784,0,1.285,2.020,0,0.415,0.491,255,255
61,20,0.100,0.944,16.997,0,1.023,16.944,0,0.095,0.098,255,255
62,21,0.175,0.970,2.597,0,1.102,2.492,0,0.168,0.164,255,255
63,22,0.079,1.049,1.574,0,1.128,1.574,0,0.079,0.079,255,255
64,24,0.026,1.102,5.849,0,1.128,5.849,0,0.026,0.026,255,255
65,25,0.153,1.154,3.567,0,1.285,3.620,0,0.141,0.138,255,255
66,26,1.386,3.016,4.616,0,3.987,3.725,0,1.318,1.302,255,255
67,26,1.214,3.016,4.748,0,3.987,5.298,0,1.116,1.111,255,255
68,26,1.181,1.180,4.905,0,2.098,4.380,0,1.057,1.105,255,255
69,26,1.016,2.098,4.380,0,3.016,4.616,0,0.948,0.917,255,255
70,26,0.976,3.698,6.007,0,3.987,5.298,0,0.765,0.928,255,255
71,26,0.943,2.938,3.174,0,3.751,3.489,0,0.872,0.899,255,255
72,26,0.867,4.669,3.279,0,3.987,3.725,0,0.815,0.834,255,255
73,26,0.817,4.118,2.807,0,3.830,3.489,0,0.740,0.768,255,255
74,26,0.679,2.439,3.252,0,2.230,3.830,0,0.614,0.638,255,255
75,26,0.605,2.098,4.380,0,2.230,3.830,0,0.566,0.516,255,255
76,26,0.592,2.597,5.089,0,3.016,4.748,0,0.541,0.553,255,255
77,26,0.539,3.331,3.777,0,3.751,3.489,0,0.509,0.468,255,255
78,26,0.504,3.882,4.170,0,3.987,3.725,0,0.458,0.488,255,255
79,26,0.402,2.544,3.672,0,2.230,3.830,0,0.352,0.377,255,255
80,26,0.301,3.830,3.489,0,3.987,3.725,0,0.284,0.210,255,255
81,26,0.153,3.016,4.616,0,3.016,4.748,0,0.131,0.090,255,255
82,26,0.116,4.039,5.220,0,3.987,5.298,0,0.095,0.106,255,255
83,26,0.079,3.751,3.489,0,3.830,3.489,0,0.079,0.052,255,255
84,27,0.142,1.207,10.518,0,1.233,10.649,0,0.134,0.137,255,255
85,28,1.070,1.207,17.731,0,1.600,18.518,0,0.880,1.024,255,255
86,29,0.190,1.338,1.154,0,1.495,1.233,0,0.176,0.166,255,255
87,30,0.201,1.495,16.551,0,1.390,16.708,0,0.189,0.191,255,255
88,30,0.063,1.416,16.761,0,1.390,16.708,0,0.059,0.063,255,255
89,30,0.052,1.338,16.708,0,1.390,16.708,0,0.052,0.052,255,255
90,31,0.142,1.364,0.472,0,1.495,0.498,0,0.134,0.132,255,255
91,32,0.127,1.626,22.164,0,1.521,22.111,0,0.117,0.117,255,255
92,32,0.063,1.495,22.164,0,1.521,22.111,0,0.059,0.063,255,255
93,32,0.026,1.521,22.085,0,1.521,22.111,0,0.026,0.026,255,255
94,33,1.197,1.521,8.289,0,2.230,7.816,0,0.851,1.097,255,255
95,33,0.100,2.177,7.738,0,2.230,7.816,0,0.095,0.087,255,255
96,33,0.063,2.282,7.843,0,2.230,7.816,0,0.059,0.063,255,255
97,34,0.227,1.521,20.957,0,1.705,20.905,0,0.191,0.222,255,255
98,35,0.363,1.757,2.439,0,1.757,2.780,0,0.341,0.355,255,255
99,35,0.227,1.574,2.675,0,1.757,2.780,0,0.211,0.200,255,255
100,35,0.227,1.652,2.964,0,1.757,2.780,0,0.211,0.218,255,255
101,35,0.122,1.862,2.833,0,1.757,2.780,0,0.117,0.114,255,255
102,36,1.166,1.731,11.226,0,2.203,10.256,0,1.079,1.088,255,255
103,36,0.991,3.331,10.623,0,2.518,10.230,0,0.903,0.914,255,255
104,36,0.434,1.915,9.941,0,2.203,10.256,0,0.427,0.376,255,255
105,36,0.391,2.702,9.915,0,2.518,10.230,0,0.364,0.367,255,255
106,36,0.326,2.203,10.256,0,2.518,10.230,0,0.316,0.292,255,255
107,37,0.306,1.731,14.059,0,1.993,14.007,0,0.267,0.279,255,255
108,38,0.596,1.784,14.531,0,2.282,14.400,0,0.515,0.556,255,255
109,39,0.105,1.862,20.669,0,1.967,20.669,0,0.105,0.105,255,255
110,40,1.354,2.230,18.807,0,3.121,18.308,0,1.022,1.174,255,255
111,40,1.142,3.882,16.341,0,3.043,15.869,0,0.963,1.082,255,255
112,40,1.138,3.908,18.387,0,3.121,18.308,0,0.791,1.056,255,255
113,40,1.009,1.889,16.236,0,2.649,15.711,0,0.924,0.943,255,255
114,40,0.941,2.675,16.997,0,3.095,16.289,0,0.823,0.870,255,255
115,40,0.883,3.016,17.469,0,3.121,18.308,0,0.846,0.801,255,255
116,40,0.725,3.016,17.469,0,3.698,17.469,0,0.682,0.636,255,255
117,40,0.668,2.046,17.049,0,2.649,17.154,0,0.612,0.641,255,255
118,40,0.644,1.915,19.252,0,2.230,18.807,0,0.546,0.630,255,255
119,40,0.522,3.043,15.869,0,3.095,16.289,0,0.423,0.417,255,255
120,40,0.517,4.118,17.652,0,3.698,17.469,0,0.458,0.475,255,255
121,40,0.498,2.649,17.154,0,3.016,17.469,0,0.484,0.427,255,255
122,40,0.465,2.492,16.630,0,2.675,16.997,0,0.411,0.442,255,255
123,40,0.459,2.649,15.711,0,3.043,15.869,0,0.424,0.394,255,255
124,40,0.358,2.282,15.502,0,2.597,15.607,0,0.332,0.329,255,255
125,40,0.347,4.013,17.390,0,3.698,17.469,0,0.324,0.322,255,255
126,40,0.295,2.570,15.344,0,2.597,15.607,0,0.264,0.289,255,255
127,40,0.190,2.649,17.154,0,2.675,16.997,0,0.160,0.131,255,255
128,40,0.153,2.098,18.807,0,2.230,18.807,0,0.131,0.147,255,255
129,40,0.127,2.990,16.236,0,3.095,16.289,0,0.117,0.135,255,255
130,40,0.127,2.597,15.607,0,2.649,15.711,0,0.117,0.026,255,255
131,41,0.026,2.020,7.685,0,2.046,7.685,0,0.026,0.026,255,255
132,42,0.564,2.702,26.649,0,2.544,26.151,0,0.523,0.532,255,255
133,42,0.564,2.046,25.993,0,2.544,26.151,0,0.523,0.528,255,255
134,42,0.164,2.649,26.046,0,2.544,26.151,0,0.148,0.165,255,255
135,43,0.052,2.072,23.003,0,2.072,23.056,0,0.052,0.052,255,255
136,44,0.116,2.098,23.370,0,2.177,23.318,0,0.095,0.104,255,255
137,45,0.138,2.125,18.098,0,2.230,18.177,0,0.131,0.138,255,255
138,46,0.074,2.256,25.548,0,2.308,25.495,0,0.074,0.074,255,255
139,47,0.216,2.439,8.498,0,2.570,8.630,0,0.185,0.199,255,255
140,48,0.592,3.016,1.810,0,2.728,2.282,0,0.553,0.531,255,255
141,48,0.500,2.754,2.728,0,2.728,2.282,0,0.447,0.455,255,255
142,48,0.269,2.492,2.361,0,2.728,2.282,0,0.249,0.250,255,255
143,49,0.943,2.492,7.607,0,2.911,6.898,0,0.823,0.902,255,255
144,49,0.572,3.331,7.266,0,2.911,6.898,0,0.558,0.507,255,255
145,49,0.491,3.305,6.662,0,2.911,6.898,0,0.459,0.425,255,255
146,50,0.100,2.492,20.984,0,2.570,20.931,0,0.095,0.098,255,255
147,51,1.293,2.308,21.875,0,3.043,22.741,0,1.135,1.150,255,255
148,51,0.810,2.702,21.351,0,2.308,21.875,0,0.656,0.779,255,255
149,51,0.516,2.780,21.980,0,2.308,21.875,0,0.484,0.492,255,255
150,51,0.500,3.489,22.872,0,3.043,22.741,0,0.465,0.477,255,255
151,51,0.413,3.331,23.134,0,3.043,22.872,0,0.390,0.391,255,255
152,51,0.404,3.016,23.266,0,3.043,22.872,0,0.394,0.394,255,255
153,51,0.153,3.043,22.741,0,3.043,22.872,0,0.131,0.090,255,255
154,52,0.354,2.780,14.452,0,3.069,14.557,0,0.307,0.325,255,255
155,53,1.083,4.066,19.934,0,4.721,19.200,0,0.985,0.937,255,255
156,53,0.697,2.780,19.515,0,3.252,19.908,0,0.615,0.632,255,255
157,53,0.596,3.016,20.407,0,3.252,19.908,0,0.551,0.477,255,255
158,53,0.548,5.193,19.331,0,4.721,19.200,0,0.490,0.500,255,255
159,53,0.531,3.567,19.856,0,4.066,19.934,0,0.505,0.453,255,255
160,53,0.459,3.462,19.462,0,3.567,19.856,0,0.407,0.440,255,255
161,53,0.406,4.223,20.275,0,4.066,19.934,0,0.376,0.381,255,255
162,53,0.369,4.957,19.043,0,4.721,19.200,0,0.284,0.348,255,255
163,53,0.336,3.252,19.908,0,3.567,19.856,0,0.319,0.309,255,255
164,53,0.190,2.859,20.485,0,3.016,20.407,0,0.176,0.166,255,255
165,53,0.179,3.095,20.538,0,3.016,20.407,0,0.153,0.165,255,255
166,54,0.164,2.911,0.944,0,2.990,1.075,0,0.153,0.175,255,255
167,55,1.212,2.911,7.790,0,3.882,8.262,0,1.079,1.163,255,255
168,55,0.511,4.433,8.052,0,3.987,8.157,0,0.458,0.511,255,255
169,55,0.474,3.882,8.262,0,4.013,8.682,0,0.440,0.390,255,255
170,55,0.371,4.249,7.895,0,3.987,8.157,0,0.371,0.371,255,255
171,55,0.336,4.328,8.734,0,4.013,8.682,0,0.319,0.326,255,255
172,55,0.269,3.934,8.918,0,4.013,8.682,0,0.249,0.249,255,255
173,55,0.164,3.882,8.262,0,3.987,8.157,0,0.148,0.100,255,255
174,56,0.037,2.911,23.475,0,2.938,23.502,0,0.037,0.037,255,255
175,57,0.190,3.148,25.626,0,3.226,25.469,0,0.176,0.168,255,255
176,58,0.153,3.174,21.482,0,3.305,21.430,0,0.141,0.141,255,255
177,59,0.269,3.357,14.767,0,3.436,15.003,0,0.249,0.258,255,255
178,59,0.249,3.620,15.134,0,3.436,15.003,0,0.226,0.236,255,255
179,59,0.238,3.620,14.872,0,3.436,15.003,0,0.226,0.238,255,255
180,59,0.205,3.305,15.108,0,3.436,15.003,0,0.168,0.191,255,255
181,60,0.269,3.331,11.016,0,3.384,11.226,0,0.216,0.244,255,255
182,61,0.153,3.384,1.600,0,3.515,1.600,0,0.131,0.133,255,255
183,62,0.153,3.384,23.239,0,3.462,23.344,0,0.131,0.141,255,255
184,63,0.090,3.436,15.344,0,3.515,15.318,0,0.083,0.083,255,255
185,64,0.175,3.515,21.010,0,3.620,21.141,0,0.168,0.178,255,255
186,65,0.105,3.620,13.744,0,3.725,13.744,0,0.105,0.105,255,255
187,66,0.190,3.830,24.839,0,3.751,24.997,0,0.176,0.189,255,255
188,66,0.153,3.620,25.049,0,3.751,24.997,0,0.141,0.152,255,255
189,66,0.127,3.830,25.075,0,3.751,24.997,0,0.111,0.113,255,255
190,67,0.823,3.698,13.246,0,4.170,12.695,0,0.725,0.775,255,255
191,67,0.716,4.354,12.013,0,4.852,11.830,0,0.531,0.605,255,255
192,67,0.478,4.879,12.275,0,4.852,11.830,0,0.447,0.459,255,255
193,67,0.450,4.092,12.354,0,4.354,12.013,0,0.430,0.367,255,255
194,67,0.391,5.167,11.646,0,4.852,11.830,0,0.364,0.377,255,255
195,67,0.391,4.459,12.249,0,4.144,12.433,0,0.364,0.367,255,255
196,67,0.363,3.751,12.407,0,4.092,12.354,0,0.345,0.348,255,255
197,67,0.354,4.433,12.826,0,4.590,13.115,0,0.329,0.276,255,255
198,67,0.343,4.695,12.669,0,4.433,12.826,0,0.306,0.301,255,255
199,67,0.317,4.170,12.695,0,4.433,12.826,0,0.293,0.225,255,255
200,67,0.273,4.144,12.433,0,4.170,12.695,0,0.264,0.211,255,255
201,67,0.269,4.511,13.351,0,4.590,13.115,0,0.249,0.257,255,255
202,67,0.127,4.433,12.092,0,4.354,12.013,0,0.111,0.113,255,255
203,67,0.100,4.092,12.354,0,4.144,12.433,0,0.095,0.037,255,255
204,67,0.074,4.643,13.115,0,4.590,13.115,0,0.052,0.074,255,255
205,68,0.216,3.698,20.800,0,3.777,20.616,0,0.200,0.207,255,255
206,69,1.123,3.934,15.239,0,4.905,15.449,0,0.993,1.016,255,255
207,69,0.485,5.167,15.764,0,4.905,15.449,0,0.410,0.452,255,255
208,69,0.443,5.115,15.108,0,4.905,15.449,0,0.400,0.419,255,255
209,69,0.280,3.777,15.423,0,3.934,15.239,0,0.242,0.263,255,255
210,69,0.063,3.882,15.213,0,3.934,15.239,0,0.059,0.056,255,255
211,70,0.026,3.856,6.400,0,3.882,6.400,0,0.026,0.026,255,255
212,71,0.959,3.987,7.239,0,4.433,6.820,0,0.612,0.880,255,255
213,71,0.601,3.856,6.531,0,4.354,6.636,0,0.509,0.562,255,255
214,71,0.485,4.852,6.767,0,4.433,6.820,0,0.423,0.451,255,255
215,71,0.354,4.511,6.348,0,4.354,6.636,0,0.329,0.336,255,255
216,71,0.232,4.354,6.636,0,4.433,6.820,0,0.200,0.161,255,255
217,72,1.151,4.039,2.702,0,4.459,1.784,0,1.009,1.044,255,255
218,72,0.751,3.908,1.390,0,4.459,1.784,0,0.677,0.714,255,255
219,72,0.546,4.879,2.177,0,4.511,1.784,0,0.538,0.524,255,255
220,72,0.393,5.167,1.626,0,4.774,1.626,0,0.393,0.393,255,255
221,72,0.327,4.511,1.784,0,4.774,1.626,0,0.306,0.267,255,255
222,72,0.201,4.879,1.469,0,4.774,1.626,0,0.189,0.198,255,255
223,72,0.052,4.459,1.784,0,4.511,1.784,0,0.052,0.026,255,255
224,73,0.828,3.908,10.072,0,4.590,9.915,0,0.700,0.749,255,255
225,73,0.459,5.036,9.626,0,4.643,9.784,0,0.424,0.449,255,255
226,73,0.454,4.905,10.125,0,4.590,9.915,0,0.378,0.407,255,255
227,73,0.380,4.328,9.626,0,4.643,9.784,0,0.352,0.284,255,255
228,73,0.369,4.249,9.311,0,4.328,9.626,0,0.324,0.366,255,255
229,73,0.153,4.590,9.915,0,4.643,9.784,0,0.141,0.082,255,255
230,73,0.116,4.223,9.600,0,4.328,9.626,0,0.108,0.110,255,255
231,74,0.037,4.118,0.761,0,4.144,0.734,0,0.037,0.037,255,255
232,75,0.542,4.407,14.111,0,4.905,14.216,0,0.509,0.451,255,255
233,75,0.443,4.879,13.272,0,5.062,13.587,0,0.364,0.415,255,255
234,75,0.426,4.957,13.666,0,5.036,14.059,0,0.401,0.345,255,255
235,75,0.354,4.144,14.295,0,4.407,14.111,0,0.320,0.320,255,255
236,75,0.349,5.115,14.479,0,4.905,14.216,0,0.336,0.322,255,255
237,75,0.275,4.249,13.902,0,4.407,14.111,0,0.262,0.247,255,255
238,75,0.238,5.220,13.980,0,5.036,14.059,0,0.200,0.237,255,255
239,75,0.221,4.748,13.639,0,4.957,13.666,0,0.211,0.214,255,255
240,75,0.212,4.905,14.216,0,5.036,14.059,0,0.205,0.175,255,255
241,75,0.153,5.193,13.639,0,5.062,13.587,0,0.141,0.140,255,255
242,75,0.138,4.957,13.666,0,5.062,13.587,0,0.131,0.074,255,255
243,76,0.127,4.144,25.049,0,4.197,25.154,0,0.117,0.109,255,255
244,77,0.537,4.249,17.469,0,4.302,17.049,0,0.423,0.481,255,255
245,78,0.837,5.010,23.134,0,4.485,23.344,0,0.565,0.815,255,255
246,78,0.201,4.328,23.239,0,4.485,23.344,0,0.189,0.174,255,255
247,78,0.100,4.433,23.423,0,4.485,23.344,0,0.095,0.100,255,255
248,79,1.670,5.639,5.062,0,6.977,5.770,0,1.514,1.504,255,255
249,79,1.190,4.380,4.721,0,5.430,5.010,0,1.088,1.151,255,255
250,79,1.089,5.351,3.279,0,5.954,4.118,0,1.034,1.031,255,255
251,79,1.037,4.643,5.456,0,5.430,5.010,0,0.904,0.953,255,255
252,79,1.005,7.030,4.852,0,6.977,5.770,0,0.920,0.987,255,255
253,79,0.869,5.298,3.672,0,5.928,4.249,0,0.854,0.841,255,255
254,79,0.775,5.639,5.062,0,5.928,4.407,0,0.716,0.673,255,255
255,79,0.620,6.374,4.826,0,5.928,4.407,0,0.612,0.599,255,255
256,79,0.613,6.689,4.328,0,6.216,3.987,0,0.582,0.578,255,255
257,79,0.463,5.639,5.508,0,5.639,5.062,0,0.446,0.469,255,255
258,79,0.417,6.689,3.830,0,6.348,3.803,0,0.342,0.385,255,255
259,79,0.367,6.348,3.436,0,6.348,3.803,0,0.367,0.367,255,255
260,79,0.317,5.954,4.118,0,6.216,3.987,0,0.293,0.236,255,255
261,79,0.238,7.161,5.902,0,6.977,5.770,0,0.226,0.177,255,255
262,79,0.238,6.216,3.987,0,6.348,3.803,0,0.226,0.164,255,255
263,79,0.232,5.430,5.010,0,5.639,5.062,0,0.216,0.196,255,255
264,79,0.164,5.928,4.249,0,5.954,4.118,0,0.134,0.120,255,255
265,79,0.157,5.928,4.249,0,5.928,4.407,0,0.157,0.131,255,255
266,80,0.516,4.774,22.269,0,4.669,21.797,0,0.484,0.498,255,255
267,80,0.369,4.852,21.534,0,4.669,21.797,0,0.320,0.348,255,255
268,80,0.179,4.511,21.744,0,4.669,21.797,0,0.166,0.169,255,255
269,81,0.216,4.538,10.780,0,4.669,10.649,0,0.185,0.192,255,255
270,81,0.205,4.852,10.702,0,4.669,10.649,0,0.191,0.201,255,255
271,81,0.116,4.695,10.544,0,4.669,10.649,0,0.108,0.121,255,255
272,82,0.232,4.590,17.469,0,4.643,17.259,0,0.216,0.212,255,255
273,83,1.157,4.695,18.361,0,5.430,17.600,0,1.057,1.013,255,255
274,83,0.572,5.062,18.780,0,4.695,18.361,0,0.558,0.554,255,255
275,83,0.423,5.823,17.862,0,5.508,17.600,0,0.410,0.404,255,255
276,83,0.395,5.849,17.521,0,5.508,17.600,0,0.350,0.362,255,255
277,83,0.323,5.193,17.390,0,5.430,17.600,0,0.316,0.302,255,255
278,83,0.116,4.590,18.387,0,4.695,18.361,0,0.108,0.121,255,255
279,83,0.079,5.430,17.600,0,5.508,17.600,0,0.079,0.052,255,255
280,84,0.116,4.695,24.630,0,4.800,24.603,0,0.108,0.106,255,255
281,85,0.026,4.879,20.721,0,4.905,20.721,0,0.026,0.026,255,255
282,86,0.037,4.905,16.184,0,4.931,16.157,0,0.037,0.037,255,255
283,87,0.037,4.931,20.380,0,4.957,20.407,0,0.037,0.037,255,255
284,88,0.380,5.010,22.531,0,5.141,22.820,0,0.317,0.342,255,255
285,89,1.745,6.374,9.495,0,5.403,8.367,0,1.488,1.645,255,255
286,89,0.613,5.062,8.839,0,5.403,8.367,0,0.582,0.590,255,255
287,89,0.142,5.377,8.236,0,5.403,8.367,0,0.134,0.134,255,255
288,90,0.437,5.062,23.921,0,5.456,23.816,0,0.407,0.330,255,255
289,90,0.389,5.062,24.289,0,5.062,23.921,0,0.367,0.372,255,255
290,90,0.306,5.508,23.554,0,5.456,23.816,0,0.267,0.292,255,255
291,90,0.116,5.089,23.816,0,5.062,23.921,0,0.108,0.116,255,255
292,90,0.063,5.482,23.869,0,5.456,23.816,0,0.059,0.063,255,255
293,91,0.026,5.062,24.787,0,5.089,24.787,0,0.026,0.026,255,255
294,93,0.179,5.089,21.246,0,5.246,21.298,0,0.166,0.173,255,255
295,94,0.485,5.351,10.833,0,5.770,10.675,0,0.448,0.346,255,255
296,94,0.417,5.141,10.518,0,5.351,10.833,0,0.378,0.344,255,255
297,94,0.380,5.272,11.279,0,5.325,11.016,0,0.267,0.342,255,255
298,94,0.343,5.508,11.252,0,5.325,11.016,0,0.299,0.309,255,255
299,94,0.269,6.007,10.702,0,5.770,10.675,0,0.238,0.213,255,255
300,94,0.216,5.325,11.016,0,5.351,10.833,0,0.185,0.147,255,255
301,94,0.074,5.167,10.492,0,5.141,10.518,0,0.037,0.000,0,0
302,94,0.063,5.797,10.623,0,5.770,10.675,0,0.059,0.056,255,255
303,94,0.026,5.115,10.518,0,5.141,10.518,0,0.026,0.026,255,255
304,95,0.432,5.220,1.128,0,5.430,1.390,0,0.336,0.370,255,255
305,96,0.216,5.272,2.938,0,5.377,2.780,0,0.189,0.193,255,255
306,97,0.295,5.298,20.852,0,5.561,20.774,0,0.274,0.276,255,255
307,98,0.655,5.298,21.902,0,5.692,22.348,0,0.595,0.613,255,255
308,99,0.138,5.325,22.820,0,5.430,22.898,0,0.131,0.144,255,255
309,100,0.301,5.561,22.951,0,5.744,22.741,0,0.279,0.296,255,255
310,101,0.666,6.479,11.567,0,5.980,11.200,0,0.619,0.637,255,255
311,101,0.443,5.692,11.462,0,5.980,11.200,0,0.390,0.403,255,255
312,101,0.153,5.928,11.069,0,5.980,11.200,0,0.141,0.134,255,255
313,102,0.127,5.744,19.462,0,5.849,19.410,0,0.117,0.113,255,255
314,103,0.603,5.770,13.508,0,5.875,13.980,0,0.484,0.565,255,255
315,103,0.354,6.164,14.085,0,5.875,13.980,0,0.307,0.320,255,255
316,103,0.168,5.902,14.138,0,5.875,13.980,0,0.160,0.174,255,255
317,103,0.116,5.770,13.954,0,5.875,13.980,0,0.108,0.079,255,255
318,104,0.280,5.797,9.967,0,6.033,10.072,0,0.258,0.279,255,255
319,105,0.100,5.823,16.866,0,5.902,16.866,0,0.079,0.093,255,255
320,106,0.380,5.928,18.466,0,6.085,18.780,0,0.352,0.314,255,255
321,106,0.338,5.823,18.964,0,6.085,18.780,0,0.320,0.309,255,255
322,106,0.100,6.164,18.728,0,6.085,18.780,0,0.095,0.066,255,255
323,107,1.009,5.980,6.557,0,5.849,7.187,0,0.643,0.944,255,255
324,107,0.258,6.085,7.187,0,5.849,7.187,0,0.236,0.242,255,255
325,107,0.052,5.849,7.239,0,5.849,7.187,0,0.052,0.052,255,255
326,108,0.074,5.875,16.367,0,5.928,16.315,0,0.074,0.074,255,255
327,109,0.896,6.138,11.777,0,5.849,12.485,0,0.765,0.846,255,255
328,109,0.443,5.980,12.852,0,5.849,12.485,0,0.390,0.408,255,255
329,109,0.411,6.216,12.485,0,5.849,12.485,0,0.367,0.384,255,255
330,110,0.194,6.085,16.157,0,6.269,16.184,0,0.185,0.184,255,255
331,111,0.026,6.111,22.295,0,6.111,22.321,0,0.026,0.026,255,255
332,112,0.880,6.348,24.262,0,6.374,23.502,0,0.761,0.774,255,255
333,112,0.782,6.295,25.023,0,6.348,24.262,0,0.762,0.709,255,255
334,112,0.695,6.295,25.652,0,6.295,25.023,0,0.630,0.656,255,255
335,112,0.640,6.793,25.311,0,6.295,25.023,0,0.576,0.607,255,255
336,112,0.546,6.872,24.262,0,6.348,24.262,0,0.525,0.529,255,255
337,112,0.413,6.111,23.213,0,6.374,23.502,0,0.390,0.377,255,255
338,112,0.358,6.689,23.607,0,6.374,23.502,0,0.332,0.339,255,255
339,113,1.997,6.898,7.108,0,8.446,7.318,0,1.562,1.817,255,255
340,113,1.302,9.075,7.764,0,10.177,7.318,0,1.188,1.166,255,255
341,113,0.845,6.243,7.370,0,6.898,7.108,0,0.706,0.800,255,255
342,113,0.839,8.157,6.636,0,8.446,7.318,0,0.740,0.791,255,255
343,113,0.738,10.518,6.767,0,10.177,7.318,0,0.648,0.719,255,255
344,113,0.642,6.793,6.531,0,6.898,7.108,0,0.587,0.598,255,255
345,113,0.603,9.889,8.551,0,9.416,8.551,0,0.472,0.529,255,255
346,113,0.573,9.075,7.764,0,9.075,8.315,0,0.551,0.513,255,255
347,113,0.544,9.259,9.023,0,8.997,8.603,0,0.495,0.514,255,255
348,113,0.489,8.630,7.659,0,9.075,7.764,0,0.458,0.379,255,255
349,113,0.485,8.446,7.318,0,8.630,7.659,0,0.387,0.401,255,255
350,113,0.439,9.075,8.315,0,9.416,8.551,0,0.415,0.330,255,255
351,113,0.434,8.315,7.948,0,8.630,7.659,0,0.427,0.420,255,255
352,113,0.369,10.492,7.344,0,10.177,7.318,0,0.316,0.338,255,255
353,113,0.321,8.997,8.603,0,9.075,8.315,0,0.299,0.242,255,255
354,113,0.295,8.813,9.023,0,8.839,8.761,0,0.264,0.283,255,255
355,113,0.269,9.652,8.472,0,9.416,8.551,0,0.249,0.255,255,255
356,113,0.238,8.839,8.761,0,8.997,8.603,0,0.223,0.153,255,255
357,113,0.026,8.813,8.761,0,8.839,8.761,0,0.026,0.026,255,255
358,114,0.063,6.269,7.921,0,6.321,7.948,0,0.059,0.056,255,255
359,115,0.227,6.348,18.256,0,6.505,18.387,0,0.205,0.214,255,255
360,116,0.090,6.426,14.243,0,6.505,14.216,0,0.083,0.083,255,255
361,117,0.327,6.452,19.331,0,6.715,19.174,0,0.306,0.301,255,255
362,118,0.707,7.108,15.895,0,6.636,16.262,0,0.598,0.642,255,255
363,118,0.327,6.872,16.446,0,6.636,16.262,0,0.299,0.300,255,255
364,118,0.175,6.505,16.157,0,6.636,16.262,0,0.168,0.153,255,255
365,119,0.365,6.557,13.980,0,6.846,14.164,0,0.342,0.372,255,255
366,120,0.443,6.715,9.416,0,6.793,9.049,0,0.376,0.431,255,255
367,120,0.111,6.872,8.970,0,6.793,9.049,0,0.111,0.111,255,255
368,120,0.063,6.741,9.023,0,6.793,9.049,0,0.059,0.056,255,255
369,121,0.843,7.134,12.800,0,6.846,13.508,0,0.765,0.827,255,255
370,121,0.295,6.951,13.744,0,6.846,13.508,0,0.258,0.269,255,255
371,121,0.063,6.793,13.534,0,6.846,13.508,0,0.059,0.066,255,255
372,122,0.153,6.820,17.784,0,6.820,17.915,0,0.131,0.134,255,255
373,123,0.116,6.925,23.554,0,7.030,23.528,0,0.108,0.106,255,255
374,124,0.194,7.003,17.679,0,7.187,17.705,0,0.185,0.190,255,255
375,124,0.127,7.239,17.810,0,7.187,17.705,0,0.117,0.120,255,255
376,124,0.127,7.266,17.626,0,7.187,17.705,0,0.111,0.113,255,255
377,125,0.468,7.056,23.161,0,7.502,23.213,0,0.449,0.455,255,255
378,126,1.090,8.813,9.574,0,7.895,9.915,0,0.979,1.047,255,255
379,126,0.666,7.528,9.416,0,7.895,9.915,0,0.619,0.577,255,255
380,126,0.659,7.921,8.525,0,7.659,9.075,0,0.610,0.635,255,255
381,126,0.622,7.423,10.098,0,7.895,9.915,0,0.507,0.576,255,255
382,126,0.485,7.108,9.574,0,7.528,9.416,0,0.448,0.446,255,255
383,126,0.485,8.079,9.233,0,7.659,9.075,0,0.448,0.447,255,255
384,126,0.411,7.528,9.416,0,7.659,9.075,0,0.365,0.326,255,255
385,127,0.026,7.266,22.269,0,7.292,22.269,0,0.026,0.026,255,255
386,128,1.020,7.475,14.216,0,8.420,14.190,0,0.945,0.932,255,255
387,128,0.434,8.734,14.479,0,8.420,14.190,0,0.427,0.413,255,255
388,128,0.422,8.787,14.164,0,8.420,14.190,0,0.368,0.382,255,255
389,128,0.295,7.475,14.216,0,7.554,14.479,0,0.274,0.248,255,255
390,128,0.286,7.292,14.007,0,7.475,14.216,0,0.279,0.265,255,255
391,128,0.138,7.659,14.557,0,7.554,14.479,0,0.131,0.124,255,255
392,128,0.063,7.528,14.531,0,7.554,14.479,0,0.059,0.063,255,255
393,129,0.642,7.711,18.308,0,7.554,18.885,0,0.598,0.625,255,255
394,129,0.432,7.554,18.885,0,7.921,19.043,0,0.400,0.349,255,255
395,129,0.365,8.210,18.911,0,7.921,19.043,0,0.317,0.328,255,255
396,129,0.327,7.292,19.043,0,7.554,18.885,0,0.306,0.311,255,255
397,129,0.100,8.000,19.095,0,7.921,19.043,0,0.095,0.093,255,255
398,130,0.063,7.344,8.551,0,7.370,8.603,0,0.059,0.056,255,255
399,131,1.089,8.997,16.289,0,8.184,16.918,0,1.028,1.047,255,255
400,131,1.047,7.948,15.974,0,8.000,16.866,0,0.893,1.003,255,255
401,131,0.692,7.449,16.525,0,8.000,16.866,0,0.648,0.663,255,255
402,131,0.633,7.502,17.102,0,8.000,16.866,0,0.551,0.590,255,255
403,131,0.579,8.210,17.443,0,8.184,16.918,0,0.525,0.568,255,255
404,131,0.199,8.000,16.866,0,8.184,16.918,0,0.191,0.079,255,255
405,132,0.090,7.475,6.085,0,7.554,6.111,0,0.083,0.080,255,255
406,133,0.052,7.502,16.236,0,7.554,16.236,0,0.052,0.052,255,255
407,134,0.153,7.554,8.131,0,7.554,8.262,0,0.131,0.147,255,255
408,135,0.638,7.554,12.905,0,8.052,12.643,0,0.563,0.591,255,255
409,135,0.369,8.367,12.774,0,8.052,12.643,0,0.341,0.354,255,255
410,135,0.284,8.000,12.380,0,8.052,12.643,0,0.267,0.273,255,255
411,136,1.053,8.079,4.328,0,8.079,5.272,0,0.944,0.993,255,255
412,136,0.784,7.948,6.138,0,7.921,5.430,0,0.709,0.740,255,255
413,136,0.775,8.630,4.879,0,8.079,5.272,0,0.677,0.697,255,255
414,136,0.395,7.580,5.298,0,7.921,5.430,0,0.365,0.356,255,255
415,136,0.253,7.921,5.430,0,8.079,5.272,0,0.223,0.158,255,255
416,137,0.153,7.633,3.489,0,7.764,3.541,0,0.141,0.156,255,255
417,138,0.437,8.079,11.856,0,7.685,11.803,0,0.397,0.412,255,255
418,138,0.037,7.659,11.830,0,7.685,11.803,0,0.037,0.037,255,255
419,138,0.026,7.685,11.803,0,7.685,11.803,0,0.000,0.000,0,0
420,139,0.275,7.685,15.528,0,7.869,15.711,0,0.260,0.261,255,255
421,140,0.469,7.685,23.213,0,8.026,23.030,0,0.387,0.436,255,255
422,141,0.659,7.843,23.764,0,8.367,23.738,0,0.525,0.589,255,255
423,142,0.865,9.757,2.754,0,9.652,3.489,0,0.742,0.801,255,255
424,142,0.762,8.970,3.016,0,9.548,3.462,0,0.729,0.677,255,255
425,142,0.760,8.944,3.803,0,9.548,3.462,0,0.693,0.710,255,255
426,142,0.659,10.072,4.092,0,9.784,3.567,0,0.599,0.621,255,255
427,142,0.644,9.338,2.570,0,8.970,3.016,0,0.578,0.626,255,255
428,142,0.633,10.256,3.252,0,9.784,3.567,0,0.567,0.584,255,255
429,142,0.627,8.236,3.436,0,8.682,3.148,0,0.531,0.512,255,255
430,142,0.380,8.682,3.148,0,8.970,3.016,0,0.317,0.278,255,255
431,142,0.347,8.210,3.751,0,8.236,3.436,0,0.316,0.351,255,255
432,142,0.332,8.105,3.095,0,8.157,3.384,0,0.293,0.345,255,255
433,142,0.253,7.974,3.252,0,8.157,3.384,0,0.226,0.226,255,255
434,142,0.164,9.652,3.489,0,9.784,3.567,0,0.153,0.087,255,255
435,142,0.116,9.548,3.462,0,9.652,3.489,0,0.108,0.052,255,255
436,142,0.100,8.157,3.384,0,8.236,3.436,0,0.095,0.037,255,255
437,142,0.090,8.708,3.069,0,8.682,3.148,0,0.083,0.083,255,255
438,143,0.142,8.052,14.925,0,8.184,14.898,0,0.134,0.137,255,255
439,144,0.090,8.367,10.938,0,8.446,10.911,0,0.083,0.080,255,255
440,145,0.026,8.472,22.977,0,8.498,22.977,0,0.026,0.026,255,255
441,146,0.142,8.630,10.623,0,8.761,10.649,0,0.134,0.148,255,255
442,147,1.002,8.630,18.990,0,9.102,18.334,0,0.808,0.931,255,255
443,148,0.764,9.784,25.180,0,9.128,24.918,0,0.706,0.731,255,255
444,148,0.738,9.207,25.810,0,9.049,25.180,0,0.649,0.673,255,255
445,148,0.677,8.708,24.446,0,9.128,24.918,0,0.632,0.657,255,255
446,148,0.358,8.734,25.285,0,9.049,25.180,0,0.332,0.336,255,255
447,148,0.295,9.049,25.180,0,9.128,24.918,0,0.274,0.219,255,255
448,149,0.026,8.761,20.800,0,8.761,20.826,0,0.026,0.026,255,255
449,150,0.959,9.731,15.502,0,10.098,16.262,0,0.845,0.800,255,255
450,150,0.957,8.839,15.659,0,9.731,15.502,0,0.906,0.924,255,255
451,150,0.871,10.675,14.348,0,10.387,15.056,0,0.765,0.836,255,255
452,150,0.819,9.495,14.584,0,9.889,15.239,0,0.765,0.767,255,255
453,150,0.725,10.361,15.816,0,10.098,15.266,0,0.610,0.671,255,255
454,150,0.620,9.338,15.921,0,9.731,15.502,0,0.575,0.610,255,255
455,150,0.443,10.754,15.239,0,10.387,15.056,0,0.411,0.403,255,255
456,150,0.441,10.046,16.682,0,10.098,16.262,0,0.423,0.431,255,255
457,150,0.391,10.098,15.266,0,10.387,15.056,0,0.357,0.319,255,255
458,150,0.352,9.731,15.502,0,9.889,15.239,0,0.306,0.218,255,255
459,150,0.221,9.889,15.239,0,10.098,15.266,0,0.211,0.131,255,255
460,150,0.100,10.177,16.315,0,10.098,16.262,0,0.095,0.093,255,255
461,151,1.024,9.548,20.616,0,8.892,19.987,0,0.909,0.921,255,255
462,151,0.074,8.918,19.961,0,8.892,19.987,0,0.037,0.000,0,0
463,151,0.052,8.839,19.987,0,8.892,19.987,0,0.052,0.052,255,255
464,152,0.168,8.970,16.813,0,9.128,16.839,0,0.160,0.158,255,255
465,153,0.127,8.970,19.331,0,8.970,19.436,0,0.105,0.108,255,255
466,154,0.079,9.023,17.574,0,9.023,17.652,0,0.079,0.079,255,255
467,156,0.074,9.075,13.508,0,9.128,13.561,0,0.074,0.074,255,255
468,157,0.090,9.075,14.269,0,9.154,14.295,0,0.083,0.083,255,255
469,158,0.063,9.075,19.200,0,9.102,19.252,0,0.059,0.066,255,255
470,159,0.175,9.075,19.593,0,9.180,19.725,0,0.168,0.182,255,255
471,160,0.638,9.180,12.616,0,9.416,13.036,0,0.482,0.546,255,255
472,160,0.528,9.600,12.354,0,9.180,12.616,0,0.495,0.505,255,255
473,160,0.258,9.652,13.036,0,9.416,13.036,0,0.236,0.243,255,255
474,160,0.127,9.469,13.141,0,9.416,13.036,0,0.117,0.120,255,255
475,160,0.100,9.128,12.538,0,9.180,12.616,0,0.095,0.087,255,255
476,161,0.452,9.233,11.489,0,9.207,11.908,0,0.420,0.400,255,255
477,161,0.358,9.521,11.803,0,9.207,11.908,0,0.332,0.314,255,255
478,161,0.179,9.154,12.066,0,9.207,11.908,0,0.166,0.176,255,255
479,162,0.448,9.233,14.007,0,9.521,13.823,0,0.342,0.402,255,255
480,163,0.052,9.233,19.331,0,9.233,19.384,0,0.052,0.052,255,255
481,164,0.837,10.256,22.741,0,11.016,22.872,0,0.772,0.779,255,255
482,164,0.756,9.941,24.289,0,9.889,23.554,0,0.736,0.740,255,255
483,164,0.707,9.784,23.161,0,10.256,22.741,0,0.632,0.602,255,255
484,164,0.655,9.836,21.692,0,10.230,22.138,0,0.595,0.543,255,255
485,164,0.640,10.387,23.895,0,9.889,23.554,0,0.604,0.620,255,255
486,164,0.636,10.230,22.138,0,10.256,22.741,0,0.604,0.564,255,255
487,164,0.613,10.518,21.666,0,10.230,22.138,0,0.553,0.580,255,255
488,164,0.487,9.285,22.767,0,9.574,23.134,0,0.467,0.455,255,255
489,164,0.437,9.784,23.161,0,9.889,23.554,0,0.407,0.346,255,255
490,164,0.349,11.226,22.610,0,11.016,22.872,0,0.336,0.361,255,255
491,164,0.301,11.252,23.030,0,11.016,22.872,0,0.284,0.273,255,255
492,164,0.227,9.652,21.587,0,9.836,21.692,0,0.211,0.206,255,255
493,164,0.221,9.574,23.134,0,9.784,23.161,0,0.211,0.157,255,255
494,164,0.179,9.889,21.534,0,9.836,21.692,0,0.166,0.185,255,255
495,164,0.153,9.469,23.213,0,9.574,23.134,0,0.131,0.139,255,255
496,165,0.769,9.705,6.452,0,9.679,5.797,0,0.656,0.742,255,255
497,165,0.734,9.311,5.246,0,9.679,5.797,0,0.662,0.688,255,255
498,165,0.568,10.203,5.849,0,9.679,5.797,0,0.527,0.551,255,255
499,166,0.100,9.338,16.367,0,9.416,16.315,0,0.095,0.106,255,255
500,167,2.306,12.066,11.305,0,10.230,10.702,0,1.933,2.185,255,255
501,167,0.677,9.495,10.544,0,10.151,10.597,0,0.658,0.667,255,255
502,167,0.343,10.098,10.990,0,10.230,10.702,0,0.317,0.311,255,255
503,167,0.175,10.151,10.597,0,10.230,10.702,0,0.131,0.111,255,255
504,167,0.100,10.203,10.518,0,10.151,10.597,0,0.095,0.104,255,255
505,168,0.100,9.521,21.377,0,9.600,21.430,0,0.095,0.087,255,255
506,169,1.332,11.646,19.567,0,10.439,19.515,0,1.208,1.248,255,255
507,169,0.587,9.784,19.856,0,10.072,19.410,0,0.531,0.545,255,255
508,169,0.548,10.623,19.987,0,10.439,19.515,0,0.507,0.541,255,255
509,169,0.502,9.679,19.148,0,10.072,19.410,0,0.473,0.363,255,255
510,169,0.498,9.862,18.807,0,10.230,19.121,0,0.484,0.413,255,255
511,169,0.450,10.518,18.807,0,10.230,19.121,0,0.427,0.430,255,255
512,169,0.306,10.230,19.121,0,10.282,19.384,0,0.267,0.227,255,255
513,169,0.275,10.282,19.384,0,10.439,19.515,0,0.205,0.179,255,255
514,169,0.221,10.072,19.410,0,10.282,19.384,0,0.211,0.184,255,255
515,169,0.142,9.705,19.016,0,9.679,19.148,0,0.134,0.142,255,255
516,169,0.090,9.810,18.859,0,9.862,18.807,0,0.074,0.082,255,255
517,169,0.026,9.652,19.148,0,9.679,19.148,0,0.026,0.026,255,255
518,169,0.026,9.862,18.780,0,9.862,18.807,0,0.026,0.026,255,255
519,169,0.026,10.413,19.515,0,10.439,19.515,0,0.026,0.026,255,255
520,170,0.227,9.679,9.102,0,9.862,9.207,0,0.211,0.202,255,255
521,171,0.153,9.862,18.256,0,9.810,18.387,0,0.141,0.147,255,255
522,171,0.090,9.731,18.361,0,9.810,18.387,0,0.083,0.083,255,255
523,171,0.090,9.862,18.439,0,9.810,18.387,0,0.074,0.082,255,255
524,172,0.148,9.757,1.600,0,9.862,1.495,0,0.148,0.148,255,255
525,173,0.354,9.784,13.875,0,10.072,14.033,0,0.329,0.325,255,255
526,174,0.179,9.993,4.433,0,10.151,4.380,0,0.166,0.161,255,255
527,175,0.138,10.046,18.361,0,10.151,18.439,0,0.131,0.120,255,255
528,176,0.647,10.544,9.390,0,10.256,9.810,0,0.509,0.632,255,255
529,176,0.402,10.544,10.046,0,10.256,9.810,0,0.373,0.368,255,255
530,176,0.175,10.125,9.915,0,10.256,9.810,0,0.168,0.153,255,255
531,177,0.253,10.125,25.102,0,10.177,25.311,0,0.216,0.249,255,255
532,178,0.797,11.751,7.607,0,12.407,7.528,0,0.660,0.696,255,255
533,178,0.749,11.252,8.026,0,11.751,7.607,0,0.652,0.669,255,255
534,178,0.622,10.203,8.472,0,10.544,8.682,0,0.400,0.568,255,255
535,178,0.548,10.544,8.682,0,10.885,8.420,0,0.430,0.453,255,255
536,178,0.502,11.830,6.925,0,11.541,7.292,0,0.467,0.467,255,255
537,178,0.485,12.879,7.764,0,12.485,7.580,0,0.434,0.452,255,255
538,178,0.485,11.541,7.292,0,11.751,7.607,0,0.378,0.396,255,255
539,178,0.450,10.885,8.420,0,11.200,8.131,0,0.427,0.402,255,255
540,178,0.413,10.649,8.105,0,10.885,8.420,0,0.393,0.331,255,255
541,178,0.306,10.387,8.000,0,10.649,8.105,0,0.283,0.291,255,255
542,178,0.299,12.511,7.869,0,12.485,7.580,0,0.290,0.295,255,255
543,178,0.264,11.252,7.056,0,11.331,7.266,0,0.224,0.243,255,255
544,178,0.221,11.331,7.266,0,11.541,7.292,0,0.211,0.132,255,255
545,178,0.194,10.570,8.498,0,10.544,8.682,0,0.185,0.200,255,255
546,178,0.190,10.728,7.948,0,10.649,8.105,0,0.176,0.152,255,255
547,178,0.127,11.148,8.026,0,11.252,8.026,0,0.105,0.109,255,255
548,178,0.127,11.200,8.131,0,11.252,8.026,0,0.117,0.026,255,255
549,178,0.100,12.407,7.449,0,12.407,7.528,0,0.079,0.093,255,255
550,178,0.100,12.407,7.528,0,12.485,7.580,0,0.095,0.037,255,255
551,178,0.090,11.252,8.184,0,11.200,8.131,0,0.074,0.082,255,255
552,178,0.063,11.279,7.292,0,11.331,7.266,0,0.059,0.056,255,255
553,179,1.288,11.331,17.889,0,11.934,18.911,0,1.188,1.193,255,255
554,179,1.269,10.203,17.810,0,11.331,17.889,0,1.131,1.185,255,255
555,179,0.772,11.934,17.469,0,11.331,17.889,0,0.735,0.740,255,255
556,179,0.731,10.807,17.259,0,11.305,17.784,0,0.724,0.710,255,255
557,179,0.568,11.934,19.436,0,11.934,18.911,0,0.525,0.535,255,255
558,179,0.513,11.620,17.416,0,11.305,17.784,0,0.484,0.504,255,255
559,179,0.190,12.092,18.885,0,11.934,18.911,0,0.160,0.178,255,255
560,179,0.138,11.305,17.784,0,11.331,17.889,0,0.108,0.074,255,255
561,180,0.422,10.256,20.564,0,10.597,20.511,0,0.345,0.386,255,255
562,180,0.227,10.702,20.695,0,10.597,20.511,0,0.211,0.202,255,255
563,180,0.052,10.597,20.459,0,10.597,20.511,0,0.052,0.052,255,255
564,181,0.063,10.334,24.866,0,10.361,24.813,0,0.059,0.056,255,255
565,182,1.743,11.305,21.325,0,12.774,21.141,0,1.480,1.562,255,255
566,182,1.343,12.380,20.800,0,12.774,19.672,0,1.195,1.187,255,255
567,182,1.084,13.193,18.911,0,13.403,17.915,0,1.019,0.980,255,255
568,182,1.038,10.387,21.089,0,11.305,21.220,0,0.927,0.976,255,255
569,182,0.996,12.774,19.672,0,13.193,18.911,0,0.869,0.855,255,255
570,182,0.959,11.305,21.220,0,11.357,20.407,0,0.815,0.867,255,255
571,182,0.795,14.033,17.731,0,13.403,17.915,0,0.656,0.754,255,255
572,182,0.725,13.246,21.246,0,13.928,21.351,0,0.690,0.641,255,255
573,182,0.701,13.141,21.141,0,13.377,20.538,0,0.648,0.562,255,255
574,182,0.644,13.534,21.770,0,13.246,21.246,0,0.599,0.601,255,255
575,182,0.627,11.121,21.875,0,11.305,21.325,0,0.581,0.594,255,255
576,182,0.622,13.875,20.275,0,13.377,20.538,0,0.563,0.562,255,255
577,182,0.535,12.380,20.800,0,12.774,21.141,0,0.521,0.445,255,255
578,182,0.367,12.774,21.141,0,13.141,21.141,0,0.367,0.315,255,255
579,182,0.354,13.246,17.679,0,13.403,17.915,0,0.284,0.318,255,255
580,182,0.238,12.957,19.803,0,12.774,19.672,0,0.226,0.217,255,255
581,182,0.232,13.403,18.911,0,13.193,18.911,0,0.210,0.216,255,255
582,182,0.205,13.928,21.534,0,13.928,21.351,0,0.184,0.201,255,255
583,182,0.201,11.462,20.249,0,11.357,20.407,0,0.189,0.180,255,255
584,182,0.190,11.200,20.328,0,11.357,20.407,0,0.176,0.171,255,255
585,182,0.190,13.298,20.380,0,13.377,20.538,0,0.176,0.175,255,255
586,182,0.148,13.141,21.141,0,13.246,21.246,0,0.148,0.074,255,255
587,182,0.131,12.249,20.800,0,12.380,20.800,0,0.131,0.131,255,255
588,182,0.127,11.305,21.220,0,11.305,21.325,0,0.105,0.063,255,255
589,182,0.116,14.033,21.325,0,13.928,21.351,0,0.108,0.119,255,255
590,183,0.965,10.413,24.551,0,11.121,24.131,0,0.823,0.906,255,255
591,184,0.692,10.492,17.180,0,10.570,16.682,0,0.505,0.640,255,255
592,184,0.564,10.492,16.210,0,10.570,16.682,0,0.479,0.532,255,255
593,184,0.284,10.570,16.682,0,10.833,16.734,0,0.267,0.196,255,255
594,184,0.201,10.964,16.866,0,10.833,16.734,0,0.185,0.175,255,255
595,184,0.153,10.964,16.682,0,10.833,16.734,0,0.141,0.150,255,255
596,185,0.601,11.384,3.279,0,10.859,3.095,0,0.556,0.561,255,255
597,185,0.422,10.544,3.279,0,10.859,3.095,0,0.364,0.386,255,255
598,185,0.063,10.833,3.043,0,10.859,3.095,0,0.059,0.056,255,255
599,186,0.116,10.570,13.167,0,10.649,13.115,0,0.095,0.104,255,255
600,187,0.517,11.226,6.295,0,10.990,5.875,0,0.482,0.492,255,255
601,187,0.459,10.597,5.718,0,10.990,5.875,0,0.424,0.430,255,255
602,187,0.242,11.016,5.666,0,10.990,5.875,0,0.211,0.226,255,255
603,188,0.306,10.649,11.593,0,10.754,11.331,0,0.283,0.304,255,255
604,189,0.037,10.728,13.718,0,10.754,13.692,0,0.037,0.037,255,255
605,190,0.153,10.754,12.170,0,10.807,12.039,0,0.141,0.152,255,255
606,191,0.908,12.092,16.682,0,11.672,15.948,0,0.846,0.879,255,255
607,191,0.596,12.144,15.370,0,11.908,15.869,0,0.551,0.573,255,255
608,191,0.517,10.859,16.026,0,11.252,15.764,0,0.473,0.393,255,255
609,191,0.496,11.252,15.764,0,11.672,15.948,0,0.458,0.440,255,255
610,191,0.321,11.174,15.475,0,11.252,15.764,0,0.299,0.296,255,255
611,191,0.312,12.144,16.052,0,11.908,15.869,0,0.299,0.291,255,255
612,191,0.269,11.672,15.948,0,11.908,15.869,0,0.249,0.216,255,255
613,191,0.153,10.938,16.131,0,10.859,16.026,0,0.131,0.139,255,255
614,191,0.063,10.807,16.052,0,10.859,16.026,0,0.059,0.066,255,255
615,192,0.321,11.148,25.128,0,11.069,24.839,0,0.299,0.307,255,255
616,192,0.317,11.069,24.839,0,11.279,24.656,0,0.279,0.233,255,255
617,192,0.280,10.833,24.734,0,11.069,24.839,0,0.258,0.256,255,255
618,192,0.249,11.121,24.472,0,11.279,24.656,0,0.242,0.228,255,255
619,192,0.153,11.410,24.603,0,11.279,24.656,0,0.141,0.150,255,255
620,193,0.358,11.357,6.610,0,11.043,6.662,0,0.319,0.329,255,255
621,193,0.168,10.885,6.689,0,11.043,6.662,0,0.160,0.158,255,255
622,193,0.138,11.121,6.767,0,11.043,6.662,0,0.131,0.124,255,255
623,194,1.247,11.016,4.354,0,11.803,5.167,0,1.132,1.104,255,255
624,194,0.706,12.984,4.879,0,12.354,5.010,0,0.643,0.629,255,255
625,194,0.550,12.380,5.587,0,12.039,5.193,0,0.521,0.511,255,255
626,194,0.496,10.990,3.934,0,11.016,4.354,0,0.420,0.465,255,255
627,194,0.391,12.039,5.193,0,12.354,5.010,0,0.364,0.287,255,255
628,194,0.386,11.567,5.456,0,11.803,5.167,0,0.373,0.298,255,255
629,194,0.384,11.672,5.797,0,11.567,5.456,0,0.357,0.384,255,255
630,194,0.365,12.170,4.721,0,12.354,5.010,0,0.342,0.335,255,255
631,194,0.284,10.964,4.616,0,11.016,4.354,0,0.267,0.266,255,255
632,194,0.247,11.803,5.167,0,12.039,5.193,0,0.238,0.157,255,255
633,194,0.090,11.489,5.482,0,11.567,5.456,0,0.083,0.083,255,255
634,195,0.332,11.016,0.210,0,11.305,0.157,0,0.293,0.302,255,255
635,196,0.037,11.174,13.613,0,11.200,13.639,0,0.037,0.037,255,255
636,197,0.970,11.856,25.311,0,12.485,24.839,0,0.787,0.832,255,255
637,197,0.858,11.331,25.626,0,11.856,25.311,0,0.612,0.794,255,255
638,197,0.327,12.721,25.023,0,12.485,24.839,0,0.299,0.265,255,255
639,197,0.317,11.620,25.705,0,11.856,25.548,0,0.284,0.289,255,255
640,197,0.258,11.856,25.311,0,11.856,25.548,0,0.236,0.195,255,255
641,197,0.127,11.961,25.600,0,11.856,25.548,0,0.117,0.113,255,255
642,197,0.063,12.511,24.787,0,12.485,24.839,0,0.059,0.056,255,255
643,198,0.555,12.380,10.780,0,11.934,10.570,0,0.493,0.508,255,255
644,198,0.441,11.515,10.623,0,11.934,10.570,0,0.423,0.345,255,255
645,198,0.336,11.934,10.570,0,11.987,10.256,0,0.319,0.236,255,255
646,198,0.301,12.144,10.020,0,11.987,10.256,0,0.284,0.259,255,255
647,198,0.269,11.751,10.230,0,11.987,10.256,0,0.238,0.254,255,255
648,198,0.205,11.567,10.807,0,11.515,10.623,0,0.191,0.201,255,255
649,198,0.142,11.384,10.649,0,11.515,10.623,0,0.134,0.137,255,255
650,199,0.074,11.410,14.925,0,11.462,14.872,0,0.074,0.074,255,255
651,200,0.533,11.462,8.420,0,11.882,8.656,0,0.482,0.489,255,255
652,200,0.502,12.275,8.551,0,12.066,8.892,0,0.400,0.463,255,255
653,200,0.389,12.511,9.180,0,12.144,9.233,0,0.371,0.393,255,255
654,200,0.349,11.803,9.390,0,12.066,9.180,0,0.336,0.322,255,255
655,200,0.327,11.882,8.656,0,12.066,8.892,0,0.299,0.266,255,255
656,200,0.310,12.066,8.892,0,12.066,9.180,0,0.289,0.247,255,255
657,200,0.275,12.039,8.446,0,11.882,8.656,0,0.262,0.230,255,255
658,200,0.264,12.144,9.233,0,12.275,9.443,0,0.247,0.171,255,255
659,200,0.194,12.302,9.626,0,12.275,9.443,0,0.185,0.190,255,255
660,200,0.164,12.407,9.521,0,12.275,9.443,0,0.153,0.146,255,255
661,200,0.100,12.066,9.180,0,12.144,9.233,0,0.095,0.037,255,255
662,201,0.164,11.489,14.452,0,11.620,14.531,0,0.153,0.158,255,255
663,202,0.052,11.489,15.187,0,11.541,15.187,0,0.052,0.052,255,255
664,203,0.037,11.489,22.243,0,11.515,22.216,0,0.037,0.037,255,255
665,204,0.227,11.515,3.436,0,11.620,3.252,0,0.211,0.222,255,255
666,205,0.317,11.541,13.902,0,11.803,13.770,0,0.293,0.295,255,255
667,206,0.190,11.593,2.623,0,11.751,2.702,0,0.176,0.194,255,255
668,207,0.970,11.751,22.951,0,12.564,22.715,0,0.847,0.875,255,255
669,207,0.153,11.620,23.003,0,11.751,22.951,0,0.141,0.156,255,255
670,207,0.100,11.830,23.003,0,11.751,22.951,0,0.095,0.056,255,255
671,207,0.090,12.643,22.689,0,12.564,22.715,0,0.083,0.082,255,255
672,207,0.063,12.590,22.767,0,12.564,22.715,0,0.059,0.063,255,255
673,208,0.564,12.905,22.898,0,12.748,23.397,0,0.523,0.537,255,255
674,208,0.533,11.934,23.816,0,12.380,23.659,0,0.473,0.492,255,255
675,208,0.522,12.380,23.659,0,12.748,23.397,0,0.451,0.360,255,255
676,208,0.476,12.643,24.026,0,12.380,23.659,0,0.451,0.452,255,255
677,208,0.386,12.984,23.685,0,12.748,23.397,0,0.373,0.322,255,255
678,209,0.127,11.961,3.016,0,12.066,3.069,0,0.117,0.116,255,255
679,210,0.450,11.987,22.348,0,12.249,22.007,0,0.430,0.455,255,255
680,211,0.559,12.170,1.521,0,12.616,1.705,0,0.482,0.514,255,255
681,212,0.537,12.170,13.744,0,12.511,13.980,0,0.415,0.498,255,255
682,213,0.205,12.170,17.652,0,12.223,17.469,0,0.191,0.190,255,255
683,214,0.037,12.223,8.262,0,12.249,8.289,0,0.037,0.037,255,255
684,215,0.754,12.485,3.751,0,13.062,4.066,0,0.657,0.686,255,255
685,215,0.190,12.328,3.725,0,12.485,3.751,0,0.160,0.171,255,255
686,215,0.190,12.407,3.593,0,12.485,3.751,0,0.176,0.145,255,255
687,215,0.153,13.062,4.197,0,13.062,4.066,0,0.131,0.147,255,255
688,215,0.079,13.141,4.066,0,13.062,4.066,0,0.079,0.079,255,255
689,216,0.258,12.354,0.734,0,12.590,0.787,0,0.242,0.241,255,255
690,217,0.127,12.433,11.593,0,12.538,11.541,0,0.117,0.127,255,255
691,218,0.732,12.433,13.115,0,13.089,13.193,0,0.660,0.705,255,255
692,218,0.568,13.193,13.718,0,13.089,13.193,0,0.535,0.557,255,255
693,218,0.336,13.403,13.246,0,13.089,13.193,0,0.319,0.327,255,255
694,219,1.055,12.721,15.344,0,13.167,16.184,0,0.950,0.916,255,255
695,219,0.491,13.456,16.079,0,13.377,16.420,0,0.350,0.441,255,255
696,219,0.448,12.800,16.341,0,13.167,16.184,0,0.400,0.411,255,255
697,219,0.441,13.770,16.682,0,13.377,16.551,0,0.415,0.434,255,255
698,219,0.326,13.062,16.525,0,13.377,16.551,0,0.316,0.318,255,255
699,219,0.323,13.167,16.184,0,13.377,16.420,0,0.316,0.198,255,255
700,219,0.299,12.433,15.370,0,12.721,15.344,0,0.290,0.290,255,255
701,219,0.280,12.852,15.134,0,12.721,15.344,0,0.247,0.283,255,255
702,219,0.242,13.403,16.761,0,13.377,16.551,0,0.211,0.248,255,255
703,219,0.153,13.377,16.420,0,13.377,16.551,0,0.131,0.117,255,255
704,220,1.275,12.511,6.610,0,13.298,6.138,0,0.918,1.201,255,255
705,220,0.142,13.430,6.111,0,13.298,6.138,0,0.134,0.147,255,255
706,220,0.127,13.351,6.033,0,13.298,6.138,0,0.117,0.120,255,255
707,221,0.026,12.511,14.741,0,12.511,14.767,0,0.026,0.026,255,255
708,222,0.052,12.511,16.918,0,12.511,16.970,0,0.052,0.052,255,255
709,223,0.175,12.616,10.177,0,12.669,10.046,0,0.141,0.169,255,255
710,224,0.258,12.826,2.256,0,13.062,2.256,0,0.236,0.243,255,255
711,225,0.105,12.879,16.944,0,12.984,16.944,0,0.105,0.105,255,255
712,226,0.707,12.905,9.259,0,13.220,9.784,0,0.612,0.685,255,255
713,227,0.738,13.193,10.990,0,13.823,11.148,0,0.649,0.636,255,255
714,227,0.406,14.321,11.410,0,13.980,11.252,0,0.376,0.376,255,255
715,227,0.253,13.823,11.148,0,13.980,11.252,0,0.189,0.172,255,255
716,227,0.205,13.928,11.436,0,13.980,11.252,0,0.191,0.201,255,255
717,227,0.127,13.115,10.911,0,13.193,10.990,0,0.111,0.108,255,255
718,227,0.127,13.875,11.043,0,13.823,11.148,0,0.117,0.131,255,255
719,227,0.079,13.193,11.069,0,13.193,10.990,0,0.079,0.079,255,255
720,228,0.063,13.141,0.761,0,13.167,0.813,0,0.059,0.056,255,255
721,229,0.216,13.167,10.230,0,13.193,10.046,0,0.185,0.191,255,255
722,230,0.269,13.193,22.452,0,13.430,22.374,0,0.249,0.244,255,255
723,231,0.238,13.220,2.544,0,13.377,2.387,0,0.223,0.221,255,255
724,232,1.553,14.059,5.246,0,15.292,5.692,0,1.311,1.403,255,255
725,232,0.716,14.085,4.538,0,13.875,5.167,0,0.664,0.682,255,255
726,232,0.550,13.220,4.957,0,13.639,5.272,0,0.525,0.529,255,255
727,232,0.533,14.269,5.692,0,14.059,5.246,0,0.493,0.504,255,255
728,232,0.413,15.528,6.007,0,15.292,5.692,0,0.393,0.397,255,255
729,232,0.327,13.482,5.534,0,13.639,5.272,0,0.306,0.279,255,255
730,232,0.317,15.502,5.508,0,15.292,5.692,0,0.279,0.285,255,255
731,232,0.280,13.639,5.272,0,13.875,5.167,0,0.258,0.221,255,255
732,232,0.216,13.875,5.167,0,14.059,5.246,0,0.200,0.162,255,255
733,233,0.037,13.246,21.980,0,13.272,21.954,0,0.037,0.037,255,255
734,234,0.638,14.111,1.810,0,13.849,1.311,0,0.563,0.594,255,255
735,234,0.544,14.085,0.866,0,13.849,1.311,0,0.505,0.515,255,255
736,234,0.354,13.613,1.521,0,13.849,1.311,0,0.316,0.277,255,255
737,234,0.216,13.430,1.600,0,13.613,1.521,0,0.200,0.206,255,255
738,234,0.127,13.666,1.626,0,13.613,1.521,0,0.117,0.120,255,255
739,235,1.721,14.321,23.528,0,15.266,22.321,0,1.532,1.568,255,255
740,235,0.976,15.213,23.869,0,15.816,23.266,0,0.853,0.849,255,255
741,235,0.946,13.430,23.554,0,14.321,23.528,0,0.892,0.908,255,255
742,235,0.896,15.974,24.184,0,16.236,23.397,0,0.829,0.784,255,255
743,235,0.805,15.161,23.056,0,14.610,23.633,0,0.798,0.784,255,255
744,235,0.688,15.502,23.239,0,15.082,23.738,0,0.652,0.667,255,255
745,235,0.649,15.423,21.508,0,15.659,22.059,0,0.599,0.612,255,255
746,235,0.607,15.685,24.157,0,15.213,23.869,0,0.553,0.559,255,255
747,235,0.516,14.610,23.633,0,15.082,23.738,0,0.484,0.438,255,255
748,235,0.474,15.816,23.266,0,16.236,23.397,0,0.440,0.381,255,255
749,235,0.378,15.239,21.954,0,15.266,22.321,0,0.368,0.289,255,255
750,235,0.365,15.633,22.610,0,15.502,22.321,0,0.317,0.321,255,255
751,235,0.347,15.213,21.639,0,15.239,21.954,0,0.316,0.325,255,255
752,235,0.332,14.321,23.528,0,14.610,23.633,0,0.307,0.255,255,255
753,235,0.327,15.502,22.321,0,15.659,22.059,0,0.306,0.265,255,255
754,235,0.258,15.475,21.954,0,15.239,21.954,0,0.236,0.251,255,255
755,235,0.258,15.266,22.321,0,15.502,22.321,0,0.236,0.200,255,255
756,235,0.253,15.764,24.289,0,15.974,24.184,0,0.235,0.254,255,255
757,235,0.242,16.157,24.289,0,15.974,24.184,0,0.211,0.217,255,255
758,235,0.185,15.082,23.738,0,15.213,23.869,0,0.185,0.111,255,255
759,235,0.179,15.764,23.108,0,15.816,23.266,0,0.166,0.169,255,255
760,235,0.138,16.315,23.292,0,16.236,23.397,0,0.131,0.124,255,255
761,235,0.137,16.367,23.423,0,16.236,23.397,0,0.134,0.137,255,255
762,235,0.127,15.764,22.059,0,15.659,22.059,0,0.105,0.120,255,255
763,236,0.406,13.456,9.285,0,13.613,8.944,0,0.376,0.377,255,255
764,236,0.100,13.561,8.866,0,13.613,8.944,0,0.095,0.087,255,255
765,236,0.100,13.692,8.997,0,13.613,8.944,0,0.095,0.093,255,255
766,237,0.701,14.374,3.593,0,13.823,3.305,0,0.622,0.651,255,255
767,237,0.358,14.033,3.095,0,13.823,3.305,0,0.297,0.327,255,255
768,237,0.354,13.534,3.148,0,13.823,3.305,0,0.329,0.325,255,255
769,238,0.896,13.534,4.066,0,14.321,4.013,0,0.789,0.835,255,255
770,239,0.026,13.587,22.531,0,13.613,22.531,0,0.026,0.026,255,255
771,240,0.754,14.374,2.256,0,13.875,2.177,0,0.505,0.742,255,255
772,240,0.343,14.138,2.020,0,13.875,2.177,0,0.306,0.323,255,255
773,240,0.295,13.613,2.203,0,13.875,2.177,0,0.264,0.273,255,255
774,241,1.201,13.692,10.256,0,14.531,9.679,0,1.019,1.131,255,255
775,241,0.452,14.531,9.679,0,14.951,9.757,0,0.427,0.346,255,255
776,241,0.432,14.951,9.757,0,15.108,10.125,0,0.400,0.346,255,255
777,241,0.375,15.187,9.495,0,14.951,9.757,0,0.353,0.356,255,255
778,241,0.321,15.685,10.098,0,15.397,10.177,0,0.299,0.303,255,255
779,241,0.310,15.108,10.125,0,15.397,10.177,0,0.293,0.230,255,255
780,241,0.290,14.662,9.443,0,14.531,9.679,0,0.270,0.280,255,255
781,241,0.175,15.502,10.308,0,15.397,10.177,0,0.168,0.157,255,255
782,241,0.074,15.108,10.177,0,15.108,10.125,0,0.052,0.074,255,255
783,242,0.284,13.797,6.584,0,13.797,6.846,0,0.262,0.265,255,255
784,243,0.232,14.059,14.295,0,14.007,14.085,0,0.216,0.224,255,255
785,243,0.153,13.902,14.007,0,14.007,14.085,0,0.131,0.056,255,255
786,243,0.131,14.138,14.085,0,14.007,14.085,0,0.131,0.131,255,255
787,243,0.127,13.797,14.059,0,13.902,14.007,0,0.117,0.113,255,255
788,243,0.116,13.928,13.902,0,13.902,14.007,0,0.108,0.116,255,255
789,244,0.517,13.875,16.052,0,14.269,16.262,0,0.446,0.460,255,255
790,245,0.138,13.902,21.823,0,14.007,21.744,0,0.131,0.120,255,255
791,246,0.391,13.928,18.833,0,14.138,18.544,0,0.357,0.349,255,255
792,247,0.712,14.295,15.790,0,14.820,15.449,0,0.626,0.662,255,255
793,247,0.546,14.452,15.056,0,14.820,15.449,0,0.538,0.420,255,255
794,247,0.531,13.954,14.977,0,14.452,15.056,0,0.505,0.510,255,255
795,247,0.489,15.764,15.475,0,15.318,15.580,0,0.458,0.462,255,255
796,247,0.465,14.767,14.898,0,15.134,15.082,0,0.411,0.442,255,255
797,247,0.432,15.003,14.584,0,15.161,14.951,0,0.400,0.398,255,255
798,247,0.400,15.108,15.449,0,15.134,15.082,0,0.368,0.304,255,255
799,247,0.378,15.344,15.948,0,15.318,15.580,0,0.368,0.374,255,255
800,247,0.312,15.397,14.767,0,15.161,14.951,0,0.299,0.312,255,255
801,247,0.289,14.820,15.449,0,15.108,15.449,0,0.289,0.262,255,255
802,247,0.264,15.108,15.449,0,15.318,15.580,0,0.247,0.184,255,255
803,247,0.238,14.636,14.925,0,14.452,15.056,0,0.226,0.217,255,255
804,247,0.164,15.134,15.082,0,15.161,14.951,0,0.134,0.120,255,255
805,248,0.426,14.059,16.472,0,14.033,16.866,0,0.394,0.408,255,255
806,248,0.116,14.059,16.970,0,14.033,16.866,0,0.108,0.116,255,255
807,248,0.063,13.980,16.892,0,14.033,16.866,0,0.059,0.066,255,255
808,249,0.052,14.007,25.810,0,14.007,25.862,0,0.052,0.052,255,255
809,250,1.035,14.505,12.511,0,15.161,11.856,0,0.927,0.911,255,255
810,250,0.896,15.161,11.856,0,15.423,12.643,0,0.829,0.766,255,255
811,250,0.688,14.977,12.957,0,14.505,12.511,0,0.649,0.652,255,255
812,250,0.622,15.764,12.118,0,15.528,12.643,0,0.575,0.584,255,255
813,250,0.384,14.164,12.616,0,14.505,12.511,0,0.357,0.365,255,255
814,250,0.280,15.108,11.620,0,15.161,11.856,0,0.242,0.258,255,255
815,250,0.190,15.685,12.721,0,15.528,12.643,0,0.176,0.172,255,255
816,250,0.168,15.397,12.800,0,15.423,12.643,0,0.160,0.163,255,255
817,250,0.127,15.423,12.643,0,15.528,12.643,0,0.105,0.052,255,255
818,251,1.523,15.292,8.315,0,16.472,8.630,0,1.222,1.375,255,255
819,251,1.036,15.921,7.816,0,16.892,7.816,0,0.970,0.903,255,255
820,251,0.878,17.180,8.184,0,17.993,8.026,0,0.828,0.778,255,255
821,251,0.867,15.292,8.315,0,15.921,7.816,0,0.803,0.749,255,255
822,251,0.819,14.662,7.895,0,15.292,8.315,0,0.757,0.693,255,255
823,251,0.517,14.898,7.475,0,14.662,7.895,0,0.482,0.490,255,255
824,251,0.511,15.974,7.370,0,15.921,7.816,0,0.449,0.481,255,255
825,251,0.500,14.216,7.764,0,14.662,7.895,0,0.465,0.474,255,255
826,251,0.497,16.892,7.816,0,17.180,8.184,0,0.467,0.398,255,255
827,251,0.496,15.108,8.734,0,15.292,8.315,0,0.458,0.461,255,255
828,251,0.476,16.603,7.475,0,16.892,7.816,0,0.447,0.438,255,255
829,251,0.360,17.102,7.554,0,16.892,7.816,0,0.336,0.331,255,255
830,251,0.179,17.128,8.341,0,17.180,8.184,0,0.166,0.178,255,255
831,251,0.153,16.525,8.498,0,16.472,8.630,0,0.141,0.158,255,255
832,251,0.142,18.020,7.895,0,17.993,8.026,0,0.134,0.142,255,255
833,251,0.116,18.098,8.052,0,17.993,8.026,0,0.108,0.108,255,255
834,251,0.079,16.551,8.630,0,16.472,8.630,0,0.079,0.079,255,255
835,252,0.026,14.216,22.374,0,14.216,22.400,0,0.026,0.026,255,255
836,253,0.343,14.269,21.980,0,14.557,22.111,0,0.317,0.315,255,255
837,254,0.662,14.793,20.066,0,14.820,19.436,0,0.630,0.638,255,255
838,254,0.422,14.636,18.964,0,14.610,19.331,0,0.368,0.403,255,255
839,254,0.284,14.374,19.357,0,14.610,19.331,0,0.238,0.267,255,255
840,254,0.253,14.610,19.331,0,14.820,19.436,0,0.235,0.132,255,255
841,254,0.142,14.951,19.410,0,14.820,19.436,0,0.134,0.105,255,255
842,255,0.026,14.426,17.862,0,14.452,17.862,0,0.026,0.026,255,255
843,256,0.138,14.479,6.374,0,14.557,6.479,0,0.131,0.120,255,255
844,256,0.131,14.689,6.479,0,14.557,6.479,0,0.131,0.131,255,255
845,256,0.063,14.584,6.531,0,14.557,6.479,0,0.059,0.063,255,255
846,257,0.026,14.505,3.908,0,14.505,3.934,0,0.026,0.026,255,255
847,258,0.568,14.689,17.574,0,14.741,17.023,0,0.553,0.446,255,255
848,258,0.406,14.531,16.734,0,14.741,17.023,0,0.357,0.365,255,255
849,258,0.258,14.977,16.970,0,14.741,17.023,0,0.242,0.232,255,255
850,258,0.201,14.531,17.469,0,14.689,17.574,0,0.189,0.184,255,255
851,258,0.174,14.846,17.574,0,14.689,17.574,0,0.157,0.169,255,255
852,258,0.127,14.636,17.679,0,14.689,17.574,0,0.117,0.098,255,255
853,259,0.116,14.557,6.820,0,14.584,6.925,0,0.108,0.107,255,255
854,260,0.295,14.557,8.813,0,14.584,9.075,0,0.264,0.289,255,255
855,261,0.531,14.610,18.597,0,15.108,18.570,0,0.499,0.506,255,255
856,262,0.090,14.741,1.993,0,14.820,1.967,0,0.083,0.094,255,255
857,263,0.664,14.951,20.774,0,15.187,21.115,0,0.415,0.611,255,255
858,263,0.210,14.977,21.115,0,15.187,21.115,0,0.210,0.210,255,255
859,263,0.063,15.213,21.167,0,15.187,21.115,0,0.059,0.063,255,255
860,264,0.480,14.977,20.511,0,15.266,20.354,0,0.329,0.465,255,255
861,264,0.179,15.161,20.302,0,15.266,20.354,0,0.117,0.164,255,255
862,264,0.100,15.344,20.407,0,15.266,20.354,0,0.095,0.093,255,255
863,265,0.496,15.056,18.177,0,15.318,18.046,0,0.293,0.446,255,255
864,266,0.100,15.108,7.187,0,15.187,7.134,0,0.095,0.087,255,255
865,267,0.718,15.711,13.325,0,15.187,13.718,0,0.656,0.667,255,255
866,267,0.395,15.318,14.059,0,15.187,13.718,0,0.365,0.366,255,255
867,267,0.090,15.108,13.692,0,15.187,13.718,0,0.083,0.083,255,255
868,268,0.026,15.134,3.357,0,15.134,3.384,0,0.026,0.026,255,255
869,269,0.448,15.187,0.708,0,15.449,0.551,0,0.306,0.395,255,255
870,270,0.568,15.790,6.898,0,15.711,6.452,0,0.453,0.529,255,255
871,270,0.559,15.921,6.164,0,15.607,6.374,0,0.378,0.514,255,255
872,270,0.389,15.239,6.374,0,15.607,6.374,0,0.367,0.376,255,255
873,270,0.378,16.079,6.479,0,15.711,6.452,0,0.368,0.374,255,255
874,270,0.138,15.607,6.374,0,15.711,6.452,0,0.131,0.074,255,255
875,271,0.216,15.423,18.544,0,15.528,18.702,0,0.189,0.198,255,255
876,272,0.459,15.580,25.128,0,15.790,24.787,0,0.400,0.458,255,255
877,272,0.426,15.423,24.734,0,15.790,24.787,0,0.371,0.413,255,255
878,272,0.295,16.052,24.866,0,15.790,24.787,0,0.274,0.284,255,255
879,273,0.063,15.423,25.049,0,15.449,25.102,0,0.059,0.056,255,255
880,274,0.959,15.738,3.069,0,15.921,3.803,0,0.757,0.817,255,255
881,274,0.867,15.738,4.852,0,15.764,4.039,0,0.814,0.776,255,255
882,274,0.395,16.262,4.879,0,15.921,5.010,0,0.365,0.378,255,255
883,274,0.336,15.974,5.325,0,15.921,5.010,0,0.319,0.321,255,255
884,274,0.332,15.764,4.039,0,15.921,3.803,0,0.284,0.243,255,255
885,274,0.310,15.475,3.987,0,15.764,4.039,0,0.293,0.298,255,255
886,274,0.264,15.738,4.852,0,15.921,5.010,0,0.242,0.161,255,255
887,274,0.175,16.052,3.908,0,15.921,3.803,0,0.168,0.157,255,255
888,274,0.127,15.633,3.121,0,15.738,3.069,0,0.117,0.127,255,255
889,274,0.116,15.764,2.964,0,15.738,3.069,0,0.108,0.116,255,255
890,274,0.063,15.685,4.826,0,15.738,4.852,0,0.059,0.056,255,255
891,275,0.681,16.236,17.102,0,16.157,17.600,0,0.505,0.639,255,255
892,275,0.496,15.738,17.784,0,16.157,17.600,0,0.458,0.390,255,255
893,275,0.384,16.525,17.548,0,16.157,17.600,0,0.371,0.376,255,255
894,275,0.286,16.341,17.810,0,16.157,17.600,0,0.279,0.265,255,255
895,275,0.280,15.502,17.679,0,15.738,17.784,0,0.258,0.269,255,255
896,275,0.221,15.764,17.993,0,15.738,17.784,0,0.211,0.221,255,255
897,276,0.327,15.528,1.679,0,15.685,1.941,0,0.306,0.338,255,255
898,276,0.264,15.554,2.151,0,15.685,1.941,0,0.247,0.264,255,255
899,276,0.153,15.816,1.993,0,15.685,1.941,0,0.141,0.143,255,255
900,277,0.365,15.528,11.489,0,15.790,11.698,0,0.336,0.329,255,255
901,278,0.164,15.580,2.387,0,15.711,2.413,0,0.134,0.146,255,255
902,279,0.749,15.607,26.072,0,15.974,25.521,0,0.662,0.703,255,255
903,279,0.247,16.210,25.548,0,15.974,25.521,0,0.238,0.247,255,255
904,279,0.221,16.000,25.311,0,15.974,25.521,0,0.211,0.211,255,255
905,280,0.782,15.633,16.210,0,16.393,16.210,0,0.761,0.766,255,255
906,280,0.695,17.311,15.790,0,16.682,15.790,0,0.630,0.641,255,255
907,280,0.684,16.026,16.892,0,16.603,16.708,0,0.606,0.584,255,255
908,280,0.585,16.393,16.210,0,16.603,16.708,0,0.541,0.498,255,255
909,280,0.546,16.787,16.472,0,16.393,16.210,0,0.473,0.524,255,255
910,280,0.533,16.393,16.210,0,16.682,15.790,0,0.509,0.379,255,255
911,280,0.153,16.734,16.761,0,16.603,16.708,0,0.141,0.147,255,255
912,280,0.127,16.734,15.685,0,16.682,15.790,0,0.117,0.131,255,255
913,280,0.105,15.921,16.892,0,16.026,16.892,0,0.105,0.105,255,255
914,280,0.100,16.079,16.970,0,16.026,16.892,0,0.095,0.093,255,255
915,281,1.542,17.889,22.243,0,18.230,20.931,0,1.355,1.405,255,255
916,281,1.005,17.259,24.210,0,17.757,23.580,0,0.803,0.900,255,255
917,281,0.839,17.207,22.111,0,17.889,22.243,0,0.694,0.771,255,255
918,281,0.834,16.262,21.718,0,16.866,21.272,0,0.750,0.732,255,255
919,281,0.745,17.259,24.210,0,17.836,24.577,0,0.684,0.671,255,255
920,281,0.712,18.151,25.128,0,17.836,24.577,0,0.634,0.664,255,255
921,281,0.677,17.626,23.030,0,18.020,22.531,0,0.635,0.593,255,255
922,281,0.640,17.233,20.800,0,17.862,20.774,0,0.630,0.607,255,255
923,281,0.640,16.866,21.272,0,17.233,20.800,0,0.598,0.518,255,255
924,281,0.629,18.125,24.026,0,17.757,23.580,0,0.578,0.584,255,255
925,281,0.596,18.728,20.695,0,18.230,20.931,0,0.551,0.570,255,255
926,281,0.592,17.810,23.397,0,18.282,23.370,0,0.473,0.494,255,255
927,281,0.583,18.020,22.531,0,18.570,22.610,0,0.556,0.487,255,255
928,281,0.517,18.439,22.111,0,18.020,22.348,0,0.482,0.485,255,255
929,281,0.508,18.413,20.170,0,18.072,20.485,0,0.464,0.487,255,255
930,281,0.502,18.911,22.925,0,18.570,22.610,0,0.464,0.461,255,255
931,281,0.501,15.895,21.456,0,16.262,21.718,0,0.451,0.341,255,255
932,281,0.498,16.918,20.433,0,17.233,20.800,0,0.484,0.470,255,255
933,281,0.476,18.203,24.315,0,17.836,24.577,0,0.451,0.448,255,255
934,281,0.465,16.472,24.708,0,16.839,24.472,0,0.437,0.436,255,255
935,281,0.443,17.626,23.030,0,17.810,23.397,0,0.411,0.348,255,255
936,281,0.432,17.862,20.774,0,18.230,20.931,0,0.400,0.356,255,255
937,281,0.422,17.023,21.613,0,16.866,21.272,0,0.376,0.384,255,255
938,281,0.422,17.023,24.787,0,16.839,24.472,0,0.364,0.392,255,255
939,281,0.380,16.210,21.351,0,15.895,21.456,0,0.332,0.340,255,255
940,281,0.375,17.862,20.774,0,18.072,20.485,0,0.357,0.309,255,255
941,281,0.374,16.918,24.289,0,17.259,24.210,0,0.350,0.347,255,255
942,281,0.325,15.843,21.744,0,15.895,21.456,0,0.293,0.303,255,255
943,281,0.273,18.098,20.223,0,18.072,20.485,0,0.264,0.279,255,255
944,281,0.269,18.990,22.610,0,18.754,22.531,0,0.249,0.248,255,255
945,281,0.264,18.754,22.531,0,18.885,22.321,0,0.247,0.180,255,255
946,281,0.258,15.659,21.403,0,15.895,21.456,0,0.242,0.242,255,255
947,281,0.249,18.439,23.187,0,18.282,23.370,0,0.242,0.198,255,255
948,281,0.238,17.443,22.898,0,17.626,23.030,0,0.226,0.210,255,255
949,281,0.216,16.839,24.472,0,16.918,24.289,0,0.200,0.127,255,255
950,281,0.216,18.570,22.610,0,18.754,22.531,0,0.200,0.156,255,255
951,281,0.205,17.757,23.580,0,17.810,23.397,0,0.191,0.147,255,255
952,281,0.205,18.020,22.348,0,18.020,22.531,0,0.184,0.142,255,255
953,281,0.175,17.889,22.243,0,18.020,22.348,0,0.168,0.111,255,255
954,281,0.127,18.334,23.475,0,18.282,23.370,0,0.117,0.113,255,255
955,281,0.105,18.990,22.321,0,18.885,22.321,0,0.105,0.105,255,255
956,281,0.100,16.262,21.797,0,16.262,21.718,0,0.079,0.104,255,255
957,281,0.100,16.839,24.236,0,16.918,24.289,0,0.095,0.087,255,255
958,281,0.063,18.911,22.269,0,18.885,22.321,0,0.059,0.063,255,255
959,282,0.153,15.685,9.364,0,15.816,9.416,0,0.141,0.138,255,255
960,283,1.950,16.210,19.436,0,17.521,19.069,0,1.362,1.775,255,255
961,283,1.116,19.016,18.518,0,18.020,18.754,0,1.024,1.076,255,255
962,283,0.707,15.738,19.856,0,16.210,19.436,0,0.632,0.683,255,255
963,283,0.659,17.521,19.069,0,18.020,18.754,0,0.589,0.569,255,255
964,283,0.629,17.600,19.987,0,17.233,19.541,0,0.578,0.580,255,255
965,283,0.592,17.233,19.541,0,17.521,19.069,0,0.553,0.513,255,255
966,283,0.474,17.075,19.882,0,17.233,19.541,0,0.376,0.443,255,255
967,283,0.432,16.393,19.777,0,16.210,19.436,0,0.387,0.403,255,255
968,283,0.190,17.941,18.597,0,18.020,18.754,0,0.176,0.181,255,255
969,284,0.902,15.790,20.800,0,16.262,20.170,0,0.787,0.849,255,255
970,285,0.026,15.895,22.636,0,15.921,22.636,0,0.026,0.026,255,255
971,286,0.358,15.921,14.898,0,16.079,15.056,0,0.223,0.316,255,255
972,287,0.406,15.974,11.410,0,16.236,11.174,0,0.353,0.366,255,255
973,287,0.338,16.105,10.911,0,16.236,11.174,0,0.293,0.277,255,255
974,287,0.216,16.472,10.911,0,16.393,11.095,0,0.200,0.214,255,255
975,287,0.216,16.577,11.174,0,16.393,11.095,0,0.200,0.202,255,255
976,287,0.205,16.236,11.174,0,16.393,11.095,0,0.176,0.165,255,255
977,288,0.612,16.105,14.741,0,16.210,14.269,0,0.484,0.560,255,255
978,288,0.548,16.682,14.295,0,16.210,14.269,0,0.473,0.519,255,255
979,288,0.290,15.974,14.138,0,16.210,14.269,0,0.270,0.258,255,255
980,289,0.232,15.974,18.230,0,15.974,18.439,0,0.210,0.227,255,255
981,290,0.596,16.000,9.993,0,16.236,10.492,0,0.551,0.543,255,255
982,291,0.026,16.026,26.675,0,16.026,26.702,0,0.026,0.026,255,255
983,292,0.079,16.052,6.216,0,16.131,6.216,0,0.079,0.079,255,255
984,293,0.127,16.157,4.380,0,16.157,4.485,0,0.105,0.108,255,255
985,294,0.913,16.210,6.033,0,16.839,5.849,0,0.656,0.785,255,255
986,294,0.721,17.075,6.584,0,16.918,5.928,0,0.674,0.692,255,255
987,294,0.658,16.813,5.246,0,16.839,5.849,0,0.604,0.644,255,255
988,294,0.422,17.207,5.220,0,17.416,5.508,0,0.357,0.399,255,255
989,294,0.386,17.128,5.744,0,17.416,5.508,0,0.373,0.283,255,255
990,294,0.286,16.918,5.928,0,17.128,5.744,0,0.279,0.223,255,255
991,294,0.273,17.390,5.718,0,17.128,5.744,0,0.264,0.279,255,255
992,294,0.164,17.521,5.613,0,17.416,5.508,0,0.148,0.115,255,255
993,294,0.111,16.839,5.849,0,16.918,5.928,0,0.111,0.037,255,255
994,294,0.100,16.289,6.085,0,16.210,6.033,0,0.095,0.100,255,255
995,294,0.052,16.157,6.033,0,16.210,6.033,0,0.052,0.052,255,255
996,296,0.627,17.075,1.574,0,17.154,2.125,0,0.556,0.597,255,255
997,296,0.603,17.285,2.125,0,17.652,2.544,0,0.558,0.480,255,255
998,296,0.590,17.285,2.885,0,17.443,3.410,0,0.548,0.490,255,255
999,296,0.485,16.472,1.915,0,16.734,2.230,0,0.410,0.444,255,255
1000,296,0.463,16.734,2.230,0,17.154,2.125,0,0.433,0.344,255,255
1001,296,0.454,17.390,3.961,0,17.180,3.593,0,0.423,0.414,255,255
1002,296,0.354,17.495,2.833,0,17.652,2.544,0,0.329,0.322,255,255
1003,296,0.354,17.180,3.593,0,17.443,3.410,0,0.320,0.292,255,255
1004,296,0.349,17.548,1.915,0,17.285,2.125,0,0.336,0.335,255,255
1005,296,0.258,16.787,2.466,0,16.734,2.230,0,0.242,0.245,255,255
1006,296,0.249,16.997,3.436,0,17.180,3.593,0,0.242,0.228,255,255
1007,296,0.232,17.285,2.885,0,17.495,2.833,0,0.216,0.121,255,255
1008,296,0.205,17.102,2.833,0,17.285,2.885,0,0.191,0.193,255,255
1009,296,0.138,17.548,3.489,0,17.443,3.410,0,0.131,0.124,255,255
1010,296,0.138,17.757,2.623,0,17.652,2.544,0,0.131,0.124,255,255
1011,296,0.131,17.154,2.125,0,17.285,2.125,0,0.131,0.105,255,255
1012,296,0.100,17.574,2.885,0,17.495,2.833,0,0.095,0.087,255,255
1013,298,0.111,16.603,13.849,0,16.682,13.770,0,0.111,0.111,255,255
1014,299,0.063,16.603,18.518,0,16.630,18.570,0,0.059,0.056,255,255
1015,300,0.474,16.761,4.931,0,17.154,4.774,0,0.424,0.450,255,255
1016,301,0.269,16.761,21.823,0,16.918,21.980,0,0.223,0.245,255,255
1017,302,0.758,16.839,10.938,0,17.311,11.331,0,0.615,0.712,255,255
1018,303,0.037,16.839,14.767,0,16.866,14.793,0,0.037,0.037,255,255
1019,304,0.100,16.866,14.111,0,16.918,14.190,0,0.095,0.106,255,255
1020,305,1.319,16.892,9.285,0,17.757,8.525,0,1.152,1.233,255,255
1021,306,0.238,16.918,13.875,0,17.049,13.692,0,0.226,0.243,255,255
1022,307,0.902,17.049,6.846,0,17.548,7.449,0,0.783,0.863,255,255
1023,308,0.194,17.049,18.439,0,17.102,18.282,0,0.166,0.181,255,255
1024,309,0.052,17.049,22.452,0,17.102,22.452,0,0.052,0.052,255,255
1025,310,0.179,17.180,16.525,0,17.338,16.525,0,0.157,0.158,255,255
1026,311,0.839,17.233,12.957,0,17.862,12.564,0,0.742,0.776,255,255
1027,312,0.227,17.285,13.508,0,17.443,13.377,0,0.205,0.215,255,255
1028,312,0.100,17.495,13.456,0,17.443,13.377,0,0.095,0.093,255,255
1029,312,0.052,17.443,13.325,0,17.443,13.377,0,0.052,0.052,255,255
1030,313,1.393,17.443,17.652,0,18.125,16.656,0,1.208,1.309,255,255
1031,313,0.747,18.807,16.603,0,18.125,16.656,0,0.684,0.713,255,255
1032,313,0.404,18.098,16.262,0,18.125,16.656,0,0.394,0.410,255,255
1033,314,0.797,17.469,12.039,0,18.072,11.751,0,0.669,0.742,255,255
1034,314,0.487,18.439,11.462,0,18.072,11.751,0,0.467,0.487,255,255
1035,314,0.410,18.413,11.934,0,18.072,11.751,0,0.387,0.379,255,255
1036,314,0.365,17.784,11.567,0,18.072,11.751,0,0.342,0.330,255,255
1037,315,0.090,17.521,10.020,0,17.600,10.046,0,0.083,0.083,255,255
1038,316,0.284,17.600,25.757,0,17.862,25.757,0,0.262,0.270,255,255
1039,317,1.513,18.518,15.502,0,18.885,14.321,0,1.236,1.322,255,255
1040,317,0.937,18.046,14.190,0,18.885,14.321,0,0.850,0.788,255,255
1041,317,0.789,19.593,14.216,0,18.885,14.321,0,0.716,0.753,255,255
1042,317,0.478,18.072,15.423,0,18.518,15.502,0,0.453,0.380,255,255
1043,317,0.465,18.754,15.869,0,18.518,15.502,0,0.437,0.439,255,255
1044,317,0.417,17.836,14.505,0,18.046,14.190,0,0.378,0.406,255,255
1045,317,0.408,18.675,14.610,0,18.885,14.321,0,0.357,0.384,255,255
1046,317,0.406,17.652,15.843,0,17.757,15.502,0,0.357,0.382,255,255
1047,317,0.406,18.728,13.980,0,18.885,14.321,0,0.376,0.381,255,255
1048,317,0.347,18.151,15.108,0,18.072,15.423,0,0.324,0.351,255,255
1049,317,0.347,17.757,15.502,0,18.072,15.423,0,0.324,0.275,255,255
1050,317,0.221,18.020,13.980,0,18.046,14.190,0,0.211,0.216,255,255
1051,317,0.090,17.679,15.528,0,17.757,15.502,0,0.083,0.083,255,255
1052,318,0.764,17.862,0.498,0,18.020,1.180,0,0.700,0.704,255,255
1053,318,0.465,18.020,1.521,0,18.020,1.180,0,0.341,0.431,255,255
1054,318,0.428,17.705,1.207,0,18.020,1.180,0,0.316,0.381,255,255
1055,318,0.321,18.151,0.472,0,17.862,0.498,0,0.290,0.306,255,255
1056,318,0.242,18.230,1.102,0,18.020,1.180,0,0.224,0.233,255,255
1057,318,0.026,17.862,0.498,0,17.862,0.498,0,0.000,0.000,0,0
1058,319,0.706,18.334,8.341,0,18.256,8.970,0,0.634,0.655,255,255
1059,319,0.574,17.941,9.285,0,18.256,8.970,0,0.445,0.522,255,255
1060,319,0.574,18.754,9.049,0,18.256,8.970,0,0.505,0.524,255,255
1061,319,0.397,18.570,8.761,0,18.256,8.970,0,0.378,0.368,255,255
1062,320,0.026,17.967,5.980,0,17.967,6.007,0,0.026,0.026,255,255
1063,321,0.127,17.967,13.141,0,18.046,13.220,0,0.111,0.115,255,255
1064,322,0.190,17.993,25.574,0,18.125,25.679,0,0.168,0.178,255,255
1065,323,0.295,18.046,9.679,0,18.072,9.941,0,0.264,0.282,255,255
1066,324,0.317,18.072,6.426,0,18.203,6.689,0,0.293,0.284,255,255
1067,324,0.317,18.230,6.951,0,18.203,6.689,0,0.264,0.300,255,255
1068,324,0.284,18.466,6.741,0,18.203,6.689,0,0.267,0.288,255,255
1069,325,0.074,18.098,2.439,0,18.151,2.492,0,0.074,0.074,255,255
1070,326,1.640,18.439,3.200,0,19.384,4.039,0,1.263,1.483,255,255
1071,326,0.422,18.308,3.567,0,18.439,3.200,0,0.390,0.397,255,255
1072,326,0.205,19.331,4.223,0,19.384,4.039,0,0.191,0.201,255,255
1073,326,0.190,18.282,3.121,0,18.439,3.200,0,0.176,0.165,255,255
1074,326,0.116,19.489,4.066,0,19.384,4.039,0,0.108,0.116,255,255
1075,327,0.105,18.282,19.830,0,18.387,19.830,0,0.105,0.105,255,255
1076,328,1.044,18.334,7.134,0,19.069,7.659,0,0.903,0.967,255,255
1077,329,0.190,18.334,17.495,0,18.492,17.416,0,0.176,0.192,255,255
1078,329,0.127,18.544,17.311,0,18.492,17.416,0,0.117,0.120,255,255
1079,329,0.026,18.492,17.416,0,18.492,17.416,0,0.000,0.000,0,0
1080,330,0.374,18.780,8.262,0,18.754,7.921,0,0.342,0.357,255,255
1081,330,0.242,18.544,7.843,0,18.754,7.921,0,0.224,0.178,255,255
1082,330,0.227,18.361,7.738,0,18.544,7.843,0,0.211,0.210,255,255
1083,330,0.227,18.413,8.000,0,18.544,7.843,0,0.205,0.204,255,255
1084,330,0.179,18.911,7.869,0,18.754,7.921,0,0.166,0.176,255,255
1085,331,0.500,18.413,12.643,0,18.492,13.089,0,0.453,0.471,255,255
1086,331,0.422,18.754,13.456,0,18.623,13.089,0,0.390,0.388,255,255
1087,331,0.201,18.964,12.957,0,18.807,13.062,0,0.189,0.143,255,255
1088,331,0.194,18.623,13.089,0,18.807,13.062,0,0.185,0.131,255,255
1089,331,0.175,18.938,13.167,0,18.807,13.062,0,0.168,0.153,255,255
1090,331,0.138,18.387,13.167,0,18.492,13.089,0,0.131,0.120,255,255
1091,331,0.131,18.492,13.089,0,18.623,13.089,0,0.131,0.026,255,255
1092,332,0.741,18.807,11.148,0,19.515,11.174,0,0.709,0.639,255,255
1093,332,0.537,18.492,10.990,0,18.807,11.148,0,0.352,0.488,255,255
1094,332,0.437,18.938,11.462,0,18.807,11.148,0,0.341,0.405,255,255
1095,332,0.116,19.620,11.200,0,19.515,11.174,0,0.108,0.109,255,255
1096,332,0.090,19.489,11.252,0,19.515,11.174,0,0.083,0.082,255,255
1097,333,0.205,18.544,1.810,0,18.728,1.810,0,0.184,0.201,255,255
1098,334,0.175,18.544,13.613,0,18.675,13.718,0,0.168,0.164,255,255
1099,335,0.063,18.570,11.751,0,18.597,11.803,0,0.059,0.066,255,255
1100,336,1.297,20.197,26.466,0,19.121,26.125,0,1.128,1.233,255,255
1101,336,0.609,18.623,26.466,0,19.016,26.282,0,0.434,0.554,255,255
1102,336,0.454,19.252,26.623,0,19.016,26.282,0,0.415,0.419,255,255
1103,336,0.380,18.807,25.915,0,19.043,26.151,0,0.334,0.343,255,255
1104,336,0.354,19.410,25.967,0,19.121,26.125,0,0.329,0.322,255,255
1105,336,0.142,19.016,26.282,0,19.043,26.151,0,0.134,0.079,255,255
1106,336,0.090,19.043,26.151,0,19.121,26.125,0,0.083,0.026,255,255
1107,337,0.917,19.174,19.777,0,19.934,19.961,0,0.783,0.801,255,255
1108,337,0.815,19.174,19.777,0,19.305,19.016,0,0.772,0.764,255,255
1109,337,0.758,20.616,20.092,0,19.934,19.961,0,0.694,0.739,255,255
1110,337,0.612,18.675,19.751,0,19.174,19.777,0,0.499,0.571,255,255
1111,337,0.232,19.515,19.016,0,19.305,19.016,0,0.210,0.215,255,255
1112,337,0.127,19.305,18.911,0,19.305,19.016,0,0.105,0.109,255,255
1113,337,0.026,19.934,19.934,0,19.934,19.961,0,0.026,0.026,255,255
1114,338,1.387,18.702,17.128,0,19.751,16.970,0,1.061,1.306,255,255
1115,338,0.857,20.118,16.630,0,19.620,16.472,0,0.523,0.833,255,255
1116,338,0.605,19.620,16.472,0,19.751,16.970,0,0.515,0.508,255,255
1117,338,0.242,19.961,16.892,0,19.751,16.970,0,0.224,0.241,255,255
1118,338,0.227,19.515,16.656,0,19.620,16.472,0,0.211,0.200,255,255
1119,338,0.183,19.567,16.341,0,19.620,16.472,0,0.141,0.170,255,255
1120,339,0.326,18.859,21.456,0,18.885,21.770,0,0.316,0.316,255,255
1121,339,0.275,18.728,21.980,0,18.885,21.770,0,0.262,0.261,255,255
1122,339,0.275,18.885,21.770,0,19.069,21.954,0,0.260,0.160,255,255
1123,339,0.063,19.121,21.928,0,19.069,21.954,0,0.059,0.026,255,255
1124,339,0.037,19.043,21.980,0,19.069,21.954,0,0.037,0.037,255,255
1125,340,1.007,18.859,0.289,0,19.436,0.918,0,0.854,0.923,255,255
1126,340,0.840,20.354,0.472,0,19.725,0.944,0,0.787,0.742,255,255
1127,340,0.686,19.174,1.495,0,19.436,0.918,0,0.634,0.602,255,255
1128,340,0.565,20.170,1.233,0,19.725,0.944,0,0.531,0.523,255,255
1129,340,0.299,19.436,0.918,0,19.725,0.944,0,0.290,0.240,255,255
1130,341,0.306,18.859,8.839,0,19.121,8.944,0,0.283,0.293,255,255
1131,342,1.046,19.934,24.498,0,19.305,23.790,0,0.948,0.977,255,255
1132,342,0.832,18.885,23.239,0,19.305,23.790,0,0.692,0.800,255,255
1133,342,0.212,19.174,23.948,0,19.305,23.790,0,0.205,0.212,255,255
1134,343,0.269,18.938,17.941,0,19.016,18.125,0,0.200,0.244,255,255
1135,344,1.453,21.377,9.574,0,20.066,9.338,0,1.333,1.386,255,255
1136,344,0.904,19.436,9.889,0,20.066,9.338,0,0.836,0.824,255,255
1137,344,0.902,19.830,8.105,0,19.803,8.866,0,0.761,0.870,255,255
1138,344,0.789,20.118,8.289,0,19.803,8.866,0,0.657,0.746,255,255
1139,344,0.619,19.803,8.866,0,20.066,9.338,0,0.540,0.447,255,255
1140,344,0.533,19.357,9.075,0,19.803,8.866,0,0.493,0.498,255,255
1141,344,0.507,19.016,9.679,0,19.436,9.889,0,0.469,0.460,255,255
1142,344,0.131,19.436,10.020,0,19.436,9.889,0,0.131,0.105,255,255
1143,345,0.341,19.043,1.993,0,19.384,1.993,0,0.341,0.341,255,255
1144,346,0.664,19.331,2.597,0,19.908,2.387,0,0.614,0.558,255,255
1145,346,0.258,19.095,2.597,0,19.331,2.597,0,0.236,0.240,255,255
1146,346,0.242,19.987,2.177,0,19.908,2.387,0,0.224,0.238,255,255
1147,346,0.138,19.987,2.492,0,19.908,2.387,0,0.131,0.124,255,255
1148,346,0.100,19.384,2.675,0,19.331,2.597,0,0.095,0.093,255,255
1149,347,1.011,19.095,24.289,0,19.279,25.075,0,0.808,0.946,255,255
1150,347,0.803,19.279,25.075,0,19.777,25.626,0,0.743,0.703,255,255
1151,347,0.590,19.777,25.626,0,20.302,25.469,0,0.548,0.447,255,255
1152,347,0.500,20.380,25.967,0,20.485,25.548,0,0.433,0.478,255,255
1153,347,0.375,19.541,24.839,0,19.279,25.075,0,0.353,0.354,255,255
1154,347,0.363,20.826,25.495,0,20.485,25.548,0,0.345,0.344,255,255
1155,347,0.216,20.380,25.285,0,20.302,25.469,0,0.200,0.197,255,255
1156,347,0.216,20.302,25.469,0,20.485,25.548,0,0.200,0.167,255,255
1157,347,0.153,19.777,25.757,0,19.777,25.626,0,0.131,0.158,255,255
1158,348,0.026,19.121,10.334,0,19.148,10.334,0,0.026,0.026,255,255
1159,349,0.090,19.200,6.636,0,19.279,6.610,0,0.083,0.094,255,255
1160,350,0.395,19.436,18.492,0,19.541,18.177,0,0.332,0.378,255,255
1161,350,0.321,19.252,18.256,0,19.541,18.177,0,0.299,0.318,255,255
1162,350,0.175,19.672,18.072,0,19.541,18.177,0,0.168,0.175,255,255
1163,351,0.716,19.331,10.518,0,19.830,10.439,0,0.505,0.666,255,255
1164,353,0.232,19.567,21.377,0,19.620,21.587,0,0.216,0.217,255,255
1165,354,1.808,22.767,6.348,0,21.351,7.003,0,1.561,1.707,255,255
1166,354,1.360,22.400,5.797,0,21.377,6.610,0,1.307,1.327,255,255
1167,354,1.214,20.039,7.134,0,20.984,6.820,0,0.995,1.164,255,255
1168,354,0.998,21.351,7.003,0,21.692,7.816,0,0.882,0.889,255,255
1169,354,0.958,21.692,7.816,0,22.374,8.446,0,0.928,0.846,255,255
1170,354,0.937,19.620,6.348,0,20.459,6.111,0,0.872,0.879,255,255
1171,354,0.925,20.459,6.111,0,21.167,6.636,0,0.881,0.861,255,255
1172,354,0.879,21.770,5.666,0,21.167,6.295,0,0.872,0.866,255,255
1173,354,0.849,20.931,5.587,0,21.167,6.295,0,0.747,0.712,255,255
1174,354,0.798,20.197,6.793,0,20.984,6.820,0,0.787,0.793,255,255
1175,354,0.629,20.931,5.587,0,21.430,5.272,0,0.589,0.534,255,255
1176,354,0.496,20.275,5.692,0,20.459,6.111,0,0.458,0.429,255,255
1177,354,0.485,20.826,5.167,0,20.931,5.587,0,0.433,0.460,255,255
1178,354,0.402,21.167,6.295,0,21.377,6.610,0,0.378,0.347,255,255
1179,354,0.395,21.561,8.157,0,21.692,7.816,0,0.365,0.303,255,255
1180,354,0.380,21.770,8.420,0,21.561,8.157,0,0.336,0.344,255,255
1181,354,0.321,22.269,8.708,0,22.374,8.446,0,0.283,0.308,255,255
1182,354,0.289,21.351,6.715,0,21.351,7.003,0,0.289,0.262,255,255
1183,354,0.275,20.984,6.820,0,21.167,6.636,0,0.260,0.212,255,255
1184,354,0.264,21.430,8.367,0,21.561,8.157,0,0.247,0.246,255,255
1185,354,0.216,21.167,6.636,0,21.351,6.715,0,0.200,0.135,255,255
1186,354,0.127,22.479,8.393,0,22.374,8.446,0,0.117,0.083,255,255
1187,354,0.116,21.351,6.715,0,21.377,6.610,0,0.108,0.079,255,255
1188,354,0.100,21.508,5.220,0,21.430,5.272,0,0.095,0.093,255,255
1189,354,0.026,21.430,5.272,0,21.430,5.272,0,0.000,0.000,0,0
1190,355,0.079,19.646,15.213,0,19.725,15.213,0,0.079,0.079,255,255
1191,356,0.216,19.646,22.505,0,19.672,22.689,0,0.185,0.203,255,255
1192,357,0.153,19.698,3.069,0,19.751,2.938,0,0.141,0.163,255,255
1193,358,0.074,19.698,7.738,0,19.751,7.790,0,0.074,0.074,255,255
1194,359,0.037,19.698,15.738,0,19.725,15.711,0,0.037,0.037,255,255
1195,361,0.205,19.751,14.374,0,19.908,14.295,0,0.176,0.187,255,255
1196,362,0.559,19.751,22.925,0,20.066,23.292,0,0.484,0.517,255,255
1197,363,0.406,19.830,17.836,0,20.013,17.521,0,0.364,0.377,255,255
1198,364,0.179,19.856,3.462,0,20.013,3.515,0,0.166,0.176,255,255
1199,365,0.164,19.908,4.905,0,20.039,4.931,0,0.134,0.154,255,255
1200,366,0.703,19.934,11.830,0,20.459,11.436,0,0.656,0.668,255,255
1201,367,0.347,19.961,4.669,0,20.275,4.643,0,0.316,0.322,255,255
1202,368,0.629,19.961,19.226,0,20.275,18.728,0,0.589,0.593,255,255
1203,368,0.557,20.170,18.230,0,20.275,18.728,0,0.509,0.477,255,255
1204,368,0.190,20.144,18.072,0,20.170,18.230,0,0.160,0.178,255,255
1205,368,0.153,20.407,18.780,0,20.275,18.728,0,0.141,0.147,255,255
1206,368,0.100,20.092,18.282,0,20.170,18.230,0,0.095,0.098,255,255
1207,369,0.037,20.039,2.675,0,20.066,2.702,0,0.037,0.037,255,255
1208,370,1.464,21.167,23.344,0,20.721,22.479,0,0.974,1.351,255,255
1209,370,0.747,20.039,22.321,0,20.721,22.479,0,0.700,0.715,255,255
1210,370,0.649,20.852,22.452,0,21.403,22.216,0,0.599,0.626,255,255
1211,370,0.600,20.643,21.928,0,20.721,22.479,0,0.556,0.573,255,255
1212,370,0.533,21.639,22.636,0,21.403,22.216,0,0.482,0.488,255,255
1213,370,0.474,21.298,21.823,0,21.403,22.216,0,0.407,0.457,255,255
1214,370,0.365,21.141,22.636,0,20.852,22.452,0,0.342,0.329,255,255
1215,370,0.137,20.721,22.479,0,20.852,22.452,0,0.134,0.026,255,255
1216,371,0.148,20.092,13.246,0,20.197,13.351,0,0.148,0.148,255,255
1217,372,0.074,20.144,4.249,0,20.197,4.197,0,0.074,0.074,255,255
1218,373,0.269,20.144,15.423,0,20.170,15.659,0,0.238,0.253,255,255
1219,374,0.327,20.249,19.593,0,20.433,19.830,0,0.299,0.307,255,255
1220,375,0.164,20.249,21.062,0,20.380,21.141,0,0.153,0.158,255,255
1221,376,0.153,20.302,5.430,0,20.354,5.298,0,0.141,0.156,255,255
1222,377,0.090,20.302,26.282,0,20.328,26.203,0,0.083,0.083,255,255
1223,378,0.649,20.643,15.134,0,20.459,14.584,0,0.581,0.631,255,255
1224,378,0.321,20.748,14.505,0,20.459,14.584,0,0.299,0.295,255,255
1225,378,0.280,20.354,14.348,0,20.459,14.584,0,0.258,0.251,255,255
1226,379,0.480,20.380,1.836,0,20.669,2.098,0,0.390,0.447,255,255
1227,380,1.018,20.643,10.728,0,21.482,10.964,0,0.872,0.867,255,255
1228,380,0.526,21.613,10.964,0,21.718,11.410,0,0.458,0.465,255,255
1229,380,0.441,20.643,10.308,0,20.643,10.728,0,0.420,0.423,255,255
1230,380,0.336,21.980,10.938,0,21.666,10.885,0,0.319,0.326,255,255
1231,380,0.295,21.744,11.672,0,21.718,11.410,0,0.264,0.285,255,255
1232,380,0.295,20.459,11.252,0,20.485,10.990,0,0.264,0.244,255,255
1233,380,0.295,21.954,11.357,0,21.718,11.410,0,0.242,0.292,255,255
1234,380,0.232,20.590,10.938,0,20.643,10.728,0,0.216,0.174,255,255
1235,380,0.227,20.748,11.069,0,20.590,10.938,0,0.205,0.206,255,255
1236,380,0.168,21.692,10.728,0,21.666,10.885,0,0.160,0.168,255,255
1237,380,0.131,21.482,10.964,0,21.613,10.964,0,0.131,0.105,255,255
1238,380,0.127,20.380,10.938,0,20.485,10.990,0,0.117,0.113,255,255
1239,380,0.127,21.430,11.069,0,21.482,10.964,0,0.117,0.123,255,255
1240,380,0.127,20.485,10.990,0,20.590,10.938,0,0.117,0.087,255,255
1241,380,0.100,21.613,10.964,0,21.666,10.885,0,0.095,0.037,255,255
1242,381,0.127,20.485,12.931,0,20.433,12.826,0,0.117,0.120,255,255
1243,381,0.063,20.485,12.800,0,20.433,12.826,0,0.059,0.063,255,255
1244,381,0.037,20.407,12.852,0,20.433,12.826,0,0.037,0.037,255,255
1245,382,0.127,20.459,15.790,0,20.564,15.843,0,0.117,0.127,255,255
1246,383,1.313,22.951,3.830,0,21.849,3.357,0,1.199,1.250,255,255
1247,383,1.092,21.639,3.882,0,22.452,4.197,0,0.872,0.981,255,255
1248,383,1.066,20.485,3.777,0,21.377,3.567,0,0.916,1.012,255,255
1249,383,0.906,20.590,3.384,0,21.377,3.567,0,0.808,0.825,255,255
1250,383,0.783,21.141,4.459,0,21.639,3.882,0,0.762,0.769,255,255
1251,383,0.572,22.216,2.938,0,21.849,3.357,0,0.558,0.552,255,255
1252,383,0.480,21.482,3.593,0,21.849,3.357,0,0.437,0.415,255,255
1253,383,0.443,22.662,3.856,0,22.452,4.197,0,0.400,0.411,255,255
1254,383,0.375,21.482,3.593,0,21.639,3.882,0,0.329,0.315,255,255
1255,383,0.179,22.610,4.249,0,22.452,4.197,0,0.166,0.165,255,255
1256,383,0.116,21.377,3.567,0,21.482,3.593,0,0.108,0.083,255,255
1257,385,0.917,20.800,19.043,0,21.377,19.462,0,0.714,0.877,255,255
1258,386,0.659,20.826,15.685,0,21.167,15.266,0,0.541,0.607,255,255
1259,386,0.354,21.062,15.030,0,21.167,15.266,0,0.258,0.334,255,255
1260,386,0.253,21.377,15.370,0,21.167,15.266,0,0.235,0.240,255,255
1261,387,0.725,20.984,24.708,0,20.748,24.262,0,0.505,0.715,255,255
1262,387,0.526,20.826,23.790,0,20.748,24.262,0,0.479,0.491,255,255
1263,387,0.431,21.167,24.289,0,20.748,24.262,0,0.420,0.426,255,255
1264,388,0.690,20.931,13.561,0,21.534,13.718,0,0.623,0.649,255,255
1265,389,1.778,20.931,17.652,0,21.193,16.577,0,1.107,1.659,255,255
1266,389,1.153,23.056,15.738,0,22.243,16.157,0,0.915,1.104,255,255
1267,389,0.905,21.193,16.577,0,22.033,16.420,0,0.854,0.818,255,255
1268,389,0.845,21.849,15.475,0,22.243,16.157,0,0.787,0.793,255,255
1269,389,0.607,22.295,16.918,0,22.033,16.420,0,0.563,0.560,255,255
1270,389,0.380,22.033,16.420,0,22.243,16.157,0,0.336,0.349,255,255
1271,389,0.323,20.984,16.341,0,21.193,16.577,0,0.316,0.265,255,255
1272,390,0.253,20.931,18.151,0,21.141,18.256,0,0.235,0.256,255,255
1273,390,0.142,21.167,18.387,0,21.141,18.256,0,0.134,0.142,255,255
1274,390,0.138,21.246,18.177,0,21.141,18.256,0,0.131,0.138,255,255
1275,391,1.944,22.059,2.177,0,23.633,2.675,0,1.651,1.807,255,255
1276,391,1.016,23.869,2.702,0,24.787,2.728,0,0.918,0.892,255,255
1277,391,0.865,23.869,2.702,0,24.131,3.436,0,0.780,0.805,255,255
1278,391,0.830,21.272,2.072,0,22.059,2.177,0,0.794,0.694,255,255
1279,391,0.749,21.561,2.597,0,22.059,2.177,0,0.652,0.686,255,255
1280,391,0.548,24.866,3.856,0,24.420,3.646,0,0.493,0.521,255,255
1281,391,0.537,23.475,3.148,0,23.633,2.675,0,0.498,0.496,255,255
1282,391,0.422,24.131,3.436,0,24.420,3.646,0,0.357,0.309,255,255
1283,391,0.280,21.036,2.177,0,21.272,2.072,0,0.258,0.265,255,255
1284,391,0.247,23.633,2.675,0,23.869,2.702,0,0.238,0.161,255,255
1285,391,0.179,21.325,2.230,0,21.272,2.072,0,0.166,0.174,255,255
1286,391,0.127,24.839,2.623,0,24.787,2.728,0,0.117,0.131,255,255
1287,391,0.090,24.866,2.754,0,24.787,2.728,0,0.083,0.082,255,255
1288,391,0.063,24.079,3.410,0,24.131,3.436,0,0.059,0.056,255,255
1289,391,0.052,24.420,3.698,0,24.420,3.646,0,0.052,0.052,255,255
1290,392,2.082,21.508,12.800,0,23.161,12.144,0,1.778,1.846,255,255
1291,392,0.792,21.193,12.197,0,21.508,12.800,0,0.680,0.696,255,255
1292,392,0.638,23.003,12.826,0,23.161,12.275,0,0.573,0.596,255,255
1293,392,0.612,21.744,13.298,0,21.508,12.800,0,0.551,0.568,255,255
1294,392,0.539,23.607,11.987,0,23.895,11.567,0,0.509,0.472,255,255
1295,392,0.511,23.161,12.144,0,23.607,11.987,0,0.473,0.390,255,255
1296,392,0.476,23.475,12.590,0,23.161,12.275,0,0.445,0.448,255,255
1297,392,0.378,21.141,12.774,0,21.508,12.800,0,0.368,0.370,255,255
1298,392,0.336,21.587,11.934,0,21.272,11.987,0,0.319,0.324,255,255
1299,392,0.273,21.298,11.725,0,21.272,11.987,0,0.264,0.273,255,255
1300,392,0.242,23.816,12.013,0,23.607,11.987,0,0.211,0.229,255,255
1301,392,0.242,21.193,12.197,0,21.272,11.987,0,0.224,0.160,255,255
1302,392,0.212,21.036,12.328,0,21.193,12.197,0,0.205,0.219,255,255
1303,392,0.205,24.079,11.567,0,23.895,11.567,0,0.184,0.195,255,255
1304,392,0.153,23.161,12.144,0,23.161,12.275,0,0.131,0.090,255,255
1305,392,0.052,23.895,11.515,0,23.895,11.567,0,0.052,0.052,255,255
1306,393,0.090,21.089,21.246,0,21.167,21.220,0,0.083,0.083,255,255
1307,394,0.190,21.115,17.836,0,21.272,17.915,0,0.176,0.194,255,255
1308,395,0.485,21.220,25.889,0,21.639,25.836,0,0.423,0.448,255,255
1309,396,0.232,21.272,18.492,0,21.482,18.439,0,0.216,0.219,255,255
1310,398,0.052,21.351,8.656,0,21.351,8.708,0,0.052,0.052,255,255
1311,399,0.026,21.456,19.934,0,21.456,19.961,0,0.026,0.026,255,255
1312,400,0.026,21.534,23.056,0,21.534,23.082,0,0.026,0.026,255,255
1313,401,0.981,21.561,9.731,0,22.400,10.020,0,0.888,0.923,255,255
1314,402,0.100,21.613,20.931,0,21.692,20.879,0,0.095,0.106,255,255
1315,403,0.321,21.823,19.069,0,21.744,18.780,0,0.299,0.310,255,255
1316,403,0.238,21.928,18.649,0,21.744,18.780,0,0.226,0.238,255,255
1317,403,0.164,21.639,18.675,0,21.744,18.780,0,0.148,0.160,255,255
1318,404,0.366,22.085,17.311,0,22.111,17.652,0,0.342,0.355,255,255
1319,404,0.349,22.348,17.889,0,22.111,17.652,0,0.334,0.326,255,255
1320,404,0.343,21.823,17.784,0,22.111,17.652,0,0.317,0.294,255,255
1321,404,0.221,22.269,17.521,0,22.111,17.652,0,0.205,0.218,255,255
1322,404,0.142,21.797,17.915,0,21.823,17.784,0,0.134,0.132,255,255
1323,404,0.100,21.744,17.731,0,21.823,17.784,0,0.095,0.087,255,255
1324,405,1.171,21.797,14.846,0,22.767,15.239,0,1.047,1.107,255,255
1325,406,0.216,21.797,20.380,0,21.902,20.538,0,0.189,0.200,255,255
1326,407,0.972,23.397,24.105,0,22.951,24.892,0,0.904,0.914,255,255
1327,407,0.616,21.823,24.918,0,22.374,24.761,0,0.573,0.581,255,255
1328,407,0.605,22.374,24.236,0,22.426,24.761,0,0.527,0.573,255,255
1329,407,0.601,22.426,24.761,0,22.951,24.892,0,0.541,0.521,255,255
1330,407,0.517,22.951,24.892,0,23.370,25.128,0,0.482,0.435,255,255
1331,407,0.454,22.007,24.551,0,22.374,24.761,0,0.423,0.379,255,255
1332,407,0.369,23.685,24.997,0,23.370,25.128,0,0.341,0.338,255,255
1333,407,0.190,23.449,25.285,0,23.370,25.128,0,0.176,0.178,255,255
1334,407,0.052,22.374,24.761,0,22.426,24.761,0,0.052,0.026,255,255
1335,408,0.142,21.875,19.384,0,22.007,19.410,0,0.134,0.132,255,255
1336,409,1.078,23.030,18.728,0,22.925,19.593,0,0.872,1.019,255,255
1337,409,0.803,22.164,20.013,0,22.767,19.567,0,0.750,0.721,255,255
1338,409,0.763,22.846,20.302,0,22.925,19.593,0,0.713,0.748,255,255
1339,409,0.579,22.531,18.807,0,22.452,19.331,0,0.530,0.552,255,255
1340,409,0.483,23.397,19.567,0,22.925,19.593,0,0.473,0.478,255,255
1341,409,0.413,22.452,19.331,0,22.767,19.567,0,0.393,0.334,255,255
1342,409,0.168,22.767,19.567,0,22.925,19.593,0,0.160,0.105,255,255
1343,409,0.063,22.138,20.066,0,22.164,20.013,0,0.059,0.063,255,255
1344,409,0.037,22.138,19.987,0,22.164,20.013,0,0.037,0.037,255,255
1345,409,0.026,22.426,19.331,0,22.452,19.331,0,0.026,0.026,255,255
1346,410,1.199,23.161,22.216,0,24.131,22.767,0,1.116,1.042,255,255
1347,410,1.131,23.134,23.266,0,24.026,23.266,0,0.892,0.993,255,255
1348,410,1.110,22.164,22.295,0,23.161,22.216,0,1.000,1.052,255,255
1349,410,0.686,23.108,21.639,0,23.161,22.216,0,0.579,0.643,255,255
1350,410,0.650,24.603,23.292,0,24.105,22.925,0,0.619,0.620,255,255
1351,410,0.640,24.446,23.685,0,24.026,23.266,0,0.594,0.604,255,255
1352,410,0.395,24.734,22.531,0,24.393,22.610,0,0.350,0.383,255,255
1353,410,0.374,22.793,23.187,0,23.134,23.266,0,0.350,0.382,255,255
1354,410,0.374,24.026,23.266,0,24.105,22.925,0,0.350,0.294,255,255
1355,410,0.343,24.525,22.321,0,24.393,22.610,0,0.317,0.336,255,255
1356,410,0.327,24.131,22.767,0,24.393,22.610,0,0.306,0.270,255,255
1357,410,0.253,23.239,23.056,0,23.134,23.266,0,0.235,0.243,255,255
1358,410,0.168,24.105,22.925,0,24.131,22.767,0,0.160,0.105,255,255
1359,411,1.970,22.243,21.167,0,22.951,20.984,0,0.732,1.845,255,255
1360,411,0.216,23.056,20.826,0,22.951,20.984,0,0.189,0.191,255,255
1361,411,0.175,22.846,20.852,0,22.951,20.984,0,0.168,0.153,255,255
1362,411,0.175,23.056,21.115,0,22.951,20.984,0,0.168,0.168,255,255
1363,412,0.469,22.321,5.193,0,22.557,4.852,0,0.415,0.427,255,255
1364,413,0.869,23.685,14.557,0,22.977,14.295,0,0.755,0.821,255,255
1365,413,0.723,22.400,14.610,0,22.977,14.295,0,0.657,0.684,255,255
1366,413,0.533,23.030,13.849,0,22.977,14.295,0,0.449,0.487,255,255
1367,413,0.221,22.374,14.820,0,22.400,14.610,0,0.211,0.184,255,255
1368,413,0.037,22.374,14.584,0,22.400,14.610,0,0.037,0.037,255,255
1369,414,0.026,22.426,13.639,0,22.452,13.639,0,0.026,0.026,255,255
1370,415,0.974,22.610,11.095,0,23.475,11.305,0,0.891,0.917,255,255
1371,416,0.500,22.610,18.046,0,23.056,18.177,0,0.465,0.496,255,255
1372,416,0.280,23.003,17.941,0,23.056,18.177,0,0.242,0.259,255,255
1373,416,0.273,23.318,18.151,0,23.056,18.177,0,0.264,0.269,255,255
1374,418,0.922,22.689,23.134,0,22.689,23.790,0,0.656,0.858,255,255
1375,418,0.363,23.030,23.738,0,22.689,23.790,0,0.345,0.354,255,255
1376,418,0.127,22.741,23.895,0,22.689,23.790,0,0.117,0.120,255,255
1377,419,0.511,23.187,8.236,0,23.003,7.816,0,0.458,0.496,255,255
1378,419,0.406,23.187,7.685,0,23.554,7.633,0,0.371,0.304,255,255
1379,419,0.343,22.715,7.948,0,23.003,7.816,0,0.317,0.322,255,255
1380,419,0.307,23.370,7.921,0,23.187,7.685,0,0.299,0.286,255,255
1381,419,0.253,23.003,7.816,0,23.187,7.685,0,0.226,0.162,255,255
1382,419,0.201,23.711,7.738,0,23.554,7.633,0,0.189,0.195,255,255
1383,419,0.168,23.161,7.528,0,23.187,7.685,0,0.160,0.164,255,255
1384,419,0.138,23.633,7.528,0,23.554,7.633,0,0.131,0.124,255,255
1385,420,0.111,22.715,9.574,0,22.793,9.495,0,0.111,0.111,255,255
1386,421,1.739,22.872,4.616,0,23.633,5.797,0,1.404,1.641,255,255
1387,422,1.343,24.944,10.623,0,25.469,9.679,0,1.080,1.174,255,255
1388,422,1.260,23.685,9.180,0,24.734,8.708,0,1.151,1.096,255,255
1389,422,1.013,25.049,8.839,0,25.469,9.679,0,0.938,0.869,255,255
1390,422,0.791,23.082,8.839,0,23.685,9.180,0,0.693,0.684,255,255
1391,422,0.489,24.839,8.262,0,24.734,8.708,0,0.458,0.475,255,255
1392,422,0.483,25.049,8.839,0,25.521,8.813,0,0.473,0.393,255,255
1393,422,0.369,24.734,8.708,0,25.049,8.839,0,0.341,0.275,255,255
1394,422,0.321,24.970,10.308,0,24.866,10.570,0,0.283,0.283,255,255
1395,422,0.317,23.764,9.443,0,23.685,9.180,0,0.274,0.301,255,255
1396,422,0.317,25.889,9.495,0,25.626,9.574,0,0.274,0.293,255,255
1397,422,0.299,25.652,9.285,0,25.626,9.574,0,0.290,0.295,255,255
1398,422,0.286,25.705,8.603,0,25.521,8.813,0,0.279,0.235,255,255
1399,422,0.242,22.872,8.761,0,23.082,8.839,0,0.224,0.228,255,255
1400,422,0.216,25.469,9.679,0,25.626,9.574,0,0.189,0.165,255,255
1401,422,0.212,25.679,8.944,0,25.521,8.813,0,0.205,0.191,255,255
1402,422,0.179,23.134,8.682,0,23.082,8.839,0,0.166,0.185,255,255
1403,422,0.116,24.970,10.728,0,24.944,10.623,0,0.108,0.116,255,255
1404,422,0.100,24.866,10.570,0,24.944,10.623,0,0.095,0.056,255,255
1405,422,0.063,24.813,10.597,0,24.866,10.570,0,0.059,0.056,255,255
1406,423,0.100,22.898,17.207,0,22.951,17.285,0,0.095,0.106,255,255
1407,424,0.026,23.056,0.157,0,23.056,0.184,0,0.026,0.026,255,255
1408,425,0.422,23.082,17.128,0,23.161,16.761,0,0.376,0.404,255,255
1409,426,0.079,23.239,20.459,0,23.239,20.538,0,0.079,0.079,255,255
1410,427,0.037,23.266,1.128,0,23.292,1.154,0,0.037,0.037,255,255
1411,428,0.238,23.344,6.452,0,23.528,6.584,0,0.226,0.210,255,255
1412,429,0.327,23.397,3.934,0,23.502,3.672,0,0.283,0.298,255,255
1413,430,0.686,23.528,20.852,0,24.052,20.590,0,0.587,0.663,255,255
1414,431,0.732,23.607,15.869,0,23.711,15.239,0,0.638,0.670,255,255
1415,432,0.522,23.659,6.793,0,23.948,6.505,0,0.408,0.480,255,255
1416,433,0.153,23.685,13.587,0,23.816,13.639,0,0.141,0.138,255,255
1417,434,0.338,23.790,13.246,0,24.000,13.430,0,0.279,0.317,255,255
1418,435,0.127,23.843,24.367,0,23.921,24.446,0,0.111,0.126,255,255
1419,436,1.383,24.289,18.230,0,24.446,16.970,0,1.269,1.264,255,255
1420,436,0.817,25.443,17.128,0,24.734,16.866,0,0.755,0.763,255,255
1421,436,0.463,24.341,16.551,0,24.446,16.970,0,0.433,0.434,255,255
1422,436,0.437,23.895,18.125,0,24.289,18.230,0,0.407,0.408,255,255
1423,436,0.391,24.157,18.544,0,24.289,18.230,0,0.341,0.374,255,255
1424,436,0.354,24.446,16.970,0,24.734,16.866,0,0.307,0.271,255,255
1425,436,0.312,24.918,16.630,0,24.734,16.866,0,0.299,0.285,255,255
1426,437,0.290,23.921,6.348,0,24.131,6.190,0,0.262,0.268,255,255
1427,437,0.153,24.079,6.059,0,24.131,6.190,0,0.141,0.141,255,255
1428,437,0.153,24.262,6.243,0,24.131,6.190,0,0.141,0.147,255,255
1429,438,0.037,23.921,21.508,0,23.948,21.534,0,0.037,0.037,255,255
1430,439,0.105,23.948,14.636,0,24.052,14.636,0,0.105,0.105,255,255
1431,440,0.079,24.079,24.787,0,24.157,24.787,0,0.079,0.079,255,255
1432,441,0.238,24.131,10.859,0,24.315,10.728,0,0.226,0.228,255,255
1433,442,0.347,24.184,5.351,0,24.498,5.325,0,0.316,0.320,255,255
1434,443,1.339,24.393,4.800,0,25.364,5.167,0,1.038,1.252,255,255
1435,443,1.181,25.600,7.134,0,26.046,6.138,0,1.092,1.065,255,255
1436,443,0.920,24.734,7.108,0,25.600,7.134,0,0.866,0.822,255,255
1437,443,0.800,25.889,5.403,0,26.046,6.138,0,0.751,0.699,255,255
1438,443,0.751,24.184,6.662,0,24.734,7.108,0,0.709,0.714,255,255
1439,443,0.640,24.262,7.475,0,24.734,7.108,0,0.598,0.601,255,255
1440,443,0.612,26.439,8.079,0,26.230,7.554,0,0.565,0.578,255,255
1441,443,0.587,26.518,7.003,0,26.072,7.344,0,0.561,0.560,255,255
1442,443,0.573,26.597,6.190,0,26.046,6.138,0,0.553,0.560,255,255
1443,443,0.559,25.600,7.134,0,26.072,7.344,0,0.517,0.441,255,255
1444,443,0.522,25.023,5.141,0,25.364,5.167,0,0.342,0.470,255,255
1445,443,0.489,26.675,7.449,0,26.230,7.554,0,0.458,0.467,255,255
1446,443,0.468,25.443,5.351,0,25.889,5.403,0,0.449,0.377,255,255
1447,443,0.334,25.207,5.587,0,25.443,5.351,0,0.334,0.334,255,255
1448,443,0.275,26.072,7.344,0,26.230,7.554,0,0.262,0.177,255,255
1449,443,0.238,25.364,5.167,0,25.443,5.351,0,0.200,0.160,255,255
1450,443,0.184,26.072,5.403,0,25.889,5.403,0,0.184,0.184,255,255
1451,444,0.336,24.210,14.085,0,24.525,14.138,0,0.319,0.236,255,255
1452,444,0.321,24.813,14.059,0,24.525,14.138,0,0.299,0.278,255,255
1453,444,0.142,24.236,13.954,0,24.210,14.085,0,0.134,0.148,255,255
1454,444,0.063,24.184,14.138,0,24.210,14.085,0,0.059,0.063,255,255
1455,444,0.063,24.498,14.190,0,24.525,14.138,0,0.059,0.056,255,255
1456,445,0.474,24.236,9.967,0,24.315,10.387,0,0.427,0.437,255,255
1457,446,0.164,24.236,19.095,0,24.315,19.226,0,0.153,0.158,255,255
1458,447,0.480,24.262,13.167,0,24.603,12.905,0,0.430,0.459,255,255
1459,447,0.441,24.551,12.485,0,24.603,12.905,0,0.423,0.429,255,255
1460,447,0.317,24.734,13.167,0,24.603,12.905,0,0.293,0.289,255,255
1461,448,0.153,24.289,24.131,0,24.420,24.184,0,0.141,0.134,255,255
1462,449,0.100,24.315,19.541,0,24.367,19.620,0,0.095,0.106,255,255
1463,450,0.212,24.630,11.436,0,24.498,11.279,0,0.205,0.201,255,255
1464,450,0.194,24.341,11.331,0,24.498,11.279,0,0.166,0.184,255,255
1465,450,0.175,24.367,11.174,0,24.498,11.279,0,0.168,0.153,255,255
1466,451,0.063,24.367,4.905,0,24.393,4.957,0,0.059,0.056,255,255
1467,452,0.026,24.446,20.380,0,24.472,20.380,0,0.026,0.026,255,255
1468,453,0.638,25.023,19.331,0,24.761,19.830,0,0.563,0.591,255,255
1469,453,0.413,24.472,20.092,0,24.761,19.830,0,0.390,0.393,255,255
1470,453,0.275,24.944,20.013,0,24.761,19.830,0,0.260,0.254,255,255
1471,454,0.116,24.577,9.574,0,24.682,9.548,0,0.108,0.107,255,255
1472,455,0.127,24.708,15.266,0,24.708,15.370,0,0.105,0.109,255,255
1473,456,0.026,24.918,18.780,0,24.944,18.780,0,0.026,0.026,255,255
1474,457,1.002,24.997,12.170,0,25.836,12.092,0,0.843,0.924,255,255
1475,457,0.845,25.915,13.377,0,26.098,12.748,0,0.656,0.792,255,255
1476,457,0.823,25.836,12.092,0,26.098,12.748,0,0.706,0.729,255,255
1477,457,0.264,26.046,11.961,0,25.836,12.092,0,0.247,0.202,255,255
1478,457,0.201,26.256,12.852,0,26.098,12.748,0,0.189,0.143,255,255
1479,458,0.681,25.023,13.666,0,25.548,13.902,0,0.575,0.632,255,255
1480,459,0.716,25.731,15.764,0,25.993,16.341,0,0.634,0.648,255,255
1481,459,0.574,25.049,15.974,0,25.364,15.607,0,0.484,0.543,255,255
1482,459,0.432,25.364,15.607,0,25.731,15.764,0,0.400,0.298,255,255
1483,459,0.371,25.993,15.502,0,25.731,15.764,0,0.371,0.371,255,255
1484,459,0.354,26.203,16.105,0,25.993,16.341,0,0.316,0.323,255,255
1485,459,0.179,25.311,15.449,0,25.364,15.607,0,0.166,0.167,255,255
1486,459,0.153,26.046,16.472,0,25.993,16.341,0,0.141,0.147,255,255
1487,460,0.391,25.128,18.938,0,25.443,19.069,0,0.341,0.360,255,255
1488,461,0.854,25.207,14.505,0,25.941,14.216,0,0.789,0.800,255,255
1489,462,0.100,25.390,8.236,0,25.443,8.315,0,0.095,0.106,255,255
1490,463,0.354,26.098,11.305,0,25.941,11.016,0,0.329,0.332,255,255
1491,463,0.349,25.679,10.807,0,25.941,11.016,0,0.336,0.283,255,255
1492,463,0.295,25.416,10.728,0,25.679,10.807,0,0.274,0.271,255,255
1493,463,0.269,25.757,10.570,0,25.679,10.807,0,0.249,0.264,255,255
1494,463,0.269,26.177,10.938,0,25.941,11.016,0,0.249,0.246,255,255
1495,464,0.190,25.416,19.620,0,25.548,19.725,0,0.168,0.170,255,255
1496,465,0.406,25.810,4.748,0,25.652,4.407,0,0.376,0.376,255,255
1497,465,0.284,25.915,4.459,0,25.652,4.407,0,0.267,0.270,255,255
1498,465,0.111,25.574,4.328,0,25.652,4.407,0,0.111,0.037,255,255
1499,465,0.090,25.521,4.380,0,25.574,4.328,0,0.074,0.082,255,255
1500,465,0.026,25.574,4.302,0,25.574,4.328,0,0.026,0.026,255,255
1501,466,0.037,25.600,3.646,0,25.626,3.672,0,0.037,0.037,255,255
1502,467,0.517,25.626,17.469,0,25.967,17.154,0,0.464,0.501,255,255
1503,469,0.153,25.915,19.252,0,26.020,19.331,0,0.131,0.141,255,255
1504,471,0.026,26.072,3.646,0,26.098,3.646,0,0.026,0.026,255,255
1505,472,0.090,26.098,4.249,0,26.177,4.223,0,0.083,0.094,255,255
1506,472,0.074,26.230,4.170,0,26.177,4.223,0,0.074,0.074,255,255
1507,472,0.026,26.177,4.223,0,26.177,4.223,0,0.000,0.000,0,0
1508,473,0.138,26.125,8.603,0,26.230,8.682,0,0.131,0.131,255,255
1509,473,0.127,26.282,8.787,0,26.230,8.682,0,0.117,0.120,255,255
1510,473,0.090,26.308,8.656,0,26.230,8.682,0,0.083,0.090,255,255
1511,474,0.400,26.125,14.190,0,26.492,14.111,0,0.376,0.394,255,255
1512,474,0.074,26.518,14.085,0,26.492,14.111,0,0.037,0.000,0,0
1513,474,0.063,26.544,14.138,0,26.492,14.111,0,0.059,0.026,255,255
1514,475,0.100,26.492,9.416,0,26.544,9.495,0,0.095,0.098,255,255
